Workbook

Sheet cover
B6: JRC-IDEES-2021 - Integrated Database of the European Energy System
C10: Italy
C15: Residential sector
L28: Prepared by JRC C.6
L30: 45432.786
L31: v2021-1.00
B33: Legal Notice
B35: The information made available is property of the Joint Research Centre of the European Commission.
B36: Neither the European Commission nor any person acting on behalf of the Commission is responsible for the use which might be made of this information.
B38: Use conditions
B39: This work is licensed under
B40: CC BY 4.0

Sheet index
A1: IT | B1: Italy
B3: Click on the link to jump to the sheet
B4: =HYPERLINK("#"&CELL("address",RES_summary!$B$2),MID(CELL("filename",RES_summary!$B$2),FIND("]",CELL("filename",RES_summary!$B$2))+1,256)) -> RES_summary | D4: Residential sector summary
B6: Thermal uses
B7: =HYPERLINK("#"&CELL("address",RES_hh_num!$B$2),MID(CELL("filename",RES_hh_num!$B$2),FIND("]",CELL("filename",RES_hh_num!$B$2))+1,256)) -> RES_hh_num | D7: Number of households
B8: =HYPERLINK("#"&CELL("address",RES_hh_fec!$B$2),MID(CELL("filename",RES_hh_fec!$B$2),FIND("]",CELL("filename",RES_hh_fec!$B$2))+1,256)) -> RES_hh_fec | D8: Final energy consumption
B9: =HYPERLINK("#"&CELL("address",RES_hh_tes!$B$2),MID(CELL("filename",RES_hh_tes!$B$2),FIND("]",CELL("filename",RES_hh_tes!$B$2))+1,256)) -> RES_hh_tes | D9: Thermal energy service
B10: =HYPERLINK("#"&CELL("address",RES_hh_eff!$B$2),MID(CELL("filename",RES_hh_eff!$B$2),FIND("]",CELL("filename",RES_hh_eff!$B$2))+1,256)) -> RES_hh_eff | D10: System efficiency indicator of total stock
B11: =HYPERLINK("#"&CELL("address",RES_hh_emi!$B$2),MID(CELL("filename",RES_hh_emi!$B$2),FIND("]",CELL("filename",RES_hh_emi!$B$2))+1,256)) -> RES_hh_emi | D11: CO2 emissions
B12: =HYPERLINK("#"&CELL("address",RES_hh_fech!$B$2),MID(CELL("filename",RES_hh_fech!$B$2),FIND("]",CELL("filename",RES_hh_fech!$B$2))+1,256)) -> RES_hh_fech | D12: Final energy consumption per household
B13: =HYPERLINK("#"&CELL("address",RES_hh_tesh!$B$2),MID(CELL("filename",RES_hh_tesh!$B$2),FIND("]",CELL("filename",RES_hh_tesh!$B$2))+1,256)) -> RES_hh_tesh | D13: Thermal energy service per household
B14: =HYPERLINK("#"&CELL("address",RES_hh_emih!$B$2),MID(CELL("filename",RES_hh_emih!$B$2),FIND("]",CELL("filename",RES_hh_emih!$B$2))+1,256)) -> RES_hh_emih | D14: CO2 emissions per household
B15: =HYPERLINK("#"&CELL("address",RES_hh_fecs!$B$2),MID(CELL("filename",RES_hh_fecs!$B$2),FIND("]",CELL("filename",RES_hh_fecs!$B$2))+1,256)) -> RES_hh_fecs | D15: Final energy consumption per surface area
B16: =HYPERLINK("#"&CELL("address",RES_hh_tess!$B$2),MID(CELL("filename",RES_hh_tess!$B$2),FIND("]",CELL("filename",RES_hh_tess!$B$2))+1,256)) -> RES_hh_tess | D16: Thermal energy service per surface area
B17: =HYPERLINK("#"&CELL("address",RES_hh_emis!$B$2),MID(CELL("filename",RES_hh_emis!$B$2),FIND("]",CELL("filename",RES_hh_emis!$B$2))+1,256)) -> RES_hh_emis | D17: CO2 emissions per surface area
B19: Thermal uses in new and renovated households
B20: =HYPERLINK("#"&CELL("address",RES_hh_num_in!$B$2),MID(CELL("filename",RES_hh_num_in!$B$2),FIND("]",CELL("filename",RES_hh_num_in!$B$2))+1,256)) -> RES_hh_num_in | D20: Number of new and renovated households
B21: =HYPERLINK("#"&CELL("address",RES_hh_fec_in!$B$2),MID(CELL("filename",RES_hh_fec_in!$B$2),FIND("]",CELL("filename",RES_hh_fec_in!$B$2))+1,256)) -> RES_hh_fec_in | D21: Final energy consumption
B22: =HYPERLINK("#"&CELL("address",RES_hh_tes_in!$B$2),MID(CELL("filename",RES_hh_tes_in!$B$2),FIND("]",CELL("filename",RES_hh_tes_in!$B$2))+1,256)) -> RES_hh_tes_in | D22: Thermal energy service
B23: =HYPERLINK("#"&CELL("address",RES_hh_eff_in!$B$2),MID(CELL("filename",RES_hh_eff_in!$B$2),FIND("]",CELL("filename",RES_hh_eff_in!$B$2))+1,256)) -> RES_hh_eff_in | D23: System efficiency indicator of total stock
B24: =HYPERLINK("#"&CELL("address",RES_hh_emi_in!$B$2),MID(CELL("filename",RES_hh_emi_in!$B$2),FIND("]",CELL("filename",RES_hh_emi_in!$B$2))+1,256)) -> RES_hh_emi_in | D24: CO2 emissions
B25: =HYPERLINK("#"&CELL("address",RES_hh_fech_in!$B$2),MID(CELL("filename",RES_hh_fech_in!$B$2),FIND("]",CELL("filename",RES_hh_fech_in!$B$2))+1,256)) -> RES_hh_fech_in | D25: Final energy consumption per household
B26: =HYPERLINK("#"&CELL("address",RES_hh_tesh_in!$B$2),MID(CELL("filename",RES_hh_tesh_in!$B$2),FIND("]",CELL("filename",RES_hh_tesh_in!$B$2))+1,256)) -> RES_hh_tesh_in | D26: Thermal energy service per household
B27: =HYPERLINK("#"&CELL("address",RES_hh_emih_in!$B$2),MID(CELL("filename",RES_hh_emih_in!$B$2),FIND("]",CELL("filename",RES_hh_emih_in!$B$2))+1,256)) -> RES_hh_emih_in | D27: CO2 emissions per household
B28: =HYPERLINK("#"&CELL("address",RES_hh_fecs_in!$B$2),MID(CELL("filename",RES_hh_fecs_in!$B$2),FIND("]",CELL("filename",RES_hh_fecs_in!$B$2))+1,256)) -> RES_hh_fecs_in | D28: Final energy consumption per surface area
B29: =HYPERLINK("#"&CELL("address",RES_hh_tess_in!$B$2),MID(CELL("filename",RES_hh_tess_in!$B$2),FIND("]",CELL("filename",RES_hh_tess_in!$B$2))+1,256)) -> RES_hh_tess_in | D29: Thermal energy service per surface area
B30: =HYPERLINK("#"&CELL("address",RES_hh_emis_in!$B$2),MID(CELL("filename",RES_hh_emis_in!$B$2),FIND("]",CELL("filename",RES_hh_emis_in!$B$2))+1,256)) -> RES_hh_emis_in | D30: CO2 emissions per surface area
B32: Specific electric uses
B33: =HYPERLINK("#"&CELL("address",'RES_se-appl'!$B$2),MID(CELL("filename",'RES_se-appl'!$B$2),FIND("]",CELL("filename",'RES_se-appl'!$B$2))+1,256)) -> RES_se-appl | D33: Residential / specific electric uses
B34: =HYPERLINK("#"&CELL("address",RES_RF!$B$2),MID(CELL("filename",RES_RF!$B$2),FIND("]",CELL("filename",RES_RF!$B$2))+1,256)) -> RES_RF | D34: Refrigerators and freezers
B35: =HYPERLINK("#"&CELL("address",RES_WM!$B$2),MID(CELL("filename",RES_WM!$B$2),FIND("]",CELL("filename",RES_WM!$B$2))+1,256)) -> RES_WM | D35: Washing machines
B36: =HYPERLINK("#"&CELL("address",RES_DR!$B$2),MID(CELL("filename",RES_DR!$B$2),FIND("]",CELL("filename",RES_DR!$B$2))+1,256)) -> RES_DR | D36: Clothes dryers
B37: =HYPERLINK("#"&CELL("address",RES_DW!$B$2),MID(CELL("filename",RES_DW!$B$2),FIND("]",CELL("filename",RES_DW!$B$2))+1,256)) -> RES_DW | D37: Dishwashers
B38: =HYPERLINK("#"&CELL("address",RES_TV!$B$2),MID(CELL("filename",RES_TV!$B$2),FIND("]",CELL("filename",RES_TV!$B$2))+1,256)) -> RES_TV | D38: TV and multimedia
B39: =HYPERLINK("#"&CELL("address",RES_IT!$B$2),MID(CELL("filename",RES_IT!$B$2),FIND("]",CELL("filename",RES_IT!$B$2))+1,256)) -> RES_IT | D39: ICT equipment
B40: =HYPERLINK("#"&CELL("address",RES_LI!$B$2),MID(CELL("filename",RES_LI!$B$2),FIND("]",CELL("filename",RES_LI!$B$2))+1,256)) -> RES_LI | D40: Lighting
B41: =HYPERLINK("#"&CELL("address",RES_OA!$B$2),MID(CELL("filename",RES_OA!$B$2),FIND("]",CELL("filename",RES_OA!$B$2))+1,256)) -> RES_OA | D41: Other appliances (vacuum cleaners, irons etc.)
B43: Number of households - detailed structure
B44: =HYPERLINK("#"&CELL("address",RES_hhdet_num!$B$2),MID(CELL("filename",RES_hhdet_num!$B$2),FIND("]",CELL("filename",RES_hhdet_num!$B$2))+1,256)) -> RES_hhdet_num | D44: Number of households
B45: =HYPERLINK("#"&CELL("address",RES_hhdet_out!$B$2),MID(CELL("filename",RES_hhdet_out!$B$2),FIND("]",CELL("filename",RES_hhdet_out!$B$2))+1,256)) -> RES_hhdet_out | D45: Retired equipment
B46: =HYPERLINK("#"&CELL("address",RES_hhdet_in!$B$2),MID(CELL("filename",RES_hhdet_in!$B$2),FIND("]",CELL("filename",RES_hhdet_in!$B$2))+1,256)) -> RES_hhdet_in | D46: New equipment installations
B47: =HYPERLINK("#"&CELL("address",RES_hhdet_in_new!$B$2),MID(CELL("filename",RES_hhdet_in_new!$B$2),FIND("]",CELL("filename",RES_hhdet_in_new!$B$2))+1,256)) -> RES_hhdet_in_new | D47: New equipment installations in new and renovated households
B48: =HYPERLINK("#"&CELL("address",RES_hhdet_in_repl!$B$2),MID(CELL("filename",RES_hhdet_in_repl!$B$2),FIND("]",CELL("filename",RES_hhdet_in_repl!$B$2))+1,256)) -> RES_hhdet_in_repl | D48: New equipment installations via replacement
B49: =HYPERLINK("#"&CELL("address",RES_hhdet_numvin!$B$2),MID(CELL("filename",RES_hhdet_numvin!$B$2),FIND("]",CELL("filename",RES_hhdet_numvin!$B$2))+1,256)) -> RES_hhdet_numvin | D49: Equipment installations in 2015 - vintage structure
B51: Thermal uses - detailed structure
B52: =HYPERLINK("#"&CELL("address",RES_hhdet_fec!$B$2),MID(CELL("filename",RES_hhdet_fec!$B$2),FIND("]",CELL("filename",RES_hhdet_fec!$B$2))+1,256)) -> RES_hhdet_fec | D52: Final energy consumption
B53: =HYPERLINK("#"&CELL("address",RES_hhdet_tes!$B$2),MID(CELL("filename",RES_hhdet_tes!$B$2),FIND("]",CELL("filename",RES_hhdet_tes!$B$2))+1,256)) -> RES_hhdet_tes | D53: Thermal energy service
B54: =HYPERLINK("#"&CELL("address",RES_hhdet_eff!$B$2),MID(CELL("filename",RES_hhdet_eff!$B$2),FIND("]",CELL("filename",RES_hhdet_eff!$B$2))+1,256)) -> RES_hhdet_eff | D54: System efficiency indicator
B55: =HYPERLINK("#"&CELL("address",RES_hhdet_emi!$B$2),MID(CELL("filename",RES_hhdet_emi!$B$2),FIND("]",CELL("filename",RES_hhdet_emi!$B$2))+1,256)) -> RES_hhdet_emi | D55: CO2 emissions
B56: =HYPERLINK("#"&CELL("address",RES_hhdet_fech!$B$2),MID(CELL("filename",RES_hhdet_fech!$B$2),FIND("]",CELL("filename",RES_hhdet_fech!$B$2))+1,256)) -> RES_hhdet_fech | D56: Final energy consumption per household
B57: =HYPERLINK("#"&CELL("address",RES_hhdet_tesh!$B$2),MID(CELL("filename",RES_hhdet_tesh!$B$2),FIND("]",CELL("filename",RES_hhdet_tesh!$B$2))+1,256)) -> RES_hhdet_tesh | D57: Thermal energy service per household
B58: =HYPERLINK("#"&CELL("address",RES_hhdet_emih!$B$2),MID(CELL("filename",RES_hhdet_emih!$B$2),FIND("]",CELL("filename",RES_hhdet_emih!$B$2))+1,256)) -> RES_hhdet_emih | D58: CO2 emissions per household
B59: =HYPERLINK("#"&CELL("address",RES_hhdet_fecs!$B$2),MID(CELL("filename",RES_hhdet_fecs!$B$2),FIND("]",CELL("filename",RES_hhdet_fecs!$B$2))+1,256)) -> RES_hhdet_fecs | D59: Final energy consumption per surface area
B60: =HYPERLINK("#"&CELL("address",RES_hhdet_tess!$B$2),MID(CELL("filename",RES_hhdet_tess!$B$2),FIND("]",CELL("filename",RES_hhdet_tess!$B$2))+1,256)) -> RES_hhdet_tess | D60: Thermal energy service per surface area
B61: =HYPERLINK("#"&CELL("address",RES_hhdet_emis!$B$2),MID(CELL("filename",RES_hhdet_emis!$B$2),FIND("]",CELL("filename",RES_hhdet_emis!$B$2))+1,256)) -> RES_hhdet_emis | D61: CO2 emissions per surface area
B63: Thermal uses in new and renovated households - detailed structure
B64: =HYPERLINK("#"&CELL("address",RES_hhdet_in_fec!$B$2),MID(CELL("filename",RES_hhdet_in_fec!$B$2),FIND("]",CELL("filename",RES_hhdet_in_fec!$B$2))+1,256)) -> RES_hhdet_in_fec | D64: Final energy consumption
B65: =HYPERLINK("#"&CELL("address",RES_hhdet_in_tes!$B$2),MID(CELL("filename",RES_hhdet_in_tes!$B$2),FIND("]",CELL("filename",RES_hhdet_in_tes!$B$2))+1,256)) -> RES_hhdet_in_tes | D65: Thermal energy service
B66: =HYPERLINK("#"&CELL("address",RES_hhdet_in_eff!$B$2),MID(CELL("filename",RES_hhdet_in_eff!$B$2),FIND("]",CELL("filename",RES_hhdet_in_eff!$B$2))+1,256)) -> RES_hhdet_in_eff | D66: System efficiency indicator
B67: =HYPERLINK("#"&CELL("address",RES_hhdet_in_emi!$B$2),MID(CELL("filename",RES_hhdet_in_emi!$B$2),FIND("]",CELL("filename",RES_hhdet_in_emi!$B$2))+1,256)) -> RES_hhdet_in_emi | D67: CO2 emissions
B68: =HYPERLINK("#"&CELL("address",RES_hhdet_in_fech!$B$2),MID(CELL("filename",RES_hhdet_in_fech!$B$2),FIND("]",CELL("filename",RES_hhdet_in_fech!$B$2))+1,256)) -> RES_hhdet_in_fech | D68: Final energy consumption per household
B69: =HYPERLINK("#"&CELL("address",RES_hhdet_in_tesh!$B$2),MID(CELL("filename",RES_hhdet_in_tesh!$B$2),FIND("]",CELL("filename",RES_hhdet_in_tesh!$B$2))+1,256)) -> RES_hhdet_in_tesh | D69: Thermal energy service per household
B70: =HYPERLINK("#"&CELL("address",RES_hhdet_in_emih!$B$2),MID(CELL("filename",RES_hhdet_in_emih!$B$2),FIND("]",CELL("filename",RES_hhdet_in_emih!$B$2))+1,256)) -> RES_hhdet_in_emih | D70: CO2 emissions per household
B71: =HYPERLINK("#"&CELL("address",RES_hhdet_in_fecs!$B$2),MID(CELL("filename",RES_hhdet_in_fecs!$B$2),FIND("]",CELL("filename",RES_hhdet_in_fecs!$B$2))+1,256)) -> RES_hhdet_in_fecs | D71: Final energy consumption per surface area
B72: =HYPERLINK("#"&CELL("address",RES_hhdet_in_tess!$B$2),MID(CELL("filename",RES_hhdet_in_tess!$B$2),FIND("]",CELL("filename",RES_hhdet_in_tess!$B$2))+1,256)) -> RES_hhdet_in_tess | D72: Thermal energy service per surface area
B73: =HYPERLINK("#"&CELL("address",RES_hhdet_in_emis!$B$2),MID(CELL("filename",RES_hhdet_in_emis!$B$2),FIND("]",CELL("filename",RES_hhdet_in_emis!$B$2))+1,256)) -> RES_hhdet_in_emis | D73: CO2 emissions per surface area
B75: Detailed information by household type
B76: =HYPERLINK("#"&CELL("address",RES_hh_SLD!$B$2),MID(CELL("filename",RES_hh_SLD!$B$2),FIND("]",CELL("filename",RES_hh_SLD!$B$2))+1,256)) -> RES_hh_SLD | D76: Solid households
B77: =HYPERLINK("#"&CELL("address",RES_hh_LPG!$B$2),MID(CELL("filename",RES_hh_LPG!$B$2),FIND("]",CELL("filename",RES_hh_LPG!$B$2))+1,256)) -> RES_hh_LPG | D77: LPG households
B78: =HYPERLINK("#"&CELL("address",RES_hh_GDO!$B$2),MID(CELL("filename",RES_hh_GDO!$B$2),FIND("]",CELL("filename",RES_hh_GDO!$B$2))+1,256)) -> RES_hh_GDO | D78: Diesel oil households
B79: =HYPERLINK("#"&CELL("address",RES_hh_NGS!$B$2),MID(CELL("filename",RES_hh_NGS!$B$2),FIND("]",CELL("filename",RES_hh_NGS!$B$2))+1,256)) -> RES_hh_NGS | D79: Gas households
B80: =HYPERLINK("#"&CELL("address",RES_hh_BMS!$B$2),MID(CELL("filename",RES_hh_BMS!$B$2),FIND("]",CELL("filename",RES_hh_BMS!$B$2))+1,256)) -> RES_hh_BMS | D80: Biomass households
B81: =HYPERLINK("#"&CELL("address",RES_hh_GEO!$B$2),MID(CELL("filename",RES_hh_GEO!$B$2),FIND("]",CELL("filename",RES_hh_GEO!$B$2))+1,256)) -> RES_hh_GEO | D81: Geothermal households
B82: =HYPERLINK("#"&CELL("address",RES_hh_DHT!$B$2),MID(CELL("filename",RES_hh_DHT!$B$2),FIND("]",CELL("filename",RES_hh_DHT!$B$2))+1,256)) -> RES_hh_DHT | D82: Distributed heat households
B83: =HYPERLINK("#"&CELL("address",RES_hh_AEL!$B$2),MID(CELL("filename",RES_hh_AEL!$B$2),FIND("]",CELL("filename",RES_hh_AEL!$B$2))+1,256)) -> RES_hh_AEL | D83: Advanced electric heating households
B84: =HYPERLINK("#"&CELL("address",RES_hh_CEL!$B$2),MID(CELL("filename",RES_hh_CEL!$B$2),FIND("]",CELL("filename",RES_hh_CEL!$B$2))+1,256)) -> RES_hh_CEL | D84: Conventional electric heating households

Sheet RES_summary
A1: IT - Residential sector summary | B1: 2000 | C1: 2001 | D1: 2002 | E1: 2003 | F1: 2004 | G1: 2005 | H1: 2006 | I1: 2007 | J1: 2008 | K1: 2009 | L1: 2010 | M1: 2011 | N1: 2012 | O1: 2013 | P1: 2014 | Q1: 2015 | R1: 2016 | S1: 2017 | T1: 2018 | U1: 2019 | V1: 2020 | W1: 2021 | DA1: Code
A3: Household consumption expenditure (M€ at 2015 prices) | B3: 1002734.8 | C3: 1009193.2 | D3: 1008770.2 | E3: 1015575.6 | F3: 1025443.3 | G3: 1039663.4 | H3: 1053622 | I3: 1066133.3 | J3: 1054060 | K3: 1038236.2 | L3: 1049134.5 | M3: 1049822.2 | N3: 1010821.9 | O3: 986114.34 | P3: 987840.65 | Q3: 1005936.2 | R3: 1018478.7 | S3: 1034148.9 | T3: 1043808.6 | U3: 1045967.8 | V3: 937066.54 | W3: 986430.99 | DA3: Macro.Meuro2015.IT.ConsumptionExpenditure
A4: Population (inhabitants) | B4: 56923524 | C4: 56960692 | D4: 56987507 | E4: 57130506 | F4: 57495900 | G4: 57874753 | H4: 58064214 | I4: 58223744 | J4: 58652875 | K4: 59000586 | L4: 59190143 | M4: 59364690 | N4: 59394207 | O4: 59685227 | P4: 60782668 | Q4: 60795612 | R4: 60665551 | S4: 60589445 | T4: 60483973 | U4: 59816673 | V4: 59641488 | W4: 59236213 | DA4: Macro.number.IT.Population
A6: Number of households | B6: 22309710 | C6: 22408839 | D6: 22504633 | E6: 22647215 | F6: 22879387 | G6: 23214903 | H6: 23450813 | I6: 23755098 | J6: 24047919 | K6: 24320110 | L6: 24499231 | M6: 24797281 | N6: 25039716 | O6: 25258242 | P6: 25776589 | Q6: 25887308 | R6: 25947627 | S6: 25970615 | T6: 26037009 | U6: 25950834 | V6: 25841199 | W6: 25822238 | DA6: NUM.number.IT.Res.HH
A7: Total households useful surface area (in thousand sqm) | B7: 2052400.6 | C7: 2062321 | D7: 2072065.6 | E7: 2086712.9 | F7: 2110153.1 | G7: 2143944.7 | H7: 2168407.7 | I7: 2199683 | J7: 2230405 | K7: 2260098 | L7: 2280953.4 | M7: 2314809.2 | N7: 2343717.4 | O7: 2371049.6 | P7: 2429968 | Q7: 2448023.8 | R7: 2461606.9 | S7: 2472003.2 | T7: 2487741.6 | U7: 2489117 | V7: 2488911.1 | W7: 2497963.6 | DA7: SurfaceArea.ksqm.IT.Res.HH
A8: Number of new and renovated households | B8: 0 | C8: 584123 | D8: 582943 | E8: 631813 | F8: 724503 | G8: 832894 | H8: 740582 | I8: 814085 | J8: 809236 | K8: 794972 | L8: 707819 | M8: 830642 | N8: 781506 | O8: 762868 | P8: 1067439 | Q8: 671080 | R8: 623087 | S8: 587067 | T8: 630973 | U8: 566022 | V8: 564149 | W8: 561765 | DA8: NUM.number.IT.Res.HHnew
A9: New and renovated households useful surface area (in thousand sqm) | B9: 0 | C9: 54537.751 | D9: 54560.284 | E9: 59654.561 | F9: 68732.629 | G9: 79548.308 | H9: 70890.74 | I9: 78174.72 | J9: 78230.056 | K9: 77786.728 | L9: 69493.397 | M9: 82852.052 | N9: 78500.488 | O9: 77409.339 | P9: 109432.59 | Q9: 69606.76 | R9: 65355.374 | S9: 62289.206 | T9: 67677.366 | U9: 61374.786 | V9: 61779.393 | W9: 62476.902 | DA9: SurfaceArea.ksqm.IT.Res.HHnew
A11: Actual heating degree-days | B11: 1848.2 | C11: 1877.19 | D11: 1804.77 | E11: 2007.84 | F11: 2006.05 | G11: 2162.84 | H11: 1949 | I11: 1836.76 | J11: 1896.16 | K11: 1947.26 | L11: 2074.34 | M11: 1856.24 | N11: 1952.79 | O11: 1932.55 | P11: 1631.87 | Q11: 1808.06 | R11: 1766.12 | S11: 1879.86 | T11: 1746.84 | U11: 1813.91 | V11: 1750.4 | W11: 1916.57 | DA11: HDD.Celsius.IT.Actual
A12: Mean heating degree-days over period 2000 - 2020 | B12: =AVERAGE($B11:$V11) -> 1883.2881 | C12: =AVERAGE($B11:$V11) -> 1883.2881 | D12: =AVERAGE($B11:$V11) -> 1883.2881 | E12: =AVERAGE($B11:$V11) -> 1883.2881 | F12: =AVERAGE($B11:$V11) -> 1883.2881 | G12: =AVERAGE($B11:$V11) -> 1883.2881 | H12: =AVERAGE($B11:$V11) -> 1883.2881 | I12: =AVERAGE($B11:$V11) -> 1883.2881 | ... W12: =AVERAGE($B11:$V11) -> 1883.2881 | DA12: HDD.Celsius.IT.Mean
A13: Relative heating degree-days | B13: =B11/B12 -> 0.98136871 | C13: =C11/C12 -> 0.996762 | D13: =D11/D12 -> 0.95830797 | E13: =E11/E12 -> 1.0661353 | F13: =F11/F12 -> 1.0651849 | G13: =G11/G12 -> 1.1484382 | H13: =H11/H12 -> 1.0348921 | I13: =I11/I12 -> 0.97529422 | ... W13: =W11/W12 -> 1.0176722 | DA13: HDD.ratio.IT.Relative
A15: Indicators
A17: Households size (inhabitants/household) | B17: =B4/B6 -> 2.5515134 | C17: =C4/C6 -> 2.541885 | D17: =D4/D6 -> 2.5322567 | E17: =E4/E6 -> 2.5226283 | F17: =F4/F6 -> 2.513 | G17: =G4/G6 -> 2.493 | H17: =H4/H6 -> 2.476 | I17: =I4/I6 -> 2.4509999 | ... W17: =W4/W6 -> 2.294
A18: Households useful surface area (in sqm/capita) | B18: =B7*1000/B4 -> 36.055404 | C18: =C7*1000/C4 -> 36.206038 | D18: =D7*1000/D4 -> 36.359997 | E18: =E7*1000/E4 -> 36.525371 | F18: =F7*1000/F4 -> 36.700932 | G18: =G7*1000/G4 -> 37.044559 | H18: =H7*1000/H4 -> 37.344994 | I18: =I7*1000/I4 -> 37.779827 | ... W18: =W7*1000/W4 -> 42.169535
A19: Households useful surface area (in sqm/household) | B19: =B7*1000/B6 -> 91.995846 | C19: =C7*1000/C6 -> 92.031585 | D19: =D7*1000/D6 -> 92.072844 | E19: =E7*1000/E6 -> 92.139934 | F19: =F7*1000/F6 -> 92.229443 | G19: =G7*1000/G6 -> 92.352086 | H19: =H7*1000/H6 -> 92.466207 | I19: =I7*1000/I6 -> 92.598354 | ... W19: =W7*1000/W6 -> 96.736912
A20: New and renovated households useful surface area (in sqm/capita) | B20: =IF(SUM(B21)=0,"",B21/B17) | C20: =IF(SUM(C21)=0,"",C21/C17) -> 36.731361 | D20: =IF(SUM(D21)=0,"",D21/D17) -> 36.960923 | E20: =IF(SUM(E21)=0,"",E21/E17) -> 37.428449 | F20: =IF(SUM(F21)=0,"",F21/F17) -> 37.751158 | G20: =IF(SUM(G21)=0,"",G21/G17) -> 38.310599 | H20: =IF(SUM(H21)=0,"",H21/H17) -> 38.660344 | I20: =IF(SUM(I21)=0,"",I21/I17) -> 39.178994 | ... W20: =IF(SUM(W21)=0,"",W21/W17) -> 48.480982
A21: New and renovated households useful surface area (in sqm/household) | B21: =IF(SUM(B9)=0,"",B9*1000/B8) | C21: =IF(SUM(C9)=0,"",C9*1000/C8) -> 93.366895 | D21: =IF(SUM(D9)=0,"",D9*1000/D8) -> 93.594543 | E21: =IF(SUM(E9)=0,"",E9*1000/E8) -> 94.418065 | F21: =IF(SUM(F9)=0,"",F9*1000/F8) -> 94.86866 | G21: =IF(SUM(G9)=0,"",G9*1000/G8) -> 95.508322 | H21: =IF(SUM(H9)=0,"",H9*1000/H8) -> 95.723013 | I21: =IF(SUM(I9)=0,"",I9*1000/I8) -> 96.027712 | ... W21: =IF(SUM(W9)=0,"",W9*1000/W8) -> 111.21537
A22: Household consumption expenditure per capita (€ at 2015 prices) | B22: =B3*1000000/B4 -> 17615.472 | C22: =C3*1000000/C4 -> 17717.361 | D22: =D3*1000000/D4 -> 17701.602 | E22: =E3*1000000/E4 -> 17776.416 | F22: =F3*1000000/F4 -> 17835.068 | G22: =G3*1000000/G4 -> 17964.024 | H22: =H3*1000000/H4 -> 18145.807 | I22: =I3*1000000/I4 -> 18310.972 | ... W22: =W3*1000000/W4 -> 16652.499
A23: Household consumption expenditure per household (€ at 2015 prices) | B23: =B3*1000000/B6 -> 44946.114 | C23: =C3*1000000/C6 -> 45035.496 | D23: =D3*1000000/D6 -> 44825 | E23: =E3*1000000/E6 -> 44843.291 | F23: =F3*1000000/F6 -> 44819.527 | G23: =G3*1000000/G6 -> 44784.311 | H23: =H3*1000000/H6 -> 44929.02 | I23: =I3*1000000/I6 -> 44880.192 | ... W23: =W3*1000000/W6 -> 38200.833
A24: Consumption expenditure per household relative to the EU average | B24: 1.3741548 | C24: 1.3599729 | D24: 1.3474781 | E24: 1.3406225 | F24: 1.3235983 | G24: 1.3022248 | H24: 1.2881453 | I24: 1.2695417 | J24: 1.2474296 | K24: 1.2380665 | L24: 1.2387433 | M24: 1.2230777 | N24: 1.1851862 | O24: 1.1590764 | P24: 1.1354928 | Q24: 1.1359591 | R24: 1.1277531 | S24: 1.1243192 | T24: 1.1162642 | U24: 1.1095943 | V24: 1.0776311 | W24: 1.0874349
A26: Energy consumption
A28: Energy consumption by fuel - Eurostat structure (ktoe) | B28: 27591.928 | C28: 28907.182 | D28: 28741.859 | E28: 31590.488 | F28: 31425.185 | G28: 33921.569 | H28: 32423.683 | I28: 32339.575 | J28: 33611.747 | K28: 34040.636 | L28: 35392.912 | M28: 32378.064 | N28: 34348.336 | O28: 34230.62 | P28: 29545.98 | Q28: 32494.483 | R28: 32185.101 | S28: 32796.92 | T28: 31805.895 | U28: 31042.208 | V28: 30560.678 | W28: 30817.068 | DA28: FEC.ktoe.IT.ES.Res
A29: Solids | B29: 64.912554 | C29: 74.712984 | D29: 16.815993 | E29: 16.816079 | F29: 7.6202064 | G29: 6.9852107 | H29: 6.9852107 | I29: 5.4985383 | J29: 4.266896 | K29: 3.6646604 | L29: 3.6261393 | M29: 3.6199484 | N29: 2.4197764 | O29: 0 | P29: 0 | Q29: 0 | R29: 0 | S29: 0 | T29: 0 | U29: 0 | V29: 0 | W29: 0 | DA29: FEC.ktoe.IT.ES.Res.Solids
A30: Liquids | B30: 6006.5301 | C30: 6451.3232 | D30: 5837.4463 | E30: 5204.4711 | F30: 5338.115 | G30: 5323.6791 | H30: 4714.2448 | I30: 3922.7859 | J30: 3940.2169 | K30: 3789.228 | L30: 3325.3893 | M30: 3079.2873 | N30: 2808.9854 | O30: 2708.9662 | P30: 2242.9732 | Q30: 2374.6058 | R30: 2289.5482 | S30: 2087.4673 | T30: 2199.7291 | U30: 1975.6692 | V30: 1871.2633 | W30: 1878.0847
A31: Liquified petroleum gas (LPG) | B31: 1528.2794 | C31: 1505.2069 | D31: 1474.4435 | E31: 1537.0689 | F31: 1500.812 | G31: 1551.3518 | H31: 1427.1997 | I31: 1357.9822 | J31: 1457.9631 | K31: 1382.1534 | L31: 1371.1666 | M31: 1244.817 | N31: 1206.3629 | O31: 1192.0799 | P31: 1080.0134 | Q31: 1085.5068 | R31: 1118.4676 | S31: 1147.7972 | T31: 1116.09 | U31: 1118.3225 | V31: 1100.6205 | W31: 1154.7672 | DA31: FEC.ktoe.IT.ES.Res.LPG
A32: Diesel oil and other liquids (without biofuels) | B32: 4478.2507 | C32: 4946.1163 | D32: 4363.0028 | E32: 3667.4022 | F32: 3837.3029 | G32: 3772.3273 | H32: 3287.0451 | I32: 2564.8037 | J32: 2482.2537 | K32: 2407.0746 | L32: 1954.2228 | M32: 1834.4702 | N32: 1602.6225 | O32: 1516.8863 | P32: 1162.9598 | Q32: 1289.0991 | R32: 1171.0806 | S32: 939.67016 | T32: 1083.639 | U32: 857.34669 | V32: 770.64282 | W32: 723.31745 | DA32: FEC.ktoe.IT.ES.Res.Oil
A33: Natural gas | B33: 14974.785 | C33: 15746.389 | D33: 15300.881 | E33: 17272.807 | F33: 17936.887 | G33: 18745.787 | H33: 17016.917 | I33: 15942.068 | J33: 16014.746 | K33: 16820.701 | L33: 18697.592 | M33: 17989.639 | N33: 18116.552 | O33: 18073.087 | P33: 15150.838 | Q33: 16985.555 | R33: 17097.463 | S33: 17260.611 | T33: 16499.391 | U33: 16126.645 | V33: 15932.597 | W33: 15479.77 | DA33: FEC.ktoe.IT.ES.Res.NG
A34: Renewable energies and wastes | B34: 1291.0145 | C34: 1342.1515 | D34: 2173.3878 | E34: 3506.0237 | F34: 2260.6907 | G34: 3928.7378 | H34: 4726.3542 | I34: 6555.995 | J34: 7728.8668 | K34: 7448.9586 | L34: 7263.4805 | M34: 4706.9218 | N34: 6753.8264 | O34: 6758.5459 | P34: 5808.8517 | Q34: 6534.8619 | R34: 6322.2747 | S34: 7014.4313 | T34: 6513.9759 | U34: 6508.5844 | V34: 6289.3332 | W34: 7594.2752
A35: Biomass and waste | B35: 1280.2187 | C35: 1330.3525 | D35: 2160.108 | E35: 3491.1436 | F35: 2243.9715 | G35: 3905.1399 | H35: 4658.928 | I35: 6474.1187 | J35: 7674.4578 | K35: 7380.4815 | L35: 7162.8786 | M35: 4601.7101 | N35: 6637.3651 | O35: 6632.698 | P35: 5675.5279 | Q35: 6393.4652 | R35: 6173.3304 | S35: 6757.3409 | T35: 6251.6962 | U35: 6242.8244 | V35: 6012.9586 | W35: 6793.5034 | DA35: FEC.ktoe.IT.ES.Res.Biomass_Waste
A36: Biogas | B36: 0 | C36: 0 | D36: 0 | E36: 0 | F36: 0 | G36: 0 | H36: 0 | I36: 0 | J36: 0 | K36: 0 | L36: 0 | M36: 0 | N36: 0 | O36: 0 | P36: 0 | Q36: 0 | R36: 0 | S36: 0 | T36: 0 | U36: 0 | V36: 0 | W36: 0 | DA36: FEC.ktoe.IT.ES.Res.Biogas
A37: Liquid biofuels | B37: 0 | C37: 0 | D37: 0 | E37: 0 | F37: 0 | G37: 0 | H37: 38.000344 | I37: 38.884093 | J37: 0 | K37: 0 | L37: 0 | M37: 0 | N37: 0 | O37: 0 | P37: 0 | Q37: 0 | R37: 0 | S37: 0 | T37: 0 | U37: 0 | V37: 0 | W37: 0 | DA37: FEC.ktoe.IT.ES.Res.LiqBio
A38: Solar | B38: 8.4790198 | C38: 9.4343938 | D38: 10.915219 | E38: 12.515563 | F38: 14.402408 | G38: 21.281169 | H38: 27.109028 | I38: 40.675494 | J38: 52.092261 | K38: 66.160275 | L38: 99.264316 | M38: 103.87412 | N38: 114.93267 | O38: 124.43869 | P38: 132.86999 | Q38: 140.53689 | R38: 148.06053 | S38: 154.49106 | T38: 161.63181 | U38: 168.6804 | V38: 180.18349 | W38: 188.95692 | DA38: FEC.ktoe.IT.ES.Res.Solar
A39: Geothermal | B39: 2.316767 | C39: 2.3645744 | D39: 2.3645744 | E39: 2.3645744 | F39: 2.316767 | G39: 2.316767 | H39: 2.316767 | I39: 2.316767 | J39: 2.316767 | K39: 2.316767 | L39: 1.3375752 | M39: 1.3375752 | N39: 1.5286328 | O39: 1.4092003 | P39: 0.45382631 | Q39: 0.85984523 | R39: 0.88374893 | S39: 0.88039553 | T39: 0.98400688 | U39: 0.95245056 | V39: 0.87764402 | W39: 0.83817713 | DA39: FEC.ktoe.IT.ES.Res.Geo
A40: Ambient heat | B40: 1.1441001 | C40: 1.6054548 | D40: 2.2675935 | E40: 3.7231789 | F40: 6.7023623 | G40: 11.714628 | H40: 12.394563 | I40: 15.634433 | J40: 20.914837 | K40: 29.343552 | L40: 49.117782 | M40: 57.47305 | N40: 69.911562 | O40: 80.310923 | P40: 63.636872 | Q40: 81.67694 | R40: 88.419896 | S40: 101.71892 | T40: 99.663887 | U40: 96.127085 | V40: 95.3135 | W40: 610.97678 | DA40: FEC.ktoe.IT.ES.Res.Ambient
A41: Distributed heat | B41: 0 | C41: 0 | D41: 0 | E41: 0 | F41: 155.99028 | G41: 158.85641 | H41: 143.61806 | I41: 133.34764 | J41: 43.25503 | K41: 51.686242 | L41: 122.59957 | M41: 567.64119 | N41: 694.32502 | O41: 930.51969 | P41: 818.3816 | Q41: 908.40258 | R41: 946.66569 | S41: 904.94239 | T41: 1091.6215 | U41: 887.8828 | V41: 869.6215 | W41: 710.45752 | DA41: FEC.ktoe.IT.ES.Res.Steam_Distr
A42: Electricity | B42: 5254.6862 | C42: 5292.6053 | D42: 5413.3276 | E42: 5590.3697 | F42: 5725.8813 | G42: 5757.5236 | H42: 5815.5632 | I42: 5779.8796 | J42: 5880.3955 | K42: 5926.3972 | L42: 5980.2236 | M42: 6030.9544 | N42: 5972.227 | O42: 5759.5013 | P42: 5524.9355 | Q42: 5691.0576 | R42: 5529.1488 | S42: 5631.1864 | T42: 5600.8422 | U42: 5639.5531 | V42: 5693.177 | W42: 5765.4574 | DA42: FEC.ktoe.IT.ES.Res.Elec
A44: Energy consumption by end-uses (ktoe) | B44: =SUM(B45,B50) -> 27591.928 | C44: =SUM(C45,C50) -> 28907.182 | D44: =SUM(D45,D50) -> 28741.859 | E44: =SUM(E45,E50) -> 31590.488 | F44: =SUM(F45,F50) -> 31425.185 | G44: =SUM(G45,G50) -> 33921.569 | H44: =SUM(H45,H50) -> 32423.683 | I44: =SUM(I45,I50) -> 32339.575 | ... W44: =SUM(W45,W50) -> 30817.068 | DA44: FEC.ktoe.IT.Res.HH
A45: Thermal uses | B45: =SUM(B46:B49) -> 24217.459 | C45: =SUM(C46:C49) -> 25494.291 | D45: =SUM(D46:D49) -> 25297.24 | E45: =SUM(E46:E49) -> 28107.414 | F45: =SUM(F46:F49) -> 27886.952 | G45: =SUM(G46:G49) -> 30317.375 | H45: =SUM(H46:H49) -> 28750.947 | I45: =SUM(I46:I49) -> 28576.755 | ... W45: =SUM(W46:W49) -> 26592.634 | DA45: FEC.ktoe.IT.Res.HH.Thermal
A46: Space heating | B46: 18161.284 | C46: 19367.542 | D46: 19124.356 | E46: 21881.342 | F46: 21722.053 | G46: 24182.811 | H46: 22633.211 | I46: 22837.101 | J46: 24396.965 | K46: 24547.965 | L46: 25621.2 | M46: 22457.072 | N46: 24605.511 | O46: 24599.152 | P46: 20227.843 | Q46: 23002.891 | R46: 22791.832 | S46: 23153.753 | T46: 22198.923 | U46: 21493.339 | V46: 20947.131 | W46: 21819.534 | DA46: FEC.ktoe.IT.Res.HH.Thermal.SH
A47: Cooling | B47: 67.348167 | C47: 83.899502 | D47: 72.073478 | E47: 233.66474 | F47: 98.162402 | G47: 103.5606 | H47: 140.64804 | I47: 137.8975 | J47: 182.73976 | K47: 199.26098 | L47: 159.86503 | M47: 181.57302 | N47: 296.28665 | O47: 179.64448 | P47: 132.15016 | Q47: 271.00834 | R47: 188.15993 | S47: 277.90138 | T47: 214.01478 | U47: 263.64885 | V47: 206.10507 | W47: 250.08816 | DA47: FEC.ktoe.IT.Res.HH.Thermal.SC
A48: Water heating | B48: 4134.713 | C48: 4164.271 | D48: 4200.2306 | E48: 4114.6411 | F48: 4119.3311 | G48: 4130.4139 | H48: 4083.1051 | I48: 3888.2437 | J48: 3619.0093 | K48: 3746.5393 | L48: 3998.8315 | M48: 4111.0263 | N48: 4038.3067 | O48: 3952.2706 | P48: 3743.0214 | Q48: 3772.8981 | R48: 3786.8469 | S48: 3715.2807 | T48: 3705.7393 | U48: 3574.9869 | V48: 3469.6517 | W48: 2927.2641 | DA48: FEC.ktoe.IT.Res.HH.Thermal.WH
A49: Cooking | B49: 1854.114 | C49: 1878.5785 | D49: 1900.5801 | E49: 1877.7656 | F49: 1947.4056 | G49: 1900.5895 | H49: 1893.9829 | I49: 1713.5128 | J49: 1572.0252 | K49: 1621.0429 | L49: 1641.2378 | M49: 1635.4316 | N49: 1431.1609 | O49: 1527.9992 | P49: 1437.0312 | Q49: 1478.8738 | R49: 1509.4158 | S49: 1706.5619 | T49: 1685.0409 | U49: 1698.8395 | V49: 1768.7667 | W49: 1595.7477 | DA49: FEC.ktoe.IT.Res.HH.Thermal.CO
A50: Specific electricity uses (appliances and lighting) | B50: 3374.4692 | C50: 3412.8908 | D50: 3444.6188 | E50: 3483.0744 | F50: 3538.2328 | G50: 3604.1937 | H50: 3672.7361 | I50: 3762.8195 | J50: 3841.0088 | K50: 3925.8269 | L50: 3971.7768 | M50: 3992.9606 | N50: 3977.0703 | O50: 3971.5539 | P50: 4005.9344 | Q50: 3968.8115 | R50: 3908.8465 | S50: 3943.4224 | T50: 4002.178 | U50: 4011.3931 | V50: 4169.0232 | W50: 4224.4343 | DA50: FEC.ktoe.IT.Res.HH.Appl
A52: Shares of energy consumption in end-uses (in %) | B52: =IF(B44=0,0,B44/B$44) -> 1 | C52: =IF(C44=0,0,C44/C$44) -> 1 | D52: =IF(D44=0,0,D44/D$44) -> 1 | E52: =IF(E44=0,0,E44/E$44) -> 1 | F52: =IF(F44=0,0,F44/F$44) -> 1 | G52: =IF(G44=0,0,G44/G$44) -> 1 | H52: =IF(H44=0,0,H44/H$44) -> 1 | I52: =IF(I44=0,0,I44/I$44) -> 1 | ... W52: =IF(W44=0,0,W44/W$44) -> 1
A53: Thermal uses | B53: =IF(B45=0,0,B45/B$44) -> 0.87770086 | C53: =IF(C45=0,0,C45/C$44) -> 0.88193623 | D53: =IF(D45=0,0,D45/D$44) -> 0.88015324 | E53: =IF(E45=0,0,E45/E$44) -> 0.88974294 | F53: =IF(F45=0,0,F45/F$44) -> 0.88740773 | G53: =IF(G45=0,0,G45/G$44) -> 0.8937492 | H53: =IF(H45=0,0,H45/H$44) -> 0.88672675 | I53: =IF(I45=0,0,I45/I$44) -> 0.8836466 | ... W53: =IF(W45=0,0,W45/W$44) -> 0.86291901
A54: Space heating | B54: =IF(B46=0,0,B46/B$44) -> 0.65821003 | C54: =IF(C46=0,0,C46/C$44) -> 0.66999066 | D54: =IF(D46=0,0,D46/D$44) -> 0.6653834 | E54: =IF(E46=0,0,E46/E$44) -> 0.69265604 | F54: =IF(F46=0,0,F46/F$44) -> 0.69123071 | G54: =IF(G46=0,0,G46/G$44) -> 0.71290368 | H54: =IF(H46=0,0,H46/H$44) -> 0.69804565 | I54: =IF(I46=0,0,I46/I$44) -> 0.70616579 | ... W54: =IF(W46=0,0,W46/W$44) -> 0.70803406
A55: Cooling | B55: =IF(B47=0,0,B47/B$44) -> 0.0024408648 | C55: =IF(C47=0,0,C47/C$44) -> 0.0029023757 | D55: =IF(D47=0,0,D47/D$44) -> 0.0025076136 | E55: =IF(E47=0,0,E47/E$44) -> 0.0073966802 | F55: =IF(F47=0,0,F47/F$44) -> 0.0031236857 | G55: =IF(G47=0,0,G47/G$44) -> 0.0030529426 | H55: =IF(H47=0,0,H47/H$44) -> 0.0043378181 | I55: =IF(I47=0,0,I47/I$44) -> 0.0042640481 | ... W55: =IF(W47=0,0,W47/W$44) -> 0.0081152482
A56: Water heating | B56: =IF(B48=0,0,B48/B$44) -> 0.14985227 | C56: =IF(C48=0,0,C48/C$44) -> 0.14405662 | D56: =IF(D48=0,0,D48/D$44) -> 0.14613636 | E56: =IF(E48=0,0,E48/E$44) -> 0.13024937 | F56: =IF(F48=0,0,F48/F$44) -> 0.13108375 | G56: =IF(G48=0,0,G48/G$44) -> 0.12176365 | H56: =IF(H48=0,0,H48/H$44) -> 0.12592971 | I56: =IF(I48=0,0,I48/I$44) -> 0.12023175 | ... W56: =IF(W48=0,0,W48/W$44) -> 0.094988402
A57: Cooking | B57: =IF(B49=0,0,B49/B$44) -> 0.067197697 | C57: =IF(C49=0,0,C49/C$44) -> 0.064986568 | D57: =IF(D49=0,0,D49/D$44) -> 0.066125859 | E57: =IF(E49=0,0,E49/E$44) -> 0.059440854 | F57: =IF(F49=0,0,F49/F$44) -> 0.061969582 | G57: =IF(G49=0,0,G49/G$44) -> 0.056028939 | H57: =IF(H49=0,0,H49/H$44) -> 0.058413564 | I57: =IF(I49=0,0,I49/I$44) -> 0.052985013 | ... W57: =IF(W49=0,0,W49/W$44) -> 0.051781296
A58: Specific electricity uses (appliances and lighting) | B58: =IF(B50=0,0,B50/B$44) -> 0.12229914 | C58: =IF(C50=0,0,C50/C$44) -> 0.11806377 | D58: =IF(D50=0,0,D50/D$44) -> 0.11984676 | E58: =IF(E50=0,0,E50/E$44) -> 0.11025706 | F58: =IF(F50=0,0,F50/F$44) -> 0.11259227 | G58: =IF(G50=0,0,G50/G$44) -> 0.1062508 | H58: =IF(H50=0,0,H50/H$44) -> 0.11327325 | I58: =IF(I50=0,0,I50/I$44) -> 0.1163534 | ... W58: =IF(W50=0,0,W50/W$44) -> 0.13708099
A60: Emissions
A62: Emissions by fuel - Eurostat structure (kt of CO2) | B62: 53433.542 | C62: 56685.28 | D62: 53484.933 | E62: 56123.843 | F62: 58057.583 | G62: 59887.186 | H62: 53981.858 | I62: 49021.603 | J62: 49195.734 | K62: 50652.772 | L62: 53620.734 | M62: 51251.84 | N62: 50722.6 | O62: 50305.176 | P62: 42047.208 | Q62: 46762.714 | R62: 46746.405 | S62: 46489.159 | T62: 45063.961 | U62: 43492.304 | V62: 42720.765 | W62: 41653.435 | DA62: EMI.ktCO2.IT.ES.Res
A63: Solids | B63: 292.89037 | C63: 337.47701 | D63: 75.756427 | E63: 75.779829 | F63: 30.384654 | G63: 27.598786 | H63: 27.433816 | I63: 21.67269 | J63: 16.706049 | K63: 14.40885 | L63: 14.234674 | M63: 14.159987 | N63: 9.4959597 | O63: 0 | P63: 0 | Q63: 0 | R63: 0 | S63: 0 | T63: 0 | U63: 0 | V63: 0 | W63: 0 | DA63: EMI.ktCO2.IT.ES.Res.Solids
A64: Liquids | B64: 17970.04 | C64: 19362.767 | D64: 17470.546 | E64: 15477.783 | F64: 15897.13 | G64: 15829.581 | H64: 13985.177 | I64: 11555.284 | J64: 11563.675 | K64: 11129.989 | L64: 9689.691 | M64: 8983.7093 | N64: 8161.0411 | O64: 7855.2035 | P64: 6460.9977 | Q64: 6867.1312 | R64: 6587.972 | S64: 5947.525 | T64: 6310.2786 | U64: 5614.1229 | V64: 5298.3646 | W64: 5294.6318
A65: Liquified petroleum gas (LPG) | B65: 4037.5166 | C65: 3976.5621 | D65: 3895.2893 | E65: 4060.7374 | F65: 3964.9515 | G65: 4098.4711 | H65: 3770.4773 | I65: 3587.6135 | J65: 3851.7502 | K65: 3651.4707 | L65: 3622.4449 | M65: 3288.6457 | N65: 3187.0548 | O65: 3149.321 | P65: 2853.2559 | Q65: 2867.7687 | R65: 2954.8469 | S65: 3032.3318 | T65: 2948.5656 | U65: 2954.4636 | V65: 2907.6971 | W65: 3050.7459 | DA65: EMI.ktCO2.IT.ES.Res.LPG
A66: Diesel oil and other liquids (without biofuels) | B66: 13932.523 | C66: 15386.205 | D66: 13575.257 | E66: 11417.046 | F66: 11932.179 | G66: 11731.11 | H66: 10214.7 | I66: 7967.6706 | J66: 7711.9247 | K66: 7478.5182 | L66: 6067.2461 | M66: 5695.0636 | N66: 4973.9863 | O66: 4705.8825 | P66: 3607.7418 | Q66: 3999.3625 | R66: 3633.1252 | S66: 2915.1932 | T66: 3361.7129 | U66: 2659.6593 | V66: 2390.6676 | W66: 2243.8859 | DA66: EMI.ktCO2.IT.ES.Res.Oil
A67: Natural gas | B67: 35170.612 | C67: 36985.036 | D67: 35938.631 | E67: 40570.28 | F67: 42130.068 | G67: 44030.006 | H67: 39969.247 | I67: 37444.646 | J67: 37615.353 | K67: 39508.375 | L67: 43916.808 | M67: 42253.97 | N67: 42552.063 | O67: 42449.972 | P67: 35586.21 | Q67: 39895.582 | R67: 40158.433 | S67: 40541.634 | T67: 38753.683 | U67: 37878.181 | V67: 37422.4 | W67: 36358.803 | DA67: EMI.ktCO2.IT.ES.Res.NG
A68: Renewable energies and wastes | B68: 0 | C68: 0 | D68: 0 | E68: 0 | F68: 0 | G68: 0 | H68: 0 | I68: 0 | J68: 0 | K68: 0 | L68: 0 | M68: 0 | N68: 0 | O68: 0 | P68: 0 | Q68: 0 | R68: 0 | S68: 0 | T68: 0 | U68: 0 | V68: 0 | W68: 0
A69: Biomass and waste | B69: 0 | C69: 0 | D69: 0 | E69: 0 | F69: 0 | G69: 0 | H69: 0 | I69: 0 | J69: 0 | K69: 0 | L69: 0 | M69: 0 | N69: 0 | O69: 0 | P69: 0 | Q69: 0 | R69: 0 | S69: 0 | T69: 0 | U69: 0 | V69: 0 | W69: 0 | DA69: EMI.ktCO2.IT.ES.Res.Biomass_Waste
A70: Biogas | B70: 0 | C70: 0 | D70: 0 | E70: 0 | F70: 0 | G70: 0 | H70: 0 | I70: 0 | J70: 0 | K70: 0 | L70: 0 | M70: 0 | N70: 0 | O70: 0 | P70: 0 | Q70: 0 | R70: 0 | S70: 0 | T70: 0 | U70: 0 | V70: 0 | W70: 0 | DA70: EMI.ktCO2.IT.ES.Res.Biogas
A71: Liquid biofuels | B71: 0 | C71: 0 | D71: 0 | E71: 0 | F71: 0 | G71: 0 | H71: 0 | I71: 0 | J71: 0 | K71: 0 | L71: 0 | M71: 0 | N71: 0 | O71: 0 | P71: 0 | Q71: 0 | R71: 0 | S71: 0 | T71: 0 | U71: 0 | V71: 0 | W71: 0 | DA71: EMI.ktCO2.IT.ES.Res.LiqBio
A72: Solar | B72: 0 | C72: 0 | D72: 0 | E72: 0 | F72: 0 | G72: 0 | H72: 0 | I72: 0 | J72: 0 | K72: 0 | L72: 0 | M72: 0 | N72: 0 | O72: 0 | P72: 0 | Q72: 0 | R72: 0 | S72: 0 | T72: 0 | U72: 0 | V72: 0 | W72: 0 | DA72: EMI.ktCO2.IT.ES.Res.Solar
A73: Geothermal | B73: 0 | C73: 0 | D73: 0 | E73: 0 | F73: 0 | G73: 0 | H73: 0 | I73: 0 | J73: 0 | K73: 0 | L73: 0 | M73: 0 | N73: 0 | O73: 0 | P73: 0 | Q73: 0 | R73: 0 | S73: 0 | T73: 0 | U73: 0 | V73: 0 | W73: 0 | DA73: EMI.ktCO2.IT.ES.Res.Geo
A74: Ambient heat | B74: 0 | C74: 0 | D74: 0 | E74: 0 | F74: 0 | G74: 0 | H74: 0 | I74: 0 | J74: 0 | K74: 0 | L74: 0 | M74: 0 | N74: 0 | O74: 0 | P74: 0 | Q74: 0 | R74: 0 | S74: 0 | T74: 0 | U74: 0 | V74: 0 | W74: 0 | DA74: EMI.ktCO2.IT.ES.Res.Ambient
A75: Distributed heat | B75: 0 | C75: 0 | D75: 0 | E75: 0 | F75: 0 | G75: 0 | H75: 0 | I75: 0 | J75: 0 | K75: 0 | L75: 0 | M75: 0 | N75: 0 | O75: 0 | P75: 0 | Q75: 0 | R75: 0 | S75: 0 | T75: 0 | U75: 0 | V75: 0 | W75: 0 | DA75: EMI.ktCO2.IT.ES.Res.Steam_Distr
A76: Electricity | B76: 0 | C76: 0 | D76: 0 | E76: 0 | F76: 0 | G76: 0 | H76: 0 | I76: 0 | J76: 0 | K76: 0 | L76: 0 | M76: 0 | N76: 0 | O76: 0 | P76: 0 | Q76: 0 | R76: 0 | S76: 0 | T76: 0 | U76: 0 | V76: 0 | W76: 0 | DA76: EMI.ktCO2.IT.ES.Res.Elec
A78: Emissions by end-uses (kt of CO2) | B78: =B79+B84 -> 53433.542 | C78: =C79+C84 -> 56685.28 | D78: =D79+D84 -> 53484.933 | E78: =E79+E84 -> 56123.843 | F78: =F79+F84 -> 58057.583 | G78: =G79+G84 -> 59887.186 | H78: =H79+H84 -> 53981.858 | I78: =I79+I84 -> 49021.603 | ... W78: =W79+W84 -> 41653.435 | DA78: EMI.ktCO2.IT.Res.HH
A79: Thermal uses | B79: =SUM(B80:B83) -> 53433.542 | C79: =SUM(C80:C83) -> 56685.28 | D79: =SUM(D80:D83) -> 53484.933 | E79: =SUM(E80:E83) -> 56123.843 | F79: =SUM(F80:F83) -> 58057.583 | G79: =SUM(G80:G83) -> 59887.186 | H79: =SUM(H80:H83) -> 53981.858 | I79: =SUM(I80:I83) -> 49021.603 | ... W79: =SUM(W80:W83) -> 41653.435 | DA79: EMI.ktCO2.IT.Res.HH.Thermal
A80: Space heating | B80: 41895.336 | C80: 45076.27 | D80: 42070.523 | E80: 44903.039 | F80: 47159.871 | G80: 48914.344 | H80: 43431.797 | I80: 39308.938 | J80: 40341.632 | K80: 41323.194 | L80: 43719.741 | M80: 41330.803 | N80: 41197.907 | O80: 40816.981 | P80: 33200.903 | Q80: 37668.093 | R80: 37508.967 | S80: 37140.841 | T80: 35758.489 | U80: 34408.605 | V80: 33629.675 | W80: 34057.591 | DA80: EMI.ktCO2.IT.Res.HH.Thermal.SH
A81: Cooling | B81: 0 | C81: 0 | D81: 0 | E81: 0 | F81: 0 | G81: 0 | H81: 0 | I81: 0 | J81: 0 | K81: 0 | L81: 0 | M81: 0 | N81: 0 | O81: 0 | P81: 0 | Q81: 0 | R81: 0 | S81: 0 | T81: 0 | U81: 0 | V81: 0 | W81: 0 | DA81: EMI.ktCO2.IT.Res.HH.Thermal.SC
A82: Water heating | B82: 7962.8941 | C82: 8056.2571 | D82: 7859.0878 | E82: 7656.5651 | F82: 7411.0117 | G82: 7414.6308 | H82: 7171.2755 | I82: 6753.432 | J82: 6131.9288 | K82: 6484.6113 | L82: 6912.1044 | M82: 6886.3588 | N82: 6872.3391 | O82: 6723.7676 | P82: 6168.9969 | Q82: 6382.5888 | R82: 6439.2349 | S82: 6239.0165 | T82: 6236.8576 | U82: 5982.8752 | V82: 5851.4305 | W82: 4772.4972 | DA82: EMI.ktCO2.IT.Res.HH.Thermal.WH
A83: Cooking | B83: 3575.3124 | C83: 3552.7532 | D83: 3555.3229 | E83: 3564.2388 | F83: 3486.7001 | G83: 3558.2112 | H83: 3378.7854 | I83: 2959.2335 | J83: 2722.1732 | K83: 2844.9671 | L83: 2988.8879 | M83: 3034.6776 | N83: 2652.3541 | O83: 2764.4272 | P83: 2677.3082 | Q83: 2712.0315 | R83: 2798.2033 | S83: 3109.3013 | T83: 3068.6149 | U83: 3100.8238 | V83: 3239.6588 | W83: 2823.3467 | DA83: EMI.ktCO2.IT.Res.HH.Thermal.CO
A84: Specific electricity uses (appliances and lighting) | B84: 0 | C84: 0 | D84: 0 | E84: 0 | F84: 0 | G84: 0 | H84: 0 | I84: 0 | J84: 0 | K84: 0 | L84: 0 | M84: 0 | N84: 0 | O84: 0 | P84: 0 | Q84: 0 | R84: 0 | S84: 0 | T84: 0 | U84: 0 | V84: 0 | W84: 0 | DA84: EMI.ktCO2.IT.Res.HH.Appl
A86: Share of emissions in end-uses (in %) | B86: =IF(B78=0,0,B78/B$78) -> 1 | C86: =IF(C78=0,0,C78/C$78) -> 1 | D86: =IF(D78=0,0,D78/D$78) -> 1 | E86: =IF(E78=0,0,E78/E$78) -> 1 | F86: =IF(F78=0,0,F78/F$78) -> 1 | G86: =IF(G78=0,0,G78/G$78) -> 1 | H86: =IF(H78=0,0,H78/H$78) -> 1 | I86: =IF(I78=0,0,I78/I$78) -> 1 | ... W86: =IF(W78=0,0,W78/W$78) -> 1
A87: Thermal uses | B87: =IF(B79=0,0,B79/B$78) -> 1 | C87: =IF(C79=0,0,C79/C$78) -> 1 | D87: =IF(D79=0,0,D79/D$78) -> 1 | E87: =IF(E79=0,0,E79/E$78) -> 1 | F87: =IF(F79=0,0,F79/F$78) -> 1 | G87: =IF(G79=0,0,G79/G$78) -> 1 | H87: =IF(H79=0,0,H79/H$78) -> 1 | I87: =IF(I79=0,0,I79/I$78) -> 1 | ... W87: =IF(W79=0,0,W79/W$78) -> 1
A88: Space heating | B88: =IF(B80=0,0,B80/B$78) -> 0.78406435 | C88: =IF(C80=0,0,C80/C$78) -> 0.79520238 | D88: =IF(D80=0,0,D80/D$78) -> 0.78658643 | E88: =IF(E80=0,0,E80/E$78) -> 0.80007064 | F88: =IF(F80=0,0,F80/F$78) -> 0.81229477 | G88: =IF(G80=0,0,G80/G$78) -> 0.8167748 | H88: =IF(H80=0,0,H80/H$78) -> 0.80456284 | I88: =IF(I80=0,0,I80/I$78) -> 0.80186969 | ... W88: =IF(W80=0,0,W80/W$78) -> 0.81764184
A89: Cooling | B89: =IF(B81=0,0,B81/B$78) -> 0 | C89: =IF(C81=0,0,C81/C$78) -> 0 | D89: =IF(D81=0,0,D81/D$78) -> 0 | E89: =IF(E81=0,0,E81/E$78) -> 0 | F89: =IF(F81=0,0,F81/F$78) -> 0 | G89: =IF(G81=0,0,G81/G$78) -> 0 | H89: =IF(H81=0,0,H81/H$78) -> 0 | I89: =IF(I81=0,0,I81/I$78) -> 0 | ... W89: =IF(W81=0,0,W81/W$78) -> 0
A90: Water heating | B90: =IF(B82=0,0,B82/B$78) -> 0.14902426 | C90: =IF(C82=0,0,C82/C$78) -> 0.14212256 | D90: =IF(D82=0,0,D82/D$78) -> 0.14694022 | E90: =IF(E82=0,0,E82/E$78) -> 0.13642268 | F90: =IF(F82=0,0,F82/F$78) -> 0.12764933 | G90: =IF(G82=0,0,G82/G$78) -> 0.12380997 | H90: =IF(H82=0,0,H82/H$78) -> 0.13284603 | I90: =IF(I82=0,0,I82/I$78) -> 0.13776441 | ... W90: =IF(W82=0,0,W82/W$78) -> 0.11457632
A91: Cooking | B91: =IF(B83=0,0,B83/B$78) -> 0.066911387 | C91: =IF(C83=0,0,C83/C$78) -> 0.062675058 | D91: =IF(D83=0,0,D83/D$78) -> 0.066473353 | E91: =IF(E83=0,0,E83/E$78) -> 0.063506678 | F91: =IF(F83=0,0,F83/F$78) -> 0.060055895 | G91: =IF(G83=0,0,G83/G$78) -> 0.059415234 | H91: =IF(H83=0,0,H83/H$78) -> 0.062591128 | I91: =IF(I83=0,0,I83/I$78) -> 0.060365906 | ... W91: =IF(W83=0,0,W83/W$78) -> 0.067781845
A92: Specific electricity uses (appliances and lighting) | B92: =IF(B84=0,0,B84/B$78) -> 0 | C92: =IF(C84=0,0,C84/C$78) -> 0 | D92: =IF(D84=0,0,D84/D$78) -> 0 | E92: =IF(E84=0,0,E84/E$78) -> 0 | F92: =IF(F84=0,0,F84/F$78) -> 0 | G92: =IF(G84=0,0,G84/G$78) -> 0 | H92: =IF(H84=0,0,H84/H$78) -> 0 | I92: =IF(I84=0,0,I84/I$78) -> 0 | ... W92: =IF(W84=0,0,W84/W$78) -> 0
A94: Additional household indicators
A96: Energy consumption per household (kWh / household) | B96: =B44*11630*1000/B$6 -> 14383.608 | C96: =C44*11630*1000/C$6 -> 15002.585 | D96: =D44*11630*1000/D$6 -> 14853.289 | E96: =E44*11630*1000/E$6 -> 16222.629 | F96: =F44*11630*1000/F$6 -> 15973.981 | G96: =G44*11630*1000/G$6 -> 16993.732 | H96: =H44*11630*1000/H$6 -> 16079.93 | I96: =I44*11630*1000/I$6 -> 15832.781 | ... W96: =W44*11630*1000/W$6 -> 13879.607 | DA96: FEC_per_household.kWh.IT.Res.HH
A97: Thermal uses | B97: =B45*11630*1000/B$6 -> 12624.505 | C97: =C45*11630*1000/C$6 -> 13231.324 | D97: =D45*11630*1000/D$6 -> 13073.17 | E97: =E45*11630*1000/E$6 -> 14433.97 | F97: =F45*11630*1000/F$6 -> 14175.435 | G97: =G45*11630*1000/G$6 -> 15188.135 | H97: =H45*11630*1000/H$6 -> 14258.504 | I97: =I45*11630*1000/I$6 -> 13990.583 | ... W97: =W45*11630*1000/W$6 -> 11976.976 | DA97: FEC_per_household.kWh.IT.Res.HH.Thermal
A98: Space heating | B98: =B46*11630*1000/B$6 -> 9467.4352 | C98: =C46*11630*1000/C$6 -> 10051.592 | D98: =D46*11630*1000/D$6 -> 9883.1321 | E98: =E46*11630*1000/E$6 -> 11236.702 | F98: =F46*11630*1000/F$6 -> 11041.706 | G98: =G46*11630*1000/G$6 -> 12114.894 | H98: =H46*11630*1000/H$6 -> 11224.525 | I98: =I46*11630*1000/I$6 -> 11180.568 | ... W98: =W46*11630*1000/W$6 -> 9827.2342 | DA98: FEC_per_household.kWh.IT.Res.HH.Thermal.SH
A99: Cooling | B99: =B47*11630*1000/B$6 -> 35.108443 | C99: =C47*11630*1000/C$6 -> 43.54314 | D99: =D47*11630*1000/D$6 -> 37.24631 | E99: =E47*11630*1000/E$6 -> 119.9936 | F99: =F47*11630*1000/F$6 -> 49.897698 | G99: =G47*11630*1000/G$6 -> 51.88089 | H99: =H47*11630*1000/H$6 -> 69.751811 | I99: =I47*11630*1000/I$6 -> 67.511738 | ... W99: =W47*11630*1000/W$6 -> 112.63645 | DA99: FEC_per_household.kWh.IT.Res.HH.Thermal.SC
A100: Water heating | B100: =B48*11630*1000/B$6 -> 2155.4163 | C100: =C48*11630*1000/C$6 -> 2161.2218 | D100: =D48*11630*1000/D$6 -> 2170.6056 | E100: =E48*11630*1000/E$6 -> 2112.9872 | F100: =F48*11630*1000/F$6 -> 2093.9294 | G100: =G48*11630*1000/G$6 -> 2069.2188 | H100: =H48*11630*1000/H$6 -> 2024.941 | I100: =I48*11630*1000/I$6 -> 1903.6029 | ... W100: =W48*11630*1000/W$6 -> 1318.4017 | DA100: FEC_per_household.kWh.IT.Res.HH.Thermal.WH
A101: Cooking | B101: =B49*11630*1000/B$6 -> 966.54534 | C101: =C49*11630*1000/C$6 -> 974.96655 | D101: =D49*11630*1000/D$6 -> 982.18651 | E101: =E49*11630*1000/E$6 -> 964.28695 | F101: =F49*11630*1000/F$6 -> 989.90094 | G101: =G49*11630*1000/G$6 -> 952.14079 | H101: =H49*11630*1000/H$6 -> 939.28602 | I101: =I49*11630*1000/I$6 -> 838.90008 | ... W101: =W49*11630*1000/W$6 -> 718.70401 | DA101: FEC_per_household.kWh.IT.Res.HH.Thermal.CO
A102: Specific electricity uses (appliances and lighting) | B102: =B50*11630*1000/B$6 -> 1759.1029 | C102: =C50*11630*1000/C$6 -> 1771.2618 | D102: =D50*11630*1000/D$6 -> 1780.1186 | E102: =E50*11630*1000/E$6 -> 1788.6594 | F102: =F50*11630*1000/F$6 -> 1798.5468 | G102: =G50*11630*1000/G$6 -> 1805.5976 | H102: =H50*11630*1000/H$6 -> 1821.426 | I102: =I50*11630*1000/I$6 -> 1842.1978 | ... W102: =W50*11630*1000/W$6 -> 1902.6302 | DA102: FEC_per_household.kWh.IT.Res.HH.Appl
A104: Thermal energy service per household (kWh useful / household) | B104: =SUM(B105:B108) -> 6503.2147 | C104: =SUM(C105:C108) -> 6881.074 | D104: =SUM(D105:D108) -> 6893.1163 | E104: =SUM(E105:E108) -> 7850.2181 | F104: =SUM(F105:F108) -> 7739.3156 | G104: =SUM(G105:G108) -> 8399.8467 | H104: =SUM(H105:H108) -> 8062.7827 | I104: =SUM(I105:I108) -> 8070.143 | ... W104: =SUM(W105:W108) -> 9331.1669 | DA104: TES_per_household.kWh.IT.Res.HH.Thermal
A105: Space heating | B105: 4635.0447 | C105: 4974.1055 | D105: 4967.5783 | E105: 5773.1727 | F105: 5778.267 | G105: 6459.74 | H105: 6084.8874 | I105: 6210.6326 | J105: 6687.552 | K105: 6795.0055 | L105: 7244.4207 | M105: 6474.6156 | N105: 7232.4777 | O105: 7383.0509 | P105: 5999.8636 | Q105: 6865.5479 | R105: 6883.2839 | S105: 7104.8937 | T105: 6911.189 | U105: 6815.6674 | V105: 6773.3249 | W105: 7406.5209 | DA105: TES_per_household.kWh.IT.Res.HH.Thermal.SH
A106: Cooling | B106: 63.058801 | C106: 82.420241 | D106: 75.959921 | E106: 261.28844 | F106: 113.66229 | G106: 123.80918 | H106: 173.98824 | I106: 173.63656 | J106: 232.78156 | K106: 258.01692 | L106: 211.3554 | M106: 244.48508 | N106: 407.11906 | O106: 255.15493 | P106: 189.24527 | Q106: 398.34556 | R106: 285.90762 | S106: 437.23382 | T106: 347.44979 | U106: 441.82214 | V106: 355.59733 | W106: 440.05977 | DA106: TES_per_household.kWh.IT.Res.HH.Thermal.SC
A107: Water heating | B107: 1181.2134 | C107: 1192.0188 | D107: 1210.1967 | E107: 1188.4224 | F107: 1195.2755 | G107: 1193.1684 | H107: 1182.9348 | I107: 1128.7404 | J107: 1053.7956 | K107: 1092.3409 | L107: 1179.5803 | M107: 1223.1406 | N107: 1213.5795 | O107: 1202.0433 | P107: 1131.8783 | Q107: 1149.1351 | R107: 1167.4856 | S107: 1166.0434 | T107: 1181.4116 | U107: 1164.568 | V107: 1154.7884 | W107: 995.66855 | DA107: TES_per_household.kWh.IT.Res.HH.Thermal.WH
A108: Cooking | B108: 623.89788 | C108: 632.5294 | D108: 639.38139 | E108: 627.33451 | F108: 652.11074 | G108: 623.12911 | H108: 620.97226 | I108: 557.13347 | J108: 504.77872 | K108: 513.45283 | L108: 512.51746 | M108: 504.20831 | N108: 437.1711 | O108: 465.09934 | P108: 426.22753 | Q108: 438.65056 | R108: 446.5741 | S108: 507.54142 | T108: 501.9397 | U108: 509.69018 | V108: 535.1083 | W108: 488.91771 | DA108: TES_per_household.kWh.IT.Res.HH.Thermal.CO
A110: Emissions per household (kg CO2 / household) | B110: =B78*1000000/B$6 -> 2395.0801 | C110: =C78*1000000/C$6 -> 2529.5947 | D110: =D78*1000000/D$6 -> 2376.6188 | E110: =E78*1000000/E$6 -> 2478.1786 | F110: =F78*1000000/F$6 -> 2537.5497 | G110: =G78*1000000/G$6 -> 2579.6871 | H110: =H78*1000000/H$6 -> 2301.9184 | I110: =I78*1000000/I$6 -> 2063.6245 | ... W110: =W78*1000000/W$6 -> 1613.0839 | DA110: EMI_per_household.kgCO2.IT.Res.HH
A111: Thermal uses | B111: =B79*1000000/B$6 -> 2395.0801 | C111: =C79*1000000/C$6 -> 2529.5947 | D111: =D79*1000000/D$6 -> 2376.6188 | E111: =E79*1000000/E$6 -> 2478.1786 | F111: =F79*1000000/F$6 -> 2537.5497 | G111: =G79*1000000/G$6 -> 2579.6871 | H111: =H79*1000000/H$6 -> 2301.9184 | I111: =I79*1000000/I$6 -> 2063.6245 | ... W111: =W79*1000000/W$6 -> 1613.0839 | DA111: EMI_per_household.kgCO2.IT.Res.HH.Thermal
A112: Space heating | B112: =B80*1000000/B$6 -> 1877.8969 | C112: =C80*1000000/C$6 -> 2011.5397 | D112: =D80*1000000/D$6 -> 1869.4161 | E112: =E80*1000000/E$6 -> 1982.7179 | F112: =F80*1000000/F$6 -> 2061.2384 | G112: =G80*1000000/G$6 -> 2107.0234 | H112: =H80*1000000/H$6 -> 1852.038 | I112: =I80*1000000/I$6 -> 1654.758 | ... W112: =W80*1000000/W$6 -> 1318.9248 | DA112: EMI_per_household.kgCO2.IT.Res.HH.Thermal.SH
A113: Cooling | B113: =B81*1000000/B$6 -> 0 | C113: =C81*1000000/C$6 -> 0 | D113: =D81*1000000/D$6 -> 0 | E113: =E81*1000000/E$6 -> 0 | F113: =F81*1000000/F$6 -> 0 | G113: =G81*1000000/G$6 -> 0 | H113: =H81*1000000/H$6 -> 0 | I113: =I81*1000000/I$6 -> 0 | ... W113: =W81*1000000/W$6 -> 0 | DA113: EMI_per_household.kgCO2.IT.Res.HH.Thermal.SC
A114: Water heating | B114: =B82*1000000/B$6 -> 356.92504 | C114: =C82*1000000/C$6 -> 359.51247 | D114: =D82*1000000/D$6 -> 349.22088 | E114: =E82*1000000/E$6 -> 338.07977 | F114: =F82*1000000/F$6 -> 323.91653 | G114: =G82*1000000/G$6 -> 319.39099 | H114: =H82*1000000/H$6 -> 305.80072 | I114: =I82*1000000/I$6 -> 284.29401 | ... W114: =W82*1000000/W$6 -> 184.82121 | DA114: EMI_per_household.kgCO2.IT.Res.HH.Thermal.WH
A115: Cooking | B115: =B83*1000000/B$6 -> 160.25813 | C115: =C83*1000000/C$6 -> 158.54249 | D115: =D83*1000000/D$6 -> 157.98182 | E115: =E83*1000000/E$6 -> 157.38089 | F115: =F83*1000000/F$6 -> 152.39482 | G115: =G83*1000000/G$6 -> 153.27271 | H115: =H83*1000000/H$6 -> 144.07967 | I115: =I83*1000000/I$6 -> 124.57256 | ... W115: =W83*1000000/W$6 -> 109.3378 | DA115: EMI_per_household.kgCO2.IT.Res.HH.Thermal.CO
A116: Specific electricity uses (appliances and lighting) | B116: =B84*1000000/B$6 -> 0 | C116: =C84*1000000/C$6 -> 0 | D116: =D84*1000000/D$6 -> 0 | E116: =E84*1000000/E$6 -> 0 | F116: =F84*1000000/F$6 -> 0 | G116: =G84*1000000/G$6 -> 0 | H116: =H84*1000000/H$6 -> 0 | I116: =I84*1000000/I$6 -> 0 | ... W116: =W84*1000000/W$6 -> 0 | DA116: EMI_per_household.kgCO2.IT.Res.HH.Appl
A118: Ratio of energy service to energy consumption (system efficiency indicator) | B118: =IF(B104=0,"",B104/B97) -> 0.5151263 | C118: =IF(C104=0,"",C104/C97) -> 0.52005938 | D118: =IF(D104=0,"",D104/D97) -> 0.52727197 | E118: =IF(E104=0,"",E104/E97) -> 0.54387103 | F118: =IF(F104=0,"",F104/F97) -> 0.54596672 | G118: =IF(G104=0,"",G104/G97) -> 0.55305321 | H118: =IF(H104=0,"",H104/H97) -> 0.56547185 | I118: =IF(I104=0,"",I104/I97) -> 0.5768268 | ... W118: =IF(W104=0,"",W104/W97) -> 0.77909204 | DA118: Eff.ratio.IT.Res.HH.Thermal
...

Sheet RES_hh_num
A1: IT - Number of households | B1: 2000 | C1: 2001 | D1: 2002 | E1: 2003 | F1: 2004 | G1: 2005 | H1: 2006 | I1: 2007 | J1: 2008 | K1: 2009 | L1: 2010 | M1: 2011 | N1: 2012 | O1: 2013 | P1: 2014 | Q1: 2015 | R1: 2016 | S1: 2017 | T1: 2018 | U1: 2019 | V1: 2020 | W1: 2021 | DA1: Code
A3: Stock of households | B3: =B4 -> 22309710 | C3: =C4 -> 22408839 | D3: =D4 -> 22504633 | E3: =E4 -> 22647215 | F3: =F4 -> 22879387 | G3: =G4 -> 23214903 | H3: =H4 -> 23450813 | I3: =I4 -> 23755098 | ... W3: =W4 -> 25822238 | DA3: NUM.number.IT.Res.HH.Thermal
A4: Space heating | B4: =SUM(B5:B13) -> 22309710 | C4: =SUM(C5:C13) -> 22408839 | D4: =SUM(D5:D13) -> 22504633 | E4: =SUM(E5:E13) -> 22647215 | F4: =SUM(F5:F13) -> 22879387 | G4: =SUM(G5:G13) -> 23214903 | H4: =SUM(H5:H13) -> 23450813 | I4: =SUM(I5:I13) -> 23755098 | ... W4: =SUM(W5:W13) -> 25822238 | DA4: NUM.number.IT.Res.HH.Thermal.SH
A5: Solids | B5: 100497 | C5: 83072 | D5: 45342 | E5: 26021 | F5: 12458 | G5: 9139 | H5: 7336 | I5: 6111 | J5: 4932 | K5: 4112 | L5: 3617 | M5: 3110 | N5: 2068 | O5: 0 | P5: 0 | Q5: 0 | R5: 0 | S5: 0 | T5: 0 | U5: 0 | V5: 0 | W5: 0 | DA5: NUM.number.IT.Res.HH.Thermal.SH.Solids
A6: Liquified petroleum gas (LPG) | B6: 1149936 | C6: 1103905 | D6: 1042572 | E6: 977845 | F6: 922216 | G6: 890853 | H6: 873070 | I6: 865146 | J6: 863779 | K6: 835497 | L6: 796221 | M6: 757994 | N6: 740607 | O6: 743687 | P6: 748642 | Q6: 749755 | R6: 752426 | S6: 753348 | T6: 761220 | U6: 776133 | V6: 788101 | W6: 792121 | DA6: NUM.number.IT.Res.HH.Thermal.SH.LPG
A7: Diesel oil | B7: 4648383 | C7: 4502732 | D7: 3993489 | E7: 3426999 | F7: 3097308 | G7: 2765685 | H7: 2485913 | I7: 2121004 | J7: 1847774 | K7: 1666446 | L7: 1494689 | M7: 1425406 | N7: 1317351 | O7: 1269067 | P7: 1196697 | Q7: 1128444 | R7: 1041673 | S7: 935774 | T7: 891087 | U7: 795933 | V7: 704361 | W7: 645409 | DA7: NUM.number.IT.Res.HH.Thermal.SH.Oil
A8: Natural gas | B8: 14442801 | C8: 14508800 | D8: 14551516 | E8: 14852321 | F8: 15065850 | G8: 14899849 | H8: 14353420 | I8: 13861494 | J8: 14221524 | K8: 14632500 | L8: 14867233 | M8: 15107142 | N8: 15389799 | O8: 15559758 | P8: 15831613 | Q8: 15875934 | R8: 15922356 | S8: 15893849 | T8: 15965509 | U8: 15767709 | V8: 15609280 | W8: 15168177 | DA8: NUM.number.IT.Res.HH.Thermal.SH.Gas
A9: Biomass | B9: 1376409 | C9: 1642425 | D9: 2316250 | E9: 2813338 | F9: 3086231 | G9: 3956467 | H9: 5057083 | I9: 6258102 | J9: 6459180 | K9: 6455851 | L9: 6481357 | M9: 6346336 | N9: 6243427 | O9: 6210149 | P9: 6482714 | Q9: 6578956 | R9: 6647041 | S9: 6819563 | T9: 6873443 | U9: 7008183 | V9: 7086972 | W9: 7238501 | DA9: NUM.number.IT.Res.HH.Thermal.SH.Biomass
A10: Geothermal | B10: 3615 | C10: 3551 | D10: 3386 | E10: 3152 | F10: 2998 | G10: 2863 | H10: 2846 | I10: 2804 | J10: 2621 | K10: 2350 | L10: 1888 | M10: 1715 | N10: 1539 | O10: 1367 | P10: 1048 | Q10: 1012 | R10: 1022 | S10: 1040 | T10: 1041 | U10: 1036 | V10: 1043 | W10: 1019 | DA10: NUM.number.IT.Res.HH.Thermal.SH.Geo
A11: Distributed heat | B11: 0 | C11: 0 | D11: 0 | E11: 0 | F11: 139247 | G11: 140777 | H11: 149776 | I11: 137604 | J11: 146598 | K11: 195499 | L11: 283653 | M11: 560046 | N11: 764186 | O11: 943332 | P11: 1025404 | Q11: 1057843 | R11: 1088229 | S11: 1092686 | T11: 1087106 | U11: 1066840 | V11: 989373 | W11: 934432 | DA11: NUM.number.IT.Res.HH.Thermal.SH.DistrHeat
A12: Advanced electric heating | B12: 13276 | C12: 15290 | D12: 20017 | E12: 27130 | F12: 37407 | G12: 48580 | H12: 57413 | I12: 67852 | J12: 83679 | K12: 109046 | L12: 142303 | M12: 173292 | N12: 193118 | O12: 207364 | P12: 214489 | Q12: 227744 | R12: 240338 | S12: 251606 | T12: 252287 | U12: 356854 | V12: 514747 | W12: 975418 | DA12: NUM.number.IT.Res.HH.Thermal.SH.AdvElc
A13: Conventional electric heating | B13: 574793 | C13: 549064 | D13: 532061 | E13: 520409 | F13: 515672 | G13: 500690 | H13: 463956 | I13: 434981 | J13: 417832 | K13: 418809 | L13: 428270 | M13: 422240 | N13: 387621 | O13: 323518 | P13: 275982 | Q13: 267620 | R13: 254542 | S13: 222749 | T13: 205316 | U13: 178146 | V13: 147322 | W13: 67161 | DA13: NUM.number.IT.Res.HH.Thermal.SH.ConvElc
A14: Circulation | B14: =SUM(B5:B11) -> 21721641 | C14: =SUM(C5:C11) -> 21844485 | D14: =SUM(D5:D11) -> 21952555 | E14: =SUM(E5:E11) -> 22099676 | F14: =SUM(F5:F11) -> 22326308 | G14: =SUM(G5:G11) -> 22665633 | H14: =SUM(H5:H11) -> 22929444 | I14: =SUM(I5:I11) -> 23252265 | ... W14: =SUM(W5:W11) -> 24779659
A15: Space cooling | B15: =B16 -> 2185984 | C15: =C16 -> 2402231 | D15: =D16 -> 3041577 | E15: =E16 -> 3874805 | F15: =F16 -> 4347819 | G15: =G16 -> 4851300 | H15: =H16 -> 5344334 | I15: =I16 -> 6030057 | ... W15: =W16 -> 12549893 | DA15: NUM.number.IT.Res.HH.Thermal.SC
A16: Air conditioning | B16: 2185984 | C16: 2402231 | D16: 3041577 | E16: 3874805 | F16: 4347819 | G16: 4851300 | H16: 5344334 | I16: 6030057 | J16: 6851543 | K16: 7490701 | L16: 7815712 | M16: 8184672 | N16: 8715177 | O16: 9244018 | P16: 9484777 | Q16: 9628345 | R16: 10015445 | S16: 10362864 | T16: 11144030 | U16: 11769750 | V16: 12377715 | W16: 12549893 | DA16: NUM.number.IT.Res.HH.Thermal.SC.AC
A17: Water heating | B17: =SUM(B18:B25) -> 22309710 | C17: =SUM(C18:C25) -> 22408839 | D17: =SUM(D18:D25) -> 22504633 | E17: =SUM(E18:E25) -> 22647215 | F17: =SUM(F18:F25) -> 22879387 | G17: =SUM(G18:G25) -> 23214903 | H17: =SUM(H18:H25) -> 23450813 | I17: =SUM(I18:I25) -> 23755098 | ... W17: =SUM(W18:W25) -> 25822238 | DA17: NUM.number.IT.Res.HH.Thermal.WH
A18: Solids | B18: 0 | C18: 0 | D18: 0 | E18: 0 | F18: 0 | G18: 0 | H18: 0 | I18: 0 | J18: 0 | K18: 0 | L18: 0 | M18: 0 | N18: 0 | O18: 0 | P18: 0 | Q18: 0 | R18: 0 | S18: 0 | T18: 0 | U18: 0 | V18: 0 | W18: 0 | DA18: NUM.number.IT.Res.HH.Thermal.WH.Solids
A19: Liquified petroleum gas (LPG) | B19: 1502272 | C19: 1510721 | D19: 1553365 | E19: 1605752 | F19: 1615275 | G19: 1605787 | H19: 1568725 | I19: 1488152 | J19: 1453640 | K19: 1439821 | L19: 1442046 | M19: 1442407 | N19: 1371576 | O19: 1288309 | P19: 1218692 | Q19: 1213458 | R19: 1256447 | S19: 1327679 | T19: 1389710 | U19: 1460018 | V19: 1536067 | W19: 1653796 | DA19: NUM.number.IT.Res.HH.Thermal.WH.LPG
A20: Diesel oil | B20: 2523883 | C20: 2418134 | D20: 2218243 | E20: 2047196 | F20: 1977168 | G20: 1847915 | H20: 1721082 | I20: 1542628 | J20: 1402284 | K20: 1255679 | L20: 1076390 | M20: 976557 | N20: 874205 | O20: 835268 | P20: 801877 | Q20: 761553 | R20: 717286 | S20: 665853 | T20: 655400 | U20: 603669 | V20: 558560 | W20: 555240 | DA20: NUM.number.IT.Res.HH.Thermal.WH.Oil
A21: Natural gas | B21: 12506676 | C21: 12597479 | D21: 12522659 | E21: 12525635 | F21: 12272820 | G21: 12501610 | H21: 12591027 | I21: 12947994 | J21: 13233549 | K21: 13678418 | L21: 14014716 | M21: 14189325 | N21: 14537399 | O21: 14766555 | P21: 15228873 | Q21: 15437807 | R21: 15546861 | S21: 15563134 | T21: 15575077 | U21: 15425975 | V21: 15273148 | W21: 14904756 | DA21: NUM.number.IT.Res.HH.Thermal.WH.Gas
A22: Biomass | B22: 247404 | C22: 302905 | D22: 433447 | E22: 546256 | F22: 671966 | G22: 815508 | H22: 983163 | I22: 1102862 | J22: 1212388 | K22: 1273376 | L22: 1347377 | M22: 1431249 | N22: 1509534 | O22: 1580047 | P22: 1654144 | Q22: 1675185 | R22: 1680406 | S22: 1716714 | T22: 1709075 | U22: 1775641 | V22: 1850827 | W22: 2062405 | DA22: NUM.number.IT.Res.HH.Thermal.WH.Biomass
A23: Geothermal | B23: 1985 | C23: 1988 | D23: 2020 | E23: 2009 | F23: 1984 | G23: 1958 | H23: 1970 | I23: 1987 | J23: 1936 | K23: 1742 | L23: 1370 | M23: 1218 | N23: 1090 | O23: 987 | P23: 817 | Q23: 805 | R23: 814 | S23: 816 | T23: 850 | U23: 872 | V23: 877 | W23: 903 | DA23: NUM.number.IT.Res.HH.Thermal.WH.Geo
A24: Distributed heat | B24: 0 | C24: 0 | D24: 0 | E24: 0 | F24: 114146 | G24: 112134 | H24: 124108 | I24: 121378 | J24: 123578 | K24: 134445 | L24: 176508 | M24: 501473 | N24: 692017 | O24: 868732 | P24: 961915 | Q24: 997295 | R24: 1022764 | S24: 1021970 | T24: 989192 | U24: 952427 | V24: 838818 | W24: 803162 | DA24: NUM.number.IT.Res.HH.Thermal.WH.DistrHeat
A25: Electricity | B25: 5527490 | C25: 5577612 | D25: 5774899 | E25: 5920367 | F25: 6226028 | G25: 6329991 | H25: 6460738 | I25: 6550097 | J25: 6620544 | K25: 6536629 | L25: 6440824 | M25: 6255052 | N25: 6053895 | O25: 5918344 | P25: 5910271 | Q25: 5801205 | R25: 5723049 | S25: 5674449 | T25: 5717705 | U25: 5732232 | V25: 5782902 | W25: 5841976 | DA25: NUM.number.IT.Res.HH.Thermal.WH.Elc
A26: Solar | B26: 101155 | C26: 111535 | D26: 127100 | E26: 148414 | F26: 169810 | G26: 251364 | H26: 322978 | I26: 507862 | J26: 696718 | K26: 853583 | L26: 1185893 | M26: 1196886 | N26: 1318062 | O26: 1463272 | P26: 1695025 | Q26: 1706618 | R26: 1766176 | S26: 1847304 | T26: 1901659 | U26: 2022917 | V26: 2189874 | W26: 2680854 | DA26: NUM.number.IT.Res.HH.Thermal.WH.Solar
A27: Cooking | B27: =SUM(B28:B32) -> 22309710 | C27: =SUM(C28:C32) -> 22408839 | D27: =SUM(D28:D32) -> 22504633 | E27: =SUM(E28:E32) -> 22647215 | F27: =SUM(F28:F32) -> 22879387 | G27: =SUM(G28:G32) -> 23214903 | H27: =SUM(H28:H32) -> 23450813 | I27: =SUM(I28:I32) -> 23755098 | ... W27: =SUM(W28:W32) -> 25822238 | DA27: NUM.number.IT.Res.HH.Thermal.CO
A28: Solids | B28: 0 | C28: 0 | D28: 0 | E28: 0 | F28: 0 | G28: 0 | H28: 0 | I28: 0 | J28: 0 | K28: 0 | L28: 0 | M28: 0 | N28: 0 | O28: 0 | P28: 0 | Q28: 0 | R28: 0 | S28: 0 | T28: 0 | U28: 0 | V28: 0 | W28: 0 | DA28: NUM.number.IT.Res.HH.Thermal.CO.Solids
A29: Liquified petroleum gas (LPG) | B29: 3091375 | C29: 3002635 | D29: 2968398 | E29: 2950763 | F29: 2968803 | G29: 2961020 | H29: 2995127 | I29: 3082429 | J29: 3204898 | K29: 3208541 | L29: 3210548 | M29: 3225712 | N29: 3285346 | O29: 3306333 | P29: 3417204 | Q29: 3350898 | R29: 3308142 | S29: 3183313 | T29: 3135474 | U29: 3082202 | V29: 3039562 | W29: 3113390 | DA29: NUM.number.IT.Res.HH.Thermal.CO.LPG
A30: Natural gas | B30: 13917834 | C30: 13881041 | D30: 13798525 | E30: 13809650 | F30: 13616324 | G30: 13791156 | H30: 13473350 | I30: 13289709 | J30: 13299204 | K30: 13741595 | L30: 14292649 | M30: 14775541 | N30: 14979179 | O30: 15010554 | P30: 15424835 | Q30: 15485788 | R30: 15545917 | S30: 15511628 | T30: 15531724 | U30: 15371644 | V30: 15197309 | W30: 14759015 | DA30: NUM.number.IT.Res.HH.Thermal.CO.Gas
A31: Biomass | B31: 115780 | C31: 136116 | D31: 167479 | E31: 197005 | F31: 241624 | G31: 315832 | H31: 414218 | I31: 533547 | J31: 617827 | K31: 650752 | L31: 654693 | M31: 650070 | N31: 671501 | O31: 708406 | P31: 764302 | Q31: 774460 | R31: 756311 | S31: 724672 | T31: 688355 | U31: 672657 | V31: 667580 | W31: 668868 | DA31: NUM.number.IT.Res.HH.Thermal.CO.Biomass
A32: Electricity | B32: 5184721 | C32: 5389047 | D32: 5570231 | E32: 5689797 | F32: 6052636 | G32: 6146895 | H32: 6568118 | I32: 6849413 | J32: 6925990 | K32: 6719222 | L32: 6341341 | M32: 6145958 | N32: 6103690 | O32: 6232949 | P32: 6170248 | Q32: 6276162 | R32: 6337257 | S32: 6551002 | T32: 6681456 | U32: 6824331 | V32: 6936748 | W32: 7280965 | DA32: NUM.number.IT.Res.HH.Thermal.CO.Elc

Sheet RES_hh_fec
A1: IT - Final energy consumption | B1: 2000 | C1: 2001 | D1: 2002 | E1: 2003 | F1: 2004 | G1: 2005 | H1: 2006 | I1: 2007 | J1: 2008 | K1: 2009 | L1: 2010 | M1: 2011 | N1: 2012 | O1: 2013 | P1: 2014 | Q1: 2015 | R1: 2016 | S1: 2017 | T1: 2018 | U1: 2019 | V1: 2020 | W1: 2021 | DA1: Code
A3: Final energy consumption (ktoe) | B3: =SUM(B4,B15,B17,B27) -> 24217.459 | C3: =SUM(C4,C15,C17,C27) -> 25494.291 | D3: =SUM(D4,D15,D17,D27) -> 25297.24 | E3: =SUM(E4,E15,E17,E27) -> 28107.414 | F3: =SUM(F4,F15,F17,F27) -> 27886.952 | G3: =SUM(G4,G15,G17,G27) -> 30317.375 | H3: =SUM(H4,H15,H17,H27) -> 28750.947 | I3: =SUM(I4,I15,I17,I27) -> 28576.755 | ... W3: =SUM(W4,W15,W17,W27) -> 26592.634 | DA3: FEC.ktoe.IT.Res.HH.Thermal
A4: Space heating | B4: =SUM(B5:B14) -> 18161.284 | C4: =SUM(C5:C14) -> 19367.542 | D4: =SUM(D5:D14) -> 19124.356 | E4: =SUM(E5:E14) -> 21881.342 | F4: =SUM(F5:F14) -> 21722.053 | G4: =SUM(G5:G14) -> 24182.811 | H4: =SUM(H5:H14) -> 22633.211 | I4: =SUM(I5:I14) -> 22837.101 | ... W4: =SUM(W5:W14) -> 21819.534 | DA4: FEC.ktoe.IT.Res.HH.Thermal.SH
A5: Solids | B5: 64.912554 | C5: 74.712984 | D5: 16.815993 | E5: 16.816079 | F5: 7.6202064 | G5: 6.9852107 | H5: 6.9852107 | I5: 5.4985383 | J5: 4.266896 | K5: 3.6646604 | L5: 3.6261393 | M5: 3.6199484 | N5: 2.4197764 | O5: 0 | P5: 0 | Q5: 0 | R5: 0 | S5: 0 | T5: 0 | U5: 0 | V5: 0 | W5: 0 | DA5: FEC.ktoe.IT.Res.HH.Thermal.SH.Solids.Solids
A6: Liquified petroleum gas (LPG) | B6: 984.00836 | C6: 970.81419 | D6: 936.56687 | E6: 1002.9357 | F6: 909.34639 | G6: 1009.4296 | H6: 906.63195 | I6: 887.9485 | J6: 997.98565 | K6: 932.58326 | L6: 910.43032 | M6: 750.44998 | N6: 769.73271 | O6: 778.77602 | P6: 684.24452 | Q6: 703.76217 | R6: 725.13067 | S6: 736.58894 | T6: 697.56891 | U6: 708.73597 | V6: 688.36848 | W6: 746.47604 | DA6: FEC.ktoe.IT.Res.HH.Thermal.SH.LPG.LPG
A7: Diesel oil | B7: 3965.3206 | C7: 4452.169 | D7: 3909.3523 | E7: 3285.6332 | F7: 3420.8864 | G7: 3398.188 | H7: 2974.5333 | I7: 2327.9125 | J7: 2230.9988 | K7: 2167.9303 | L7: 1770.6549 | M7: 1635.7421 | N7: 1446.7963 | O7: 1370.2924 | P7: 1024.9942 | Q7: 1157.225 | R7: 1051.4031 | S7: 841.19708 | T7: 962.38655 | U7: 764.60612 | V7: 684.61865 | W7: 648.82003 | DA7: FEC.ktoe.IT.Res.HH.Thermal.SH.Oil.Oil_LiqBio
A8: Natural gas | B8: 11353.774 | C8: 12059.11 | D8: 11647.135 | E8: 13602.328 | F8: 14513.736 | G8: 15178.995 | H8: 13569.193 | I8: 12694.878 | J8: 13094.825 | K8: 13670.627 | L8: 15243.112 | M8: 14584.473 | N8: 14758.429 | O8: 14691.984 | P8: 12011.894 | Q8: 13717.083 | R8: 13765.112 | S8: 13873.146 | T8: 13168.474 | U8: 12842.44 | V8: 12639.371 | W8: 12803.468 | DA8: FEC.ktoe.IT.Res.HH.Thermal.SH.Gas.NG_Biogas
A9: Biomass | B9: 1217.9398 | C9: 1266.0091 | D9: 2054.4554 | E9: 3371.2722 | F9: 2110.4559 | G9: 3741.7892 | H9: 4450.6287 | I9: 6257.0736 | J9: 7446.5432 | K9: 7149.317 | L9: 6907.5362 | M9: 4328.416 | N9: 6368.8705 | O9: 6360.5024 | P9: 5384.7405 | Q9: 6111.8986 | R9: 5901.6203 | S9: 6459.5457 | T9: 5976.5615 | U9: 5968.1787 | V9: 5748.9512 | W9: 6505.3122 | DA9: FEC.ktoe.IT.Res.HH.Thermal.SH.Biomass.Biomass_Waste
A10: Geothermal | B10: 2.0322016 | C10: 2.0831228 | D10: 2.0716463 | E10: 2.1003847 | F10: 2.0470254 | G10: 2.0700485 | H10: 2.0546702 | I10: 2.0534343 | J10: 2.0650145 | K10: 2.0696274 | L10: 1.2026097 | M10: 1.1821086 | N10: 1.3690166 | O10: 1.2629418 | P10: 0.39610977 | Q10: 0.76542222 | R10: 0.7864142 | S10: 0.78336889 | T10: 0.87444462 | U10: 0.84421601 | V10: 0.77728306 | W10: 0.74220325 | DA10: FEC.ktoe.IT.Res.HH.Thermal.SH.Geo.Geo
A11: Distributed heat | B11: 0 | C11: 0 | D11: 0 | E11: 0 | F11: 134.62972 | G11: 138.92055 | H11: 124.49648 | I11: 115.51166 | J11: 37.785424 | K11: 45.188989 | L11: 108.00507 | M11: 490.04153 | N11: 608.8523 | O11: 816.64703 | P11: 699.95722 | Q11: 790.92403 | R11: 824.23878 | S11: 789.62647 | T11: 951.23249 | U11: 774.91717 | V11: 770.89087 | W11: 639.75821 | DA11: FEC.ktoe.IT.Res.HH.Thermal.SH.DistrHeat.Steam_Distr
A12: Advanced electric heating | B12: 3.7913411 | C12: 4.8350919 | D12: 5.70198 | E12: 7.7334628 | F12: 11.62045 | G12: 17.642573 | H12: 16.923509 | I12: 19.333026 | J12: 23.040438 | K12: 28.369876 | L12: 42.109946 | M12: 44.989876 | N12: 51.415086 | O12: 56.063325 | P12: 42.937688 | Q12: 52.294922 | R12: 53.586704 | S12: 58.224064 | T12: 54.578591 | U12: 46.20449 | V12: 41.737582 | W12: 245.86024 | DA12: FEC.ktoe.IT.Res.HH.Thermal.SH.AdvElc.Elec
A13: Conventional electric heating | B13: 360.85168 | C13: 317.8326 | D13: 340.44463 | E13: 375.20058 | F13: 372.52203 | G13: 432.14185 | H13: 351.45078 | I13: 307.42797 | J13: 334.87864 | K13: 317.37741 | L13: 376.95198 | M13: 378.45281 | N13: 354.45069 | O13: 257.831 | P13: 154.05492 | Q13: 235.37313 | R13: 235.57532 | S13: 156.58973 | T13: 158.49212 | U13: 161.10266 | V13: 149.32313 | W13: 4.8700298 | DA13: FEC.ktoe.IT.Res.HH.Thermal.SH.ConvElc.Elec
A14: Electricity in circulation | B14: 208.65392 | C14: 219.9753 | D14: 211.81203 | E14: 217.32234 | F14: 239.18854 | G14: 256.6494 | H14: 230.31346 | I14: 219.46446 | J14: 224.57548 | K14: 230.83735 | L14: 257.57137 | M14: 239.70497 | N14: 243.17578 | O14: 265.79266 | P14: 224.62436 | Q14: 233.56403 | R14: 234.37804 | S14: 238.05178 | T14: 228.75369 | U14: 226.31015 | V14: 223.09312 | W14: 224.22694 | DA14: FEC.ktoe.IT.Res.HH.Thermal.SH.TotalCirculation.Elec
A15: Space cooling | B15: =B16 -> 67.348167 | C15: =C16 -> 83.899502 | D15: =D16 -> 72.073478 | E15: =E16 -> 233.66474 | F15: =F16 -> 98.162402 | G15: =G16 -> 103.5606 | H15: =H16 -> 140.64804 | I15: =I16 -> 137.8975 | ... W15: =W16 -> 250.08816 | DA15: FEC.ktoe.IT.Res.HH.Thermal.SC
A16: Air conditioning | B16: 67.348167 | C16: 83.899502 | D16: 72.073478 | E16: 233.66474 | F16: 98.162402 | G16: 103.5606 | H16: 140.64804 | I16: 137.8975 | J16: 182.73976 | K16: 199.26098 | L16: 159.86503 | M16: 181.57302 | N16: 296.28665 | O16: 179.64448 | P16: 132.15016 | Q16: 271.00834 | R16: 188.15993 | S16: 277.90138 | T16: 214.01478 | U16: 263.64885 | V16: 206.10507 | W16: 250.08816 | DA16: FEC.ktoe.IT.Res.HH.Thermal.SC.AC.Elec
A17: Water heating | B17: =SUM(B18:B26) -> 4134.713 | C17: =SUM(C18:C26) -> 4164.271 | D17: =SUM(D18:D26) -> 4200.2306 | E17: =SUM(E18:E26) -> 4114.6411 | F17: =SUM(F18:F26) -> 4119.3311 | G17: =SUM(G18:G26) -> 4130.4139 | H17: =SUM(H18:H26) -> 4083.1051 | I17: =SUM(I18:I26) -> 3888.2437 | ... W17: =SUM(W18:W26) -> 2927.2641 | DA17: FEC.ktoe.IT.Res.HH.Thermal.WH
A18: Solids | B18: 0 | C18: 0 | D18: 0 | E18: 0 | F18: 0 | G18: 0 | H18: 0 | I18: 0 | J18: 0 | K18: 0 | L18: 0 | M18: 0 | N18: 0 | O18: 0 | P18: 0 | Q18: 0 | R18: 0 | S18: 0 | T18: 0 | U18: 0 | V18: 0 | W18: 0 | DA18: FEC.ktoe.IT.Res.HH.Thermal.WH.Solids.Solids
A19: Liquified petroleum gas (LPG) | B19: 269.8965 | C19: 274.40978 | D19: 277.05047 | E19: 280.80581 | F19: 318.37602 | G19: 287.25859 | H19: 273.44205 | I19: 238.22455 | J19: 223.38517 | K19: 224.30632 | L19: 240.78557 | M19: 268.1351 | N19: 236.85635 | O19: 212.70098 | P19: 182.16813 | Q19: 181.62573 | R19: 187.14116 | S19: 195.64393 | T19: 199.12348 | U19: 194.87265 | V19: 196.14054 | W19: 194.25628 | DA19: FEC.ktoe.IT.Res.HH.Thermal.WH.LPG.LPG
A20: Diesel oil | B20: 512.93015 | C20: 493.94731 | D20: 453.65043 | E20: 381.76903 | F20: 416.41655 | G20: 374.13925 | H20: 350.51211 | I20: 275.77528 | J20: 251.25493 | K20: 239.14434 | L20: 183.56787 | M20: 198.72813 | N20: 155.82622 | O20: 146.5939 | P20: 137.96559 | Q20: 131.87401 | R20: 119.67744 | S20: 98.473082 | T20: 121.25248 | U20: 92.740566 | V20: 86.024171 | W20: 74.49742 | DA20: FEC.ktoe.IT.Res.HH.Thermal.WH.Oil.Oil_LiqBio
A21: Natural gas | B21: 2407.3595 | C21: 2467.1154 | D21: 2433.438 | E21: 2437.9403 | F21: 2245.8526 | G21: 2338.3225 | H21: 2287.1674 | I21: 2248.0296 | J21: 2027.0691 | K21: 2192.1999 | L21: 2429.3564 | M21: 2367.6119 | N21: 2453.5836 | O21: 2429.7807 | P21: 2239.3333 | Q21: 2338.9122 | R21: 2372.9397 | S21: 2306.1409 | T21: 2271.2262 | U21: 2205.5342 | V21: 2157.0172 | W21: 1715.003 | DA21: FEC.ktoe.IT.Res.HH.Thermal.WH.Gas.NG_Biogas
A22: Biomass | B22: 52.265067 | C22: 52.501596 | D22: 89.025111 | E22: 102.94383 | F22: 112.33987 | G22: 136.66929 | H22: 173.98481 | I22: 170.12703 | J22: 181.19022 | K22: 181.15121 | L22: 201.10387 | M22: 229.94821 | N22: 227.39967 | O22: 225.73547 | P22: 240.4473 | Q22: 231.05921 | R22: 222.97077 | S22: 244.37676 | T22: 225.78112 | U22: 225.37976 | V22: 216.64978 | W22: 236.49549 | DA22: FEC.ktoe.IT.Res.HH.Thermal.WH.Biomass.Biomass_Waste
A23: Geothermal | B23: 0.28456539 | C23: 0.28145156 | D23: 0.29292809 | E23: 0.26418967 | F23: 0.2697416 | G23: 0.24671852 | H23: 0.26209678 | I23: 0.26333273 | J23: 0.25175246 | K23: 0.24713959 | L23: 0.13496552 | M23: 0.15546665 | N23: 0.15961629 | O23: 0.14625857 | P23: 0.057716541 | Q23: 0.094423006 | R23: 0.097334722 | S23: 0.097026643 | T23: 0.10956226 | U23: 0.10823455 | V23: 0.10036097 | W23: 0.09597388 | DA23: FEC.ktoe.IT.Res.HH.Thermal.WH.Geo.Geo
A24: Distributed heat | B24: 0 | C24: 0 | D24: 0 | E24: 0 | F24: 21.360563 | G24: 19.935852 | H24: 19.121577 | I24: 17.835978 | J24: 5.469606 | K24: 6.4972539 | L24: 14.594503 | M24: 77.59966 | N24: 85.472718 | O24: 113.87266 | P24: 118.42438 | Q24: 117.47855 | R24: 122.42691 | S24: 115.31592 | T24: 140.38901 | U24: 112.96563 | V24: 98.73063 | W24: 70.699317 | DA24: FEC.ktoe.IT.Res.HH.Thermal.WH.DistrHeat.Steam_Distr
A25: Electricity | B25: 883.4982 | C25: 866.58099 | D25: 935.8585 | E25: 898.40235 | F25: 990.31337 | G25: 952.56053 | H25: 951.50605 | I25: 897.31241 | J25: 878.29624 | K25: 836.83292 | L25: 830.02408 | M25: 864.97377 | N25: 764.07578 | O25: 699.00187 | P25: 691.75501 | Q25: 631.31712 | R25: 613.533 | S25: 600.74198 | T25: 586.2256 | U25: 574.70548 | V25: 534.80561 | W25: 447.25963 | DA25: FEC.ktoe.IT.Res.HH.Thermal.WH.Elc.Elec
A26: Solar | B26: 8.4790198 | C26: 9.4343938 | D26: 10.915219 | E26: 12.515563 | F26: 14.402408 | G26: 21.281169 | H26: 27.109028 | I26: 40.675494 | J26: 52.092261 | K26: 66.160275 | L26: 99.264316 | M26: 103.87412 | N26: 114.93267 | O26: 124.43869 | P26: 132.86999 | Q26: 140.53689 | R26: 148.06053 | S26: 154.49106 | T26: 161.63181 | U26: 168.6804 | V26: 180.18349 | W26: 188.95692 | DA26: FEC.ktoe.IT.Res.HH.Thermal.WH.TotalSolar.Solar
A27: Cooking | B27: =SUM(B28:B32) -> 1854.114 | C27: =SUM(C28:C32) -> 1878.5785 | D27: =SUM(D28:D32) -> 1900.5801 | E27: =SUM(E28:E32) -> 1877.7656 | F27: =SUM(F28:F32) -> 1947.4056 | G27: =SUM(G28:G32) -> 1900.5895 | H27: =SUM(H28:H32) -> 1893.9829 | I27: =SUM(I28:I32) -> 1713.5128 | ... W27: =SUM(W28:W32) -> 1595.7477 | DA27: FEC.ktoe.IT.Res.HH.Thermal.CO
A28: Solids | B28: 0 | C28: 0 | D28: 0 | E28: 0 | F28: 0 | G28: 0 | H28: 0 | I28: 0 | J28: 0 | K28: 0 | L28: 0 | M28: 0 | N28: 0 | O28: 0 | P28: 0 | Q28: 0 | R28: 0 | S28: 0 | T28: 0 | U28: 0 | V28: 0 | W28: 0 | DA28: FEC.ktoe.IT.Res.HH.Thermal.CO.Solids.Solids
A29: Liquified petroleum gas (LPG) | B29: 274.3745 | C29: 259.9829 | D29: 260.82617 | E29: 253.32734 | F29: 273.08962 | G29: 254.6637 | H29: 247.12575 | I29: 231.80915 | J29: 236.59229 | K29: 225.26382 | L29: 219.95067 | M29: 226.23194 | N29: 199.7738 | O29: 200.60289 | P29: 213.60077 | Q29: 200.1189 | R29: 206.19576 | S29: 215.5643 | T29: 219.39763 | U29: 214.71391 | V29: 216.11145 | W29: 214.03492 | DA29: FEC.ktoe.IT.Res.HH.Thermal.CO.LPG.LPG
A30: Natural gas | B30: 1213.652 | C30: 1220.1628 | D30: 1220.3083 | E30: 1232.5388 | F30: 1177.2985 | G30: 1228.4694 | H30: 1160.5573 | I30: 999.16077 | J30: 892.85234 | K30: 957.87388 | L30: 1025.1243 | M30: 1037.5542 | N30: 904.53944 | O30: 951.32207 | P30: 899.61138 | Q30: 929.55895 | R30: 959.41152 | S30: 1081.324 | T30: 1059.6902 | U30: 1078.6712 | V30: 1136.2084 | W30: 961.29899 | DA30: FEC.ktoe.IT.Res.HH.Thermal.CO.Gas.NG_Biogas
A31: Biomass | B31: 10.013881 | C31: 11.841856 | D31: 16.627449 | E31: 16.927565 | F31: 21.175746 | G31: 26.68141 | H31: 34.31449 | I31: 46.918075 | J31: 46.724312 | K31: 50.013321 | L31: 54.238502 | M31: 43.345982 | N31: 41.094899 | O31: 46.460194 | P31: 50.340054 | Q31: 50.50738 | R31: 48.739324 | S31: 53.418458 | T31: 49.353635 | U31: 49.265907 | V31: 47.3576 | W31: 51.695686 | DA31: FEC.ktoe.IT.Res.HH.Thermal.CO.Biomass.Biomass_Waste
A32: Electricity | B32: 356.07369 | C32: 386.59101 | D32: 402.81819 | E32: 374.97189 | F32: 475.84172 | G32: 390.77501 | H32: 451.98528 | I32: 435.62478 | J32: 395.85622 | K32: 387.89187 | L32: 341.92437 | M32: 328.29943 | N32: 285.75272 | O32: 329.61404 | P32: 273.47897 | Q32: 298.68855 | R32: 295.06923 | S32: 356.25512 | T32: 356.59944 | U32: 356.18839 | V32: 369.08923 | W32: 368.71813 | DA32: FEC.ktoe.IT.Res.HH.Thermal.CO.Elc.Elec

Sheet RES_hh_tes
A1: IT - Thermal energy service | B1: 2000 | C1: 2001 | D1: 2002 | E1: 2003 | F1: 2004 | G1: 2005 | H1: 2006 | I1: 2007 | J1: 2008 | K1: 2009 | L1: 2010 | M1: 2011 | N1: 2012 | O1: 2013 | P1: 2014 | Q1: 2015 | R1: 2016 | S1: 2017 | T1: 2018 | U1: 2019 | V1: 2020 | W1: 2021 | DA1: Code
A3: Thermal energy service (ktoe useful) | B3: =SUM(B4,B15,B17,B27) -> 12475.05 | C3: =SUM(C4,C15,C17,C27) -> 13258.545 | D3: =SUM(D4,D15,D17,D27) -> 13338.526 | E3: =SUM(E4,E15,E17,E27) -> 15286.808 | F3: =SUM(F4,F15,F17,F27) -> 15225.348 | G3: =SUM(G4,G15,G17,G27) -> 16767.122 | H3: =SUM(H4,H15,H17,H27) -> 16257.851 | I3: =SUM(I4,I15,I17,I27) -> 16483.838 | ... W3: =SUM(W4,W15,W17,W27) -> 20718.109 | DA3: TES.ktoe.IT.Res.HH.Thermal
A4: Space heating | B4: =SUM(B5:B14) -> 8891.3588 | C4: =SUM(C5:C14) -> 9584.1729 | D4: =SUM(D5:D14) -> 9612.513 | E4: =SUM(E5:E14) -> 11242.157 | F4: =SUM(F5:F14) -> 11367.43 | G4: =SUM(G5:G14) -> 12894.431 | H4: =SUM(H5:H14) -> 12269.609 | I4: =SUM(I5:I14) -> 12685.657 | ... W4: =SUM(W5:W14) -> 16444.793 | DA4: TES.ktoe.IT.Res.HH.Thermal.SH
A5: Solids | B5: 38.710894 | C5: 44.555425 | D5: 10.028293 | E5: 10.028345 | F5: 4.5443445 | G5: 4.1656619 | H5: 4.1656619 | I5: 3.2790781 | J5: 2.5445827 | K5: 2.1854368 | L5: 2.1624645 | M5: 2.1587726 | N5: 1.4430446 | O5: 0 | P5: 0 | Q5: 0 | R5: 0 | S5: 0 | T5: 0 | U5: 0 | V5: 0 | W5: 0 | DA5: TES.ktoe.IT.Res.HH.Thermal.SH.Solids.Solids
A6: Liquified petroleum gas (LPG) | B6: 458.4971 | C6: 454.58811 | D6: 440.29633 | E6: 473.53748 | F6: 432.17524 | G6: 485.34305 | H6: 442.67068 | I6: 441.69612 | J6: 507.15605 | K6: 483.44109 | L6: 482.27807 | M6: 408.21606 | N6: 434.16272 | O6: 456.73311 | P6: 404.12539 | Q6: 419.59981 | R6: 437.97791 | S6: 452.21897 | T6: 435.99504 | U6: 452.15248 | V6: 448.77747 | W6: 497.48238 | DA6: TES.ktoe.IT.Res.HH.Thermal.SH.LPG.LPG
A7: Diesel oil | B7: 1756.1962 | C7: 1983.7252 | D7: 1742.7865 | E7: 1465.3073 | F7: 1525.7538 | G7: 1515.9508 | H7: 1327.4538 | I7: 1039.6864 | J7: 997.45122 | K7: 988.12541 | L7: 833.56596 | M7: 814.6536 | N7: 773.34148 | O7: 796.34749 | P7: 597.59678 | Q7: 677.06156 | R7: 618.00611 | S7: 497.50968 | T7: 569.1849 | U7: 452.22671 | V7: 404.92037 | W7: 383.83499 | DA7: TES.ktoe.IT.Res.HH.Thermal.SH.Oil.Oil_LiqBio
A8: Natural gas | B8: 5639.44 | C8: 6069.2746 | D8: 5944.75 | E8: 7066.8921 | F8: 7674.6386 | G8: 8147.8568 | H8: 7377.2904 | I8: 7007.2145 | J8: 7414.9588 | K8: 7953.0506 | L8: 9109.568 | M8: 8973.2848 | N8: 9379.6442 | O8: 9620.1948 | P8: 7934.4229 | Q8: 9153.2152 | R8: 9307.7632 | S8: 9535.4701 | T8: 9203.0076 | U8: 9107.4157 | V8: 9087.3702 | W8: 9308.557 | DA8: TES.ktoe.IT.Res.HH.Thermal.SH.Gas.NG_Biogas
A9: Biomass | B9: 539.95997 | C9: 589.25727 | D9: 1022.5581 | E9: 1740.725 | F9: 1114.1038 | G9: 2051.0095 | H9: 2520.0105 | I9: 3637.2111 | J9: 4373.9797 | K9: 4234.7462 | L9: 4132.4304 | M9: 2612.2744 | N9: 3886.8563 | O9: 3931.8675 | P9: 3369.7166 | Q9: 3871.4194 | R9: 3795.8428 | S9: 4244.8948 | T9: 4012.9845 | U9: 4094.7016 | V9: 4026.3437 | W9: 4662.0662 | DA9: TES.ktoe.IT.Res.HH.Thermal.SH.Biomass.Biomass_Waste
A10: Geothermal | B10: 1.453289 | C10: 1.4957222 | D10: 1.4915118 | E10: 1.5147655 | F10: 1.4822984 | G10: 1.5068726 | H10: 1.5095162 | I10: 1.5228284 | J10: 1.5420694 | K10: 1.5549204 | L10: 0.90966378 | M10: 0.90289408 | N10: 1.0653225 | O10: 1.0021549 | P10: 0.31472934 | Q10: 0.60840126 | R10: 0.62826656 | S10: 0.63116047 | T10: 0.70978883 | U10: 0.69075183 | V10: 0.64209717 | W10: 0.61844329 | DA10: TES.ktoe.IT.Res.HH.Thermal.SH.Geo.Geo
A11: Distributed heat | B11: 0 | C11: 0 | D11: 0 | E11: 0 | F11: 102.39767 | G11: 105.66492 | H11: 94.730473 | I11: 87.893991 | J11: 28.77313 | K11: 34.541895 | L11: 82.950578 | M11: 379.32142 | N11: 473.31654 | O11: 637.47603 | P11: 547.75239 | Q11: 620.09629 | R11: 647.74018 | S11: 621.83431 | T11: 750.91692 | U11: 613.40227 | V11: 611.16826 | W11: 507.55857 | DA11: TES.ktoe.IT.Res.HH.Thermal.SH.DistrHeat.Steam_Distr
A12: Advanced electric heating | B12: 4.9354412 | C12: 6.4405468 | D12: 7.9695735 | E12: 11.456642 | F12: 18.322812 | G12: 29.357201 | H12: 29.318072 | I12: 34.967459 | J12: 43.955275 | K12: 57.713428 | L12: 91.227728 | M12: 102.46293 | N12: 121.32665 | O12: 136.37425 | P12: 106.57456 | Q12: 133.97186 | R12: 142.0066 | S12: 159.94298 | T12: 154.24248 | U12: 142.33158 | V12: 137.05108 | W12: 856.83702 | DA12: TES.ktoe.IT.Res.HH.Thermal.SH.AdvElc.Elec
A13: Conventional electric heating | B13: 243.51196 | C13: 214.86067 | D13: 230.82065 | E13: 255.37276 | F13: 254.8226 | G13: 296.92723 | H13: 242.14666 | I13: 212.72059 | J13: 233.24157 | K13: 223.20028 | L13: 268.10417 | M13: 272.08151 | N13: 257.39531 | O13: 188.85412 | P13: 112.89611 | Q13: 172.54024 | R13: 172.91256 | S13: 115.17793 | T13: 116.83529 | U13: 119.045 | V13: 110.57664 | W13: 3.6116912 | DA13: TES.ktoe.IT.Res.HH.Thermal.SH.ConvElc.Elec
A14: Electricity in circulation | B14: 208.65392 | C14: 219.9753 | D14: 211.81203 | E14: 217.32234 | F14: 239.18854 | G14: 256.6494 | H14: 230.31346 | I14: 219.46446 | J14: 224.57548 | K14: 230.83735 | L14: 257.57137 | M14: 239.70497 | N14: 243.17578 | O14: 265.79266 | P14: 224.62436 | Q14: 233.56403 | R14: 234.37804 | S14: 238.05178 | T14: 228.75369 | U14: 226.31015 | V14: 223.09312 | W14: 224.22694 | DA14: TES.ktoe.IT.Res.HH.Thermal.SH.TotalCirculation.Elec
A15: Space cooling | B15: =B16 -> 120.96505 | C15: =C16 -> 158.80842 | D15: =D16 -> 146.98625 | E15: =E16 -> 508.80959 | F15: =F16 -> 223.60477 | G15: =G16 -> 247.13827 | H15: =H16 -> 350.83109 | I15: =I16 -> 354.66496 | ... W15: =W16 -> 977.07034 | DA15: TES.ktoe.IT.Res.HH.Thermal.SC
A16: Air conditioning | B16: 120.96505 | C16: 158.80842 | D16: 146.98625 | E16: 508.80959 | F16: 223.60477 | G16: 247.13827 | H16: 350.83109 | I16: 354.66496 | J16: 481.3338 | K16: 539.55287 | L16: 445.2317 | M16: 521.28677 | N16: 876.53876 | O16: 554.15003 | P16: 419.44089 | Q16: 886.68051 | R16: 637.88688 | S16: 976.37414 | T16: 777.86357 | U16: 985.8687 | V16: 790.11705 | W16: 977.07034 | DA16: TES.ktoe.IT.Res.HH.Thermal.SC.AC.Elec
A17: Water heating | B17: =SUM(B18:B26) -> 2265.9095 | C17: =SUM(C18:C26) -> 2296.7978 | D17: =SUM(D18:D26) -> 2341.7914 | E17: =SUM(E18:E26) -> 2314.2268 | F17: =SUM(F18:F26) -> 2351.4335 | G17: =SUM(G18:G26) -> 2381.7101 | H17: =SUM(H18:H26) -> 2385.278 | I17: =SUM(I18:I26) -> 2305.5321 | ... W17: =SUM(W18:W26) -> 2210.6956 | DA17: TES.ktoe.IT.Res.HH.Thermal.WH
A18: Solids | B18: 0 | C18: 0 | D18: 0 | E18: 0 | F18: 0 | G18: 0 | H18: 0 | I18: 0 | J18: 0 | K18: 0 | L18: 0 | M18: 0 | N18: 0 | O18: 0 | P18: 0 | Q18: 0 | R18: 0 | S18: 0 | T18: 0 | U18: 0 | V18: 0 | W18: 0 | DA18: TES.ktoe.IT.Res.HH.Thermal.WH.Solids.Solids
A19: Liquified petroleum gas (LPG) | B19: 151.90211 | C19: 155.27192 | D19: 157.79853 | E19: 161.02031 | F19: 183.74658 | G19: 166.92131 | H19: 160.11723 | I19: 140.06996 | J19: 131.69584 | K19: 132.91769 | L19: 143.59776 | M19: 161.23204 | N19: 143.72172 | O19: 130.64069 | P19: 113.62371 | Q19: 115.9278 | R19: 123.63104 | S19: 134.56865 | T19: 142.00614 | U19: 143.05712 | V19: 146.92497 | W19: 147.95024 | DA19: TES.ktoe.IT.Res.HH.Thermal.WH.LPG.LPG
A20: Diesel oil | B20: 260.16132 | C20: 250.85552 | D20: 230.42679 | E20: 194.07561 | F20: 212.27206 | G20: 191.1485 | H20: 179.59226 | I20: 141.58219 | J20: 129.65968 | K20: 124.41962 | L20: 96.634373 | M20: 106.64966 | N20: 86.055209 | O20: 83.995493 | P20: 79.699949 | Q20: 77.146349 | R20: 71.258568 | S20: 60.088353 | T20: 74.227205 | U20: 57.649015 | V20: 54.260955 | W20: 47.545027 | DA20: TES.ktoe.IT.Res.HH.Thermal.WH.Oil.Oil_LiqBio
A21: Natural gas | B21: 1263.3724 | C21: 1305.3322 | D21: 1297.4766 | E21: 1311.8062 | F21: 1218.2204 | G21: 1284.6757 | H21: 1272.3772 | I21: 1271.9401 | J21: 1166.656 | K21: 1285.572 | L21: 1451.7476 | M21: 1442.7868 | N21: 1530.6415 | O21: 1548.1325 | P21: 1442.8797 | Q21: 1526.1657 | R21: 1572.3074 | S21: 1556.8975 | T21: 1562.5818 | U21: 1544.8821 | V21: 1537.6911 | W21: 1242.4515 | DA21: TES.ktoe.IT.Res.HH.Thermal.WH.Gas.NG_Biogas
A22: Biomass | B22: 24.711623 | C22: 26.186222 | D22: 47.573215 | E22: 57.306514 | F22: 64.6851 | G22: 81.050783 | H22: 105.99055 | I22: 105.67012 | J22: 115.23244 | K22: 117.23466 | L22: 132.67867 | M22: 154.88773 | N22: 156.48544 | O22: 158.21726 | P22: 170.16274 | Q22: 164.92346 | R22: 160.86159 | S22: 179.63605 | T22: 169.53087 | U22: 173.05213 | V22: 169.689 | W22: 190.34096 | DA22: TES.ktoe.IT.Res.HH.Thermal.WH.Biomass.Biomass_Waste
A23: Geothermal | B23: 0.20257742 | C23: 0.20139654 | D23: 0.21096892 | E23: 0.19133234 | F23: 0.19645276 | G23: 0.18079465 | H23: 0.1935877 | I23: 0.19627297 | J23: 0.18972061 | K23: 0.18773268 | L23: 0.10371984 | M23: 0.12056 | N23: 0.1259654 | O23: 0.11717602 | P23: 0.046436514 | Q23: 0.07601861 | R23: 0.078617857 | S23: 0.078706789 | T23: 0.089251586 | U23: 0.088536992 | V23: 0.082531162 | W23: 0.0794103 | DA23: TES.ktoe.IT.Res.HH.Thermal.WH.Geo.Geo
A24: Distributed heat | B24: 0 | C24: 0 | D24: 0 | E24: 0 | F24: 17.308877 | G24: 16.155288 | H24: 15.504865 | I24: 14.471206 | J24: 4.4386886 | K24: 5.2790786 | L24: 11.908133 | M24: 64.092764 | N24: 70.880224 | O24: 94.826371 | P24: 98.909116 | Q24: 98.317066 | R24: 102.68691 | S24: 96.896703 | T24: 118.13205 | U24: 95.245084 | V24: 83.741951 | W24: 60.130458 | DA24: TES.ktoe.IT.Res.HH.Thermal.WH.DistrHeat.Steam_Distr
A25: Electricity | B25: 557.08047 | C25: 549.51617 | D25: 597.39008 | E25: 577.31126 | F25: 640.60156 | G25: 620.29651 | H25: 624.3933 | I25: 590.92681 | J25: 579.0199 | K25: 552.48103 | L25: 548.91573 | M25: 574.31519 | N25: 510.02792 | O25: 470.25085 | P25: 470.4895 | Q25: 434.77545 | R25: 425.88597 | S25: 421.20061 | T25: 416.72126 | U25: 415.92791 | V25: 393.30012 | W25: 333.24109 | DA25: TES.ktoe.IT.Res.HH.Thermal.WH.Elc.Elec
A26: Solar | B26: 8.4790198 | C26: 9.4343938 | D26: 10.915219 | E26: 12.515563 | F26: 14.402408 | G26: 21.281169 | H26: 27.109028 | I26: 40.675494 | J26: 52.092261 | K26: 66.160275 | L26: 99.264316 | M26: 103.87412 | N26: 114.93267 | O26: 124.43869 | P26: 132.86999 | Q26: 140.53689 | R26: 148.06053 | S26: 154.49106 | T26: 161.63181 | U26: 168.6804 | V26: 180.18349 | W26: 188.95692 | DA26: TES.ktoe.IT.Res.HH.Thermal.WH.TotalSolar.Solar
A27: Cooking | B27: =SUM(B28:B32) -> 1196.8169 | C27: =SUM(C28:C32) -> 1218.7661 | D27: =SUM(D28:D32) -> 1237.235 | E27: =SUM(E28:E32) -> 1221.6148 | F27: =SUM(F28:F32) -> 1282.88 | G27: =SUM(G28:G32) -> 1243.8419 | H27: =SUM(H28:H32) -> 1252.1328 | I27: =SUM(I28:I32) -> 1137.9845 | ... W27: =SUM(W28:W32) -> 1085.5503 | DA27: TES.ktoe.IT.Res.HH.Thermal.CO
A28: Solids | B28: 0 | C28: 0 | D28: 0 | E28: 0 | F28: 0 | G28: 0 | H28: 0 | I28: 0 | J28: 0 | K28: 0 | L28: 0 | M28: 0 | N28: 0 | O28: 0 | P28: 0 | Q28: 0 | R28: 0 | S28: 0 | T28: 0 | U28: 0 | V28: 0 | W28: 0 | DA28: TES.ktoe.IT.Res.HH.Thermal.CO.Solids.Solids
A29: Liquified petroleum gas (LPG) | B29: 169.46047 | C29: 160.7888 | D29: 161.5751 | E29: 157.20146 | F29: 169.77764 | G29: 158.61329 | H29: 154.215 | I29: 144.78136 | J29: 147.79498 | K29: 140.74953 | L29: 137.46332 | M29: 141.42178 | N29: 124.90706 | O29: 125.44434 | P29: 133.58468 | Q29: 125.16091 | R29: 128.98007 | S29: 134.87667 | T29: 137.34947 | U29: 134.52349 | V29: 135.5378 | W29: 134.40963 | DA29: TES.ktoe.IT.Res.HH.Thermal.CO.LPG.LPG
A30: Natural gas | B30: 750.09662 | C30: 755.32186 | D30: 756.64322 | E30: 765.55971 | F30: 732.51534 | G30: 765.82992 | H30: 724.88053 | I30: 624.6299 | J30: 558.29796 | K30: 599.16523 | L30: 641.45117 | M30: 649.42734 | N30: 566.30664 | O30: 595.70673 | P30: 563.37414 | Q30: 582.16765 | R30: 600.98368 | S30: 677.66228 | T30: 664.6044 | U30: 677.17331 | V30: 714.10485 | W30: 604.85816 | DA30: TES.ktoe.IT.Res.HH.Thermal.CO.Gas.NG_Biogas
A31: Biomass | B31: 5.8783638 | C31: 6.9716112 | D31: 9.8142354 | E31: 10.00935 | F31: 12.540623 | G31: 15.821059 | H31: 20.36539 | I31: 27.856623 | J31: 27.746562 | K31: 29.70437 | L31: 32.218694 | M31: 25.752387 | N31: 24.419533 | O31: 27.612561 | P31: 29.922147 | Q31: 30.023936 | R31: 28.976627 | S31: 31.765459 | T31: 29.360547 | U31: 29.331311 | V31: 28.228236 | W31: 30.858946 | DA31: TES.ktoe.IT.Res.HH.Thermal.CO.Biomass.Biomass_Waste
A32: Electricity | B32: 271.38148 | C32: 295.68382 | D32: 309.20248 | E32: 288.84424 | F32: 368.04636 | G32: 303.57769 | H32: 352.67188 | I32: 340.71666 | J32: 309.91611 | K32: 304.08933 | L32: 268.51287 | M32: 258.46256 | N32: 225.6084 | O32: 261.34743 | P32: 217.80448 | Q32: 239.04322 | R32: 237.40857 | S32: 289.07158 | T32: 292.41804 | U32: 296.27931 | V32: 311.10934 | W32: 315.42351 | DA32: TES.ktoe.IT.Res.HH.Thermal.CO.Elc.Elec

Sheet RES_hh_eff
A1: IT - System efficiency indicator of total stock | B1: 2000 | C1: 2001 | D1: 2002 | E1: 2003 | F1: 2004 | G1: 2005 | H1: 2006 | I1: 2007 | J1: 2008 | K1: 2009 | L1: 2010 | M1: 2011 | N1: 2012 | O1: 2013 | P1: 2014 | Q1: 2015 | R1: 2016 | S1: 2017 | T1: 2018 | U1: 2019 | V1: 2020 | W1: 2021 | DA1: Code
A3: Ratio of energy service to energy consumption | B3: =IF(RES_hh_tes!B3=0,"",RES_hh_tes!B3/RES_hh_fec!B3) -> 0.5151263 | C3: =IF(RES_hh_tes!C3=0,"",RES_hh_tes!C3/RES_hh_fec!C3) -> 0.52005938 | D3: =IF(RES_hh_tes!D3=0,"",RES_hh_tes!D3/RES_hh_fec!D3) -> 0.52727197 | E3: =IF(RES_hh_tes!E3=0,"",RES_hh_tes!E3/RES_hh_fec!E3) -> 0.54387103 | F3: =IF(RES_hh_tes!F3=0,"",RES_hh_tes!F3/RES_hh_fec!F3) -> 0.54596672 | G3: =IF(RES_hh_tes!G3=0,"",RES_hh_tes!G3/RES_hh_fec!G3) -> 0.55305321 | H3: =IF(RES_hh_tes!H3=0,"",RES_hh_tes!H3/RES_hh_fec!H3) -> 0.56547185 | I3: =IF(RES_hh_tes!I3=0,"",RES_hh_tes!I3/RES_hh_fec!I3) -> 0.5768268 | ... W3: =IF(RES_hh_tes!W3=0,"",RES_hh_tes!W3/RES_hh_fec!W3) -> 0.77909204 | DA3: Eff.ratio.IT.Res.HH.Thermal
A4: Space heating | B4: =IF(RES_hh_tes!B4=0,"",RES_hh_tes!B4/RES_hh_fec!B4) -> 0.48957765 | C4: =IF(RES_hh_tes!C4=0,"",RES_hh_tes!C4/RES_hh_fec!C4) -> 0.49485747 | D4: =IF(RES_hh_tes!D4=0,"",RES_hh_tes!D4/RES_hh_fec!D4) -> 0.50263198 | E4: =IF(RES_hh_tes!E4=0,"",RES_hh_tes!E4/RES_hh_fec!E4) -> 0.51377821 | F4: =IF(RES_hh_tes!F4=0,"",RES_hh_tes!F4/RES_hh_fec!F4) -> 0.52331286 | G4: =IF(RES_hh_tes!G4=0,"",RES_hh_tes!G4/RES_hh_fec!G4) -> 0.53320647 | H4: =IF(RES_hh_tes!H4=0,"",RES_hh_tes!H4/RES_hh_fec!H4) -> 0.54210644 | I4: =IF(RES_hh_tes!I4=0,"",RES_hh_tes!I4/RES_hh_fec!I4) -> 0.55548454 | ... W4: =IF(RES_hh_tes!W4=0,"",RES_hh_tes!W4/RES_hh_fec!W4) -> 0.75367298 | DA4: Eff.ratio.IT.Res.HH.Thermal.SH
A5: Solids | B5: =IF(RES_hh_tes!B5=0,"",RES_hh_tes!B5/RES_hh_fec!B5) -> 0.59635451 | C5: =IF(RES_hh_tes!C5=0,"",RES_hh_tes!C5/RES_hh_fec!C5) -> 0.59635451 | D5: =IF(RES_hh_tes!D5=0,"",RES_hh_tes!D5/RES_hh_fec!D5) -> 0.59635451 | E5: =IF(RES_hh_tes!E5=0,"",RES_hh_tes!E5/RES_hh_fec!E5) -> 0.59635451 | F5: =IF(RES_hh_tes!F5=0,"",RES_hh_tes!F5/RES_hh_fec!F5) -> 0.59635451 | G5: =IF(RES_hh_tes!G5=0,"",RES_hh_tes!G5/RES_hh_fec!G5) -> 0.59635451 | H5: =IF(RES_hh_tes!H5=0,"",RES_hh_tes!H5/RES_hh_fec!H5) -> 0.59635451 | I5: =IF(RES_hh_tes!I5=0,"",RES_hh_tes!I5/RES_hh_fec!I5) -> 0.59635451 | ... W5: =IF(RES_hh_tes!W5=0,"",RES_hh_tes!W5/RES_hh_fec!W5) | DA5: Eff.ratio.IT.Res.HH.Thermal.SH.Solids.Solids
A6: Liquified petroleum gas (LPG) | B6: =IF(RES_hh_tes!B6=0,"",RES_hh_tes!B6/RES_hh_fec!B6) -> 0.46594838 | C6: =IF(RES_hh_tes!C6=0,"",RES_hh_tes!C6/RES_hh_fec!C6) -> 0.46825449 | D6: =IF(RES_hh_tes!D6=0,"",RES_hh_tes!D6/RES_hh_fec!D6) -> 0.47011735 | E6: =IF(RES_hh_tes!E6=0,"",RES_hh_tes!E6/RES_hh_fec!E6) -> 0.47215137 | F6: =IF(RES_hh_tes!F6=0,"",RES_hh_tes!F6/RES_hh_fec!F6) -> 0.4752592 | G6: =IF(RES_hh_tes!G6=0,"",RES_hh_tes!G6/RES_hh_fec!G6) -> 0.48080923 | H6: =IF(RES_hh_tes!H6=0,"",RES_hh_tes!H6/RES_hh_fec!H6) -> 0.48825841 | I6: =IF(RES_hh_tes!I6=0,"",RES_hh_tes!I6/RES_hh_fec!I6) -> 0.49743439 | ... W6: =IF(RES_hh_tes!W6=0,"",RES_hh_tes!W6/RES_hh_fec!W6) -> 0.66644118 | DA6: Eff.ratio.IT.Res.HH.Thermal.SH.LPG.LPG
A7: Diesel oil | B7: =IF(RES_hh_tes!B7=0,"",RES_hh_tes!B7/RES_hh_fec!B7) -> 0.44288883 | C7: =IF(RES_hh_tes!C7=0,"",RES_hh_tes!C7/RES_hh_fec!C7) -> 0.44556377 | D7: =IF(RES_hh_tes!D7=0,"",RES_hh_tes!D7/RES_hh_fec!D7) -> 0.4457993 | E7: =IF(RES_hh_tes!E7=0,"",RES_hh_tes!E7/RES_hh_fec!E7) -> 0.44597411 | F7: =IF(RES_hh_tes!F7=0,"",RES_hh_tes!F7/RES_hh_fec!F7) -> 0.44601125 | G7: =IF(RES_hh_tes!G7=0,"",RES_hh_tes!G7/RES_hh_fec!G7) -> 0.44610563 | H7: =IF(RES_hh_tes!H7=0,"",RES_hh_tes!H7/RES_hh_fec!H7) -> 0.44627298 | I7: =IF(RES_hh_tes!I7=0,"",RES_hh_tes!I7/RES_hh_fec!I7) -> 0.44661746 | ... W7: =IF(RES_hh_tes!W7=0,"",RES_hh_tes!W7/RES_hh_fec!W7) -> 0.5915893 | DA7: Eff.ratio.IT.Res.HH.Thermal.SH.Oil.Oil_LiqBio
A8: Natural gas | B8: =IF(RES_hh_tes!B8=0,"",RES_hh_tes!B8/RES_hh_fec!B8) -> 0.49670182 | C8: =IF(RES_hh_tes!C8=0,"",RES_hh_tes!C8/RES_hh_fec!C8) -> 0.50329372 | D8: =IF(RES_hh_tes!D8=0,"",RES_hh_tes!D8/RES_hh_fec!D8) -> 0.51040449 | E8: =IF(RES_hh_tes!E8=0,"",RES_hh_tes!E8/RES_hh_fec!E8) -> 0.51953548 | F8: =IF(RES_hh_tes!F8=0,"",RES_hh_tes!F8/RES_hh_fec!F8) -> 0.52878449 | G8: =IF(RES_hh_tes!G8=0,"",RES_hh_tes!G8/RES_hh_fec!G8) -> 0.53678501 | H8: =IF(RES_hh_tes!H8=0,"",RES_hh_tes!H8/RES_hh_fec!H8) -> 0.54367939 | I8: =IF(RES_hh_tes!I8=0,"",RES_hh_tes!I8/RES_hh_fec!I8) -> 0.55197181 | ... W8: =IF(RES_hh_tes!W8=0,"",RES_hh_tes!W8/RES_hh_fec!W8) -> 0.72703403 | DA8: Eff.ratio.IT.Res.HH.Thermal.SH.Gas.NG_Biogas
A9: Biomass | B9: =IF(RES_hh_tes!B9=0,"",RES_hh_tes!B9/RES_hh_fec!B9) -> 0.4433388 | C9: =IF(RES_hh_tes!C9=0,"",RES_hh_tes!C9/RES_hh_fec!C9) -> 0.46544474 | D9: =IF(RES_hh_tes!D9=0,"",RES_hh_tes!D9/RES_hh_fec!D9) -> 0.49772706 | E9: =IF(RES_hh_tes!E9=0,"",RES_hh_tes!E9/RES_hh_fec!E9) -> 0.51634069 | F9: =IF(RES_hh_tes!F9=0,"",RES_hh_tes!F9/RES_hh_fec!F9) -> 0.52789719 | G9: =IF(RES_hh_tes!G9=0,"",RES_hh_tes!G9/RES_hh_fec!G9) -> 0.54813603 | H9: =IF(RES_hh_tes!H9=0,"",RES_hh_tes!H9/RES_hh_fec!H9) -> 0.5662145 | I9: =IF(RES_hh_tes!I9=0,"",RES_hh_tes!I9/RES_hh_fec!I9) -> 0.58129589 | ... W9: =IF(RES_hh_tes!W9=0,"",RES_hh_tes!W9/RES_hh_fec!W9) -> 0.71665527 | DA9: Eff.ratio.IT.Res.HH.Thermal.SH.Biomass.Biomass_Waste
A10: Geothermal | B10: =IF(RES_hh_tes!B10=0,"",RES_hh_tes!B10/RES_hh_fec!B10) -> 0.71513033 | C10: =IF(RES_hh_tes!C10=0,"",RES_hh_tes!C10/RES_hh_fec!C10) -> 0.71801919 | D10: =IF(RES_hh_tes!D10=0,"",RES_hh_tes!D10/RES_hh_fec!D10) -> 0.71996452 | E10: =IF(RES_hh_tes!E10=0,"",RES_hh_tes!E10/RES_hh_fec!E10) -> 0.72118478 | F10: =IF(RES_hh_tes!F10=0,"",RES_hh_tes!F10/RES_hh_fec!F10) -> 0.72412313 | G10: =IF(RES_hh_tes!G10=0,"",RES_hh_tes!G10/RES_hh_fec!G10) -> 0.72794076 | H10: =IF(RES_hh_tes!H10=0,"",RES_hh_tes!H10/RES_hh_fec!H10) -> 0.73467568 | I10: =IF(RES_hh_tes!I10=0,"",RES_hh_tes!I10/RES_hh_fec!I10) -> 0.74160075 | ... W10: =IF(RES_hh_tes!W10=0,"",RES_hh_tes!W10/RES_hh_fec!W10) -> 0.83325328 | DA10: Eff.ratio.IT.Res.HH.Thermal.SH.Geo.Geo
A11: Distributed heat | B11: =IF(RES_hh_tes!B11=0,"",RES_hh_tes!B11/RES_hh_fec!B11) | C11: =IF(RES_hh_tes!C11=0,"",RES_hh_tes!C11/RES_hh_fec!C11) | D11: =IF(RES_hh_tes!D11=0,"",RES_hh_tes!D11/RES_hh_fec!D11) | E11: =IF(RES_hh_tes!E11=0,"",RES_hh_tes!E11/RES_hh_fec!E11) | F11: =IF(RES_hh_tes!F11=0,"",RES_hh_tes!F11/RES_hh_fec!F11) -> 0.76058742 | G11: =IF(RES_hh_tes!G11=0,"",RES_hh_tes!G11/RES_hh_fec!G11) -> 0.76061404 | H11: =IF(RES_hh_tes!H11=0,"",RES_hh_tes!H11/RES_hh_fec!H11) -> 0.76090885 | I11: =IF(RES_hh_tes!I11=0,"",RES_hh_tes!I11/RES_hh_fec!I11) -> 0.76091013 | ... W11: =IF(RES_hh_tes!W11=0,"",RES_hh_tes!W11/RES_hh_fec!W11) -> 0.79336 | DA11: Eff.ratio.IT.Res.HH.Thermal.SH.DistrHeat.Steam_Distr
A12: Advanced electric heating | B12: =IF(RES_hh_tes!B12=0,"",RES_hh_tes!B12/RES_hh_fec!B12) -> 1.3017666 | C12: =IF(RES_hh_tes!C12=0,"",RES_hh_tes!C12/RES_hh_fec!C12) -> 1.3320423 | D12: =IF(RES_hh_tes!D12=0,"",RES_hh_tes!D12/RES_hh_fec!D12) -> 1.3976853 | E12: =IF(RES_hh_tes!E12=0,"",RES_hh_tes!E12/RES_hh_fec!E12) -> 1.4814375 | F12: =IF(RES_hh_tes!F12=0,"",RES_hh_tes!F12/RES_hh_fec!F12) -> 1.576773 | G12: =IF(RES_hh_tes!G12=0,"",RES_hh_tes!G12/RES_hh_fec!G12) -> 1.6639977 | H12: =IF(RES_hh_tes!H12=0,"",RES_hh_tes!H12/RES_hh_fec!H12) -> 1.7323873 | I12: =IF(RES_hh_tes!I12=0,"",RES_hh_tes!I12/RES_hh_fec!I12) -> 1.8086904 | ... W12: =IF(RES_hh_tes!W12=0,"",RES_hh_tes!W12/RES_hh_fec!W12) -> 3.4850573 | DA12: Eff.ratio.IT.Res.HH.Thermal.SH.AdvElc.Elec
A13: Conventional electric heating | B13: =IF(RES_hh_tes!B13=0,"",RES_hh_tes!B13/RES_hh_fec!B13) -> 0.67482562 | C13: =IF(RES_hh_tes!C13=0,"",RES_hh_tes!C13/RES_hh_fec!C13) -> 0.67601834 | D13: =IF(RES_hh_tes!D13=0,"",RES_hh_tes!D13/RES_hh_fec!D13) -> 0.67799761 | E13: =IF(RES_hh_tes!E13=0,"",RES_hh_tes!E13/RES_hh_fec!E13) -> 0.68062997 | F13: =IF(RES_hh_tes!F13=0,"",RES_hh_tes!F13/RES_hh_fec!F13) -> 0.68404706 | G13: =IF(RES_hh_tes!G13=0,"",RES_hh_tes!G13/RES_hh_fec!G13) -> 0.68710593 | H13: =IF(RES_hh_tes!H13=0,"",RES_hh_tes!H13/RES_hh_fec!H13) -> 0.68899168 | I13: =IF(RES_hh_tes!I13=0,"",RES_hh_tes!I13/RES_hh_fec!I13) -> 0.69193634 | ... W13: =IF(RES_hh_tes!W13=0,"",RES_hh_tes!W13/RES_hh_fec!W13) -> 0.74161582 | DA13: Eff.ratio.IT.Res.HH.Thermal.SH.ConvElc.Elec
A14: Electricity in circulation | B14: =IF(RES_hh_tes!B14=0,"",RES_hh_tes!B14/RES_hh_fec!B14) -> 1 | C14: =IF(RES_hh_tes!C14=0,"",RES_hh_tes!C14/RES_hh_fec!C14) -> 1 | D14: =IF(RES_hh_tes!D14=0,"",RES_hh_tes!D14/RES_hh_fec!D14) -> 1 | E14: =IF(RES_hh_tes!E14=0,"",RES_hh_tes!E14/RES_hh_fec!E14) -> 1 | F14: =IF(RES_hh_tes!F14=0,"",RES_hh_tes!F14/RES_hh_fec!F14) -> 1 | G14: =IF(RES_hh_tes!G14=0,"",RES_hh_tes!G14/RES_hh_fec!G14) -> 1 | H14: =IF(RES_hh_tes!H14=0,"",RES_hh_tes!H14/RES_hh_fec!H14) -> 1 | I14: =IF(RES_hh_tes!I14=0,"",RES_hh_tes!I14/RES_hh_fec!I14) -> 1 | ... W14: =IF(RES_hh_tes!W14=0,"",RES_hh_tes!W14/RES_hh_fec!W14) -> 1 | DA14: Eff.ratio.IT.Res.HH.Thermal.SH.TotalCirculation.Elec
... A32: Electricity | B32: =IF(RES_hh_tes!B32=0,"",RES_hh_tes!B32/RES_hh_fec!B32) -> 0.76214976 | C32: =IF(RES_hh_tes!C32=0,"",RES_hh_tes!C32/RES_hh_fec!C32) -> 0.76484919 | D32: =IF(RES_hh_tes!D32=0,"",RES_hh_tes!D32/RES_hh_fec!D32) -> 0.76759811 | E32: =IF(RES_hh_tes!E32=0,"",RES_hh_tes!E32/RES_hh_fec!E32) -> 0.77030903 | F32: =IF(RES_hh_tes!F32=0,"",RES_hh_tes!F32/RES_hh_fec!F32) -> 0.77346384 | G32: =IF(RES_hh_tes!G32=0,"",RES_hh_tes!G32/RES_hh_fec!G32) -> 0.77686055 | H32: =IF(RES_hh_tes!H32=0,"",RES_hh_tes!H32/RES_hh_fec!H32) -> 0.78027293 | I32: =IF(RES_hh_tes!I32=0,"",RES_hh_tes!I32/RES_hh_fec!I32) -> 0.78213333 | ... W32: =IF(RES_hh_tes!W32=0,"",RES_hh_tes!W32/RES_hh_fec!W32) -> 0.85545974 | DA32: Eff.ratio.IT.Res.HH.Thermal.CO.Elc.Elec

Sheet RES_hh_emi
A1: IT - CO2 emissions | B1: 2000 | C1: 2001 | D1: 2002 | E1: 2003 | F1: 2004 | G1: 2005 | H1: 2006 | I1: 2007 | J1: 2008 | K1: 2009 | L1: 2010 | M1: 2011 | N1: 2012 | O1: 2013 | P1: 2014 | Q1: 2015 | R1: 2016 | S1: 2017 | T1: 2018 | U1: 2019 | V1: 2020 | W1: 2021 | DA1: Code
A3: CO2 emissions (kt CO2) | B3: =SUM(B4,B15,B17,B27) -> 53433.542 | C3: =SUM(C4,C15,C17,C27) -> 56685.28 | D3: =SUM(D4,D15,D17,D27) -> 53484.933 | E3: =SUM(E4,E15,E17,E27) -> 56123.843 | F3: =SUM(F4,F15,F17,F27) -> 58057.583 | G3: =SUM(G4,G15,G17,G27) -> 59887.186 | H3: =SUM(H4,H15,H17,H27) -> 53981.858 | I3: =SUM(I4,I15,I17,I27) -> 49021.603 | ... W3: =SUM(W4,W15,W17,W27) -> 41653.435 | DA3: EMI.ktCO2.IT.Res.HH.Thermal
A4: Space heating | B4: =SUM(B5:B14) -> 41895.336 | C4: =SUM(C5:C14) -> 45076.27 | D4: =SUM(D5:D14) -> 42070.523 | E4: =SUM(E5:E14) -> 44903.039 | F4: =SUM(F5:F14) -> 47159.871 | G4: =SUM(G5:G14) -> 48914.344 | H4: =SUM(H5:H14) -> 43431.797 | I4: =SUM(I5:I14) -> 39308.938 | ... W4: =SUM(W5:W14) -> 34057.591 | DA4: EMI.ktCO2.IT.Res.HH.Thermal.SH
A5: Solids | B5: 292.89037 | C5: 337.47701 | D5: 75.756427 | E5: 75.779829 | F5: 30.384654 | G5: 27.598786 | H5: 27.433816 | I5: 21.67269 | J5: 16.706049 | K5: 14.40885 | L5: 14.234674 | M5: 14.159987 | N5: 9.4959597 | O5: 0 | P5: 0 | Q5: 0 | R5: 0 | S5: 0 | T5: 0 | U5: 0 | V5: 0 | W5: 0 | DA5: EMI.ktCO2.IT.Res.HH.Thermal.SH.Solids.Solids
A6: Liquified petroleum gas (LPG) | B6: 2599.623 | C6: 2564.7657 | D6: 2474.2887 | E6: 2649.6266 | F6: 2402.3757 | G6: 2666.7825 | H6: 2395.2045 | I6: 2345.8452 | J6: 2636.5491 | K6: 2463.7645 | L6: 2405.2393 | M6: 1982.5919 | N6: 2033.5344 | O6: 2057.4256 | P6: 1807.6856 | Q6: 1859.2487 | R6: 1915.7015 | S6: 1945.9728 | T6: 1842.8869 | U6: 1872.3889 | V6: 1818.5806 | W6: 1972.0933 | DA6: EMI.ktCO2.IT.Res.HH.Thermal.SH.LPG.LPG
A7: Diesel oil | B7: 12336.719 | C7: 13849.651 | D7: 12163.747 | E7: 10228.555 | F7: 10637.322 | G7: 10567.619 | H7: 9137.9095 | I7: 7123.7574 | J7: 6931.3199 | K7: 6735.5228 | L7: 5497.3257 | M7: 5078.1175 | N7: 4490.3556 | O7: 4251.0998 | P7: 3179.744 | Q7: 3590.2303 | R7: 3261.8415 | S7: 2609.6944 | T7: 2985.5581 | U7: 2371.9597 | V7: 2123.8057 | W7: 2012.7789 | DA7: EMI.ktCO2.IT.Res.HH.Thermal.SH.Oil.Oil_LiqBio
A8: Natural gas | B8: 26666.104 | C8: 28324.376 | D8: 27356.73 | E8: 31949.078 | F8: 34089.788 | G8: 35652.344 | H8: 31871.249 | I8: 29817.662 | J8: 30757.057 | K8: 32109.498 | L8: 35802.942 | M8: 34255.934 | N8: 34664.521 | O8: 34508.456 | P8: 28213.473 | Q8: 32218.614 | R8: 32331.424 | S8: 32585.173 | T8: 30930.044 | U8: 30164.256 | V8: 29687.289 | W8: 30072.719 | DA8: EMI.ktCO2.IT.Res.HH.Thermal.SH.Gas.NG_Biogas
A9: Biomass | B9: 0 | C9: 0 | D9: 0 | E9: 0 | F9: 0 | G9: 0 | H9: 0 | I9: 0 | J9: 0 | K9: 0 | L9: 0 | M9: 0 | N9: 0 | O9: 0 | P9: 0 | Q9: 0 | R9: 0 | S9: 0 | T9: 0 | U9: 0 | V9: 0 | W9: 0 | DA9: EMI.ktCO2.IT.Res.HH.Thermal.SH.Biomass.Biomass_Waste
A10: Geothermal | B10: 0 | C10: 0 | D10: 0 | E10: 0 | F10: 0 | G10: 0 | H10: 0 | I10: 0 | J10: 0 | K10: 0 | L10: 0 | M10: 0 | N10: 0 | O10: 0 | P10: 0 | Q10: 0 | R10: 0 | S10: 0 | T10: 0 | U10: 0 | V10: 0 | W10: 0 | DA10: EMI.ktCO2.IT.Res.HH.Thermal.SH.Geo.Geo
A11: Distributed heat | B11: 0 | C11: 0 | D11: 0 | E11: 0 | F11: 0 | G11: 0 | H11: 0 | I11: 0 | J11: 0 | K11: 0 | L11: 0 | M11: 0 | N11: 0 | O11: 0 | P11: 0 | Q11: 0 | R11: 0 | S11: 0 | T11: 0 | U11: 0 | V11: 0 | W11: 0 | DA11: EMI.ktCO2.IT.Res.HH.Thermal.SH.DistrHeat.Steam_Distr
A12: Advanced electric heating | B12: 0 | C12: 0 | D12: 0 | E12: 0 | F12: 0 | G12: 0 | H12: 0 | I12: 0 | J12: 0 | K12: 0 | L12: 0 | M12: 0 | N12: 0 | O12: 0 | P12: 0 | Q12: 0 | R12: 0 | S12: 0 | T12: 0 | U12: 0 | V12: 0 | W12: 0 | DA12: EMI.ktCO2.IT.Res.HH.Thermal.SH.AdvElc.Elec
A13: Conventional electric heating | B13: 0 | C13: 0 | D13: 0 | E13: 0 | F13: 0 | G13: 0 | H13: 0 | I13: 0 | J13: 0 | K13: 0 | L13: 0 | M13: 0 | N13: 0 | O13: 0 | P13: 0 | Q13: 0 | R13: 0 | S13: 0 | T13: 0 | U13: 0 | V13: 0 | W13: 0 | DA13: EMI.ktCO2.IT.Res.HH.Thermal.SH.ConvElc.Elec
A14: Electricity in circulation | B14: 0 | C14: 0 | D14: 0 | E14: 0 | F14: 0 | G14: 0 | H14: 0 | I14: 0 | J14: 0 | K14: 0 | L14: 0 | M14: 0 | N14: 0 | O14: 0 | P14: 0 | Q14: 0 | R14: 0 | S14: 0 | T14: 0 | U14: 0 | V14: 0 | W14: 0 | DA14: EMI.ktCO2.IT.Res.HH.Thermal.SH.TotalCirculation.Elec
A15: Space cooling | B15: =B16 -> 0 | C15: =C16 -> 0 | D15: =D16 -> 0 | E15: =E16 -> 0 | F15: =F16 -> 0 | G15: =G16 -> 0 | H15: =H16 -> 0 | I15: =I16 -> 0 | ... W15: =W16 -> 0 | DA15: EMI.ktCO2.IT.Res.HH.Thermal.SC
A16: Air conditioning | B16: 0 | C16: 0 | D16: 0 | E16: 0 | F16: 0 | G16: 0 | H16: 0 | I16: 0 | J16: 0 | K16: 0 | L16: 0 | M16: 0 | N16: 0 | O16: 0 | P16: 0 | Q16: 0 | R16: 0 | S16: 0 | T16: 0 | U16: 0 | V16: 0 | W16: 0 | DA16: EMI.ktCO2.IT.Res.HH.Thermal.SC.AC.Elec
A17: Water heating | B17: =SUM(B18:B26) -> 7962.8941 | C17: =SUM(C18:C26) -> 8056.2571 | D17: =SUM(D18:D26) -> 7859.0878 | E17: =SUM(E18:E26) -> 7656.5651 | F17: =SUM(F18:F26) -> 7411.0117 | G17: =SUM(G18:G26) -> 7414.6308 | H17: =SUM(H18:H26) -> 7171.2755 | I17: =SUM(I18:I26) -> 6753.432 | ... W17: =SUM(W18:W26) -> 4772.4972 | DA17: EMI.ktCO2.IT.Res.HH.Thermal.WH
A18: Solids | B18: 0 | C18: 0 | D18: 0 | E18: 0 | F18: 0 | G18: 0 | H18: 0 | I18: 0 | J18: 0 | K18: 0 | L18: 0 | M18: 0 | N18: 0 | O18: 0 | P18: 0 | Q18: 0 | R18: 0 | S18: 0 | T18: 0 | U18: 0 | V18: 0 | W18: 0 | DA18: EMI.ktCO2.IT.Res.HH.Thermal.WH.Solids.Solids
A19: Liquified petroleum gas (LPG) | B19: 713.03168 | C19: 724.9552 | D19: 731.93155 | E19: 741.85267 | F19: 841.10831 | G19: 758.90008 | H19: 722.39856 | I19: 629.35848 | J19: 590.15476 | K19: 592.5883 | L19: 636.12436 | M19: 708.37829 | N19: 625.74387 | O19: 561.9285 | P19: 481.26465 | Q19: 479.83171 | R19: 494.40276 | S19: 516.86598 | T19: 526.05852 | U19: 514.82836 | V19: 518.17796 | W19: 513.2 | DA19: EMI.ktCO2.IT.Res.HH.Thermal.WH.LPG.LPG
A20: Diesel oil | B20: 1595.8042 | C20: 1536.554 | D20: 1411.5098 | E20: 1188.491 | F20: 1294.8565 | G20: 1163.4909 | H20: 1076.7901 | I20: 843.91322 | J20: 780.60475 | K20: 742.99536 | L20: 569.9204 | M20: 616.94614 | N20: 483.6307 | O20: 454.7827 | P20: 427.99779 | Q20: 409.13223 | R20: 371.28369 | S20: 305.49875 | T20: 376.15482 | U20: 287.69961 | V20: 266.86189 | W20: 231.10698 | DA20: EMI.ktCO2.IT.Res.HH.Thermal.WH.Oil.Oil_LiqBio
A21: Natural gas | B21: 5654.0583 | C21: 5794.7479 | D21: 5715.6464 | E21: 5726.2215 | F21: 5275.0469 | G21: 5492.2397 | H21: 5372.0868 | I21: 5280.1603 | J21: 4761.1693 | K21: 5149.0277 | L21: 5706.0596 | M21: 5561.0344 | N21: 5762.9645 | O21: 5707.0564 | P21: 5259.7344 | Q21: 5493.6248 | R21: 5573.5485 | S21: 5416.6518 | T21: 5334.6443 | U21: 5180.3472 | V21: 5066.3907 | W21: 4028.1902 | DA21: EMI.ktCO2.IT.Res.HH.Thermal.WH.Gas.NG_Biogas
A22: Biomass | B22: 0 | C22: 0 | D22: 0 | E22: 0 | F22: 0 | G22: 0 | H22: 0 | I22: 0 | J22: 0 | K22: 0 | L22: 0 | M22: 0 | N22: 0 | O22: 0 | P22: 0 | Q22: 0 | R22: 0 | S22: 0 | T22: 0 | U22: 0 | V22: 0 | W22: 0 | DA22: EMI.ktCO2.IT.Res.HH.Thermal.WH.Biomass.Biomass_Waste
A23: Geothermal | B23: 0 | C23: 0 | D23: 0 | E23: 0 | F23: 0 | G23: 0 | H23: 0 | I23: 0 | J23: 0 | K23: 0 | L23: 0 | M23: 0 | N23: 0 | O23: 0 | P23: 0 | Q23: 0 | R23: 0 | S23: 0 | T23: 0 | U23: 0 | V23: 0 | W23: 0 | DA23: EMI.ktCO2.IT.Res.HH.Thermal.WH.Geo.Geo
A24: Distributed heat | B24: 0 | C24: 0 | D24: 0 | E24: 0 | F24: 0 | G24: 0 | H24: 0 | I24: 0 | J24: 0 | K24: 0 | L24: 0 | M24: 0 | N24: 0 | O24: 0 | P24: 0 | Q24: 0 | R24: 0 | S24: 0 | T24: 0 | U24: 0 | V24: 0 | W24: 0 | DA24: EMI.ktCO2.IT.Res.HH.Thermal.WH.DistrHeat.Steam_Distr
A25: Electricity | B25: 0 | C25: 0 | D25: 0 | E25: 0 | F25: 0 | G25: 0 | H25: 0 | I25: 0 | J25: 0 | K25: 0 | L25: 0 | M25: 0 | N25: 0 | O25: 0 | P25: 0 | Q25: 0 | R25: 0 | S25: 0 | T25: 0 | U25: 0 | V25: 0 | W25: 0 | DA25: EMI.ktCO2.IT.Res.HH.Thermal.WH.Elc.Elec
A26: Solar | B26: 0 | C26: 0 | D26: 0 | E26: 0 | F26: 0 | G26: 0 | H26: 0 | I26: 0 | J26: 0 | K26: 0 | L26: 0 | M26: 0 | N26: 0 | O26: 0 | P26: 0 | Q26: 0 | R26: 0 | S26: 0 | T26: 0 | U26: 0 | V26: 0 | W26: 0 | DA26: EMI.ktCO2.IT.Res.HH.Thermal.WH.TotalSolar.Solar
A27: Cooking | B27: =SUM(B28:B32) -> 3575.3124 | C27: =SUM(C28:C32) -> 3552.7532 | D27: =SUM(D28:D32) -> 3555.3229 | E27: =SUM(E28:E32) -> 3564.2388 | F27: =SUM(F28:F32) -> 3486.7001 | G27: =SUM(G28:G32) -> 3558.2112 | H27: =SUM(H28:H32) -> 3378.7854 | I27: =SUM(I28:I32) -> 2959.2335 | ... W27: =SUM(W28:W32) -> 2823.3467 | DA27: EMI.ktCO2.IT.Res.HH.Thermal.CO
A28: Solids | B28: 0 | C28: 0 | D28: 0 | E28: 0 | F28: 0 | G28: 0 | H28: 0 | I28: 0 | J28: 0 | K28: 0 | L28: 0 | M28: 0 | N28: 0 | O28: 0 | P28: 0 | Q28: 0 | R28: 0 | S28: 0 | T28: 0 | U28: 0 | V28: 0 | W28: 0 | DA28: EMI.ktCO2.IT.Res.HH.Thermal.CO.Solids.Solids
A29: Liquified petroleum gas (LPG) | B29: 724.86199 | C29: 686.84123 | D29: 689.06904 | E29: 669.25811 | F29: 721.4675 | G29: 672.78858 | H29: 652.8743 | I29: 612.40984 | J29: 625.04627 | K29: 595.1179 | L29: 581.08124 | M29: 597.67556 | N29: 527.77656 | O29: 529.96691 | P29: 564.30564 | Q29: 528.68827 | R29: 544.74255 | S29: 569.49302 | T29: 579.62019 | U29: 567.24641 | V29: 570.93852 | W29: 565.4526 | DA29: EMI.ktCO2.IT.Res.HH.Thermal.CO.LPG.LPG
A30: Natural gas | B30: 2850.4504 | C30: 2865.912 | D30: 2866.2538 | E30: 2894.9807 | F30: 2765.2326 | G30: 2885.4226 | H30: 2725.9111 | I30: 2346.8236 | J30: 2097.1269 | K30: 2249.8492 | L30: 2407.8066 | M30: 2437.002 | N30: 2124.5775 | O30: 2234.4603 | P30: 2113.0025 | Q30: 2183.3432 | R30: 2253.4608 | S30: 2539.8083 | T30: 2488.9947 | U30: 2533.5774 | V30: 2668.7203 | W30: 2257.8941 | DA30: EMI.ktCO2.IT.Res.HH.Thermal.CO.Gas.NG_Biogas
A31: Biomass | B31: 0 | C31: 0 | D31: 0 | E31: 0 | F31: 0 | G31: 0 | H31: 0 | I31: 0 | J31: 0 | K31: 0 | L31: 0 | M31: 0 | N31: 0 | O31: 0 | P31: 0 | Q31: 0 | R31: 0 | S31: 0 | T31: 0 | U31: 0 | V31: 0 | W31: 0 | DA31: EMI.ktCO2.IT.Res.HH.Thermal.CO.Biomass.Biomass_Waste
A32: Electricity | B32: 0 | C32: 0 | D32: 0 | E32: 0 | F32: 0 | G32: 0 | H32: 0 | I32: 0 | J32: 0 | K32: 0 | L32: 0 | M32: 0 | N32: 0 | O32: 0 | P32: 0 | Q32: 0 | R32: 0 | S32: 0 | T32: 0 | U32: 0 | V32: 0 | W32: 0 | DA32: EMI.ktCO2.IT.Res.HH.Thermal.CO.Elc.Elec

Sheet RES_hh_fech
A1: IT - Final energy consumption per household | B1: 2000 | C1: 2001 | D1: 2002 | E1: 2003 | F1: 2004 | G1: 2005 | H1: 2006 | I1: 2007 | J1: 2008 | K1: 2009 | L1: 2010 | M1: 2011 | N1: 2012 | O1: 2013 | P1: 2014 | Q1: 2015 | R1: 2016 | S1: 2017 | T1: 2018 | U1: 2019 | V1: 2020 | W1: 2021 | DA1: Code
A3: Final energy consumption (kWh / household) | B3: =IF(RES_hh_fec!B3=0,0,1000*11630*RES_hh_fec!B3/RES_hh_num!B3) -> 12624.505 | C3: =IF(RES_hh_fec!C3=0,0,1000*11630*RES_hh_fec!C3/RES_hh_num!C3) -> 13231.324 | D3: =IF(RES_hh_fec!D3=0,0,1000*11630*RES_hh_fec!D3/RES_hh_num!D3) -> 13073.17 | E3: =IF(RES_hh_fec!E3=0,0,1000*11630*RES_hh_fec!E3/RES_hh_num!E3) -> 14433.97 | F3: =IF(RES_hh_fec!F3=0,0,1000*11630*RES_hh_fec!F3/RES_hh_num!F3) -> 14175.435 | G3: =IF(RES_hh_fec!G3=0,0,1000*11630*RES_hh_fec!G3/RES_hh_num!G3) -> 15188.135 | H3: =IF(RES_hh_fec!H3=0,0,1000*11630*RES_hh_fec!H3/RES_hh_num!H3) -> 14258.504 | I3: =IF(RES_hh_fec!I3=0,0,1000*11630*RES_hh_fec!I3/RES_hh_num!I3) -> 13990.583 | ... W3: =IF(RES_hh_fec!W3=0,0,1000*11630*RES_hh_fec!W3/RES_hh_num!W3) -> 11976.976 | DA3: FEC_per_household.kWh.IT.Res.HH.Thermal
A4: Space heating | B4: =IF(RES_hh_fec!B4=0,0,1000*11630*RES_hh_fec!B4/RES_hh_num!B4) -> 9467.4352 | C4: =IF(RES_hh_fec!C4=0,0,1000*11630*RES_hh_fec!C4/RES_hh_num!C4) -> 10051.592 | D4: =IF(RES_hh_fec!D4=0,0,1000*11630*RES_hh_fec!D4/RES_hh_num!D4) -> 9883.1321 | E4: =IF(RES_hh_fec!E4=0,0,1000*11630*RES_hh_fec!E4/RES_hh_num!E4) -> 11236.702 | F4: =IF(RES_hh_fec!F4=0,0,1000*11630*RES_hh_fec!F4/RES_hh_num!F4) -> 11041.706 | G4: =IF(RES_hh_fec!G4=0,0,1000*11630*RES_hh_fec!G4/RES_hh_num!G4) -> 12114.894 | H4: =IF(RES_hh_fec!H4=0,0,1000*11630*RES_hh_fec!H4/RES_hh_num!H4) -> 11224.525 | I4: =IF(RES_hh_fec!I4=0,0,1000*11630*RES_hh_fec!I4/RES_hh_num!I4) -> 11180.568 | ... W4: =IF(RES_hh_fec!W4=0,0,1000*11630*RES_hh_fec!W4/RES_hh_num!W4) -> 9827.2342 | DA4: FEC_per_household.kWh.IT.Res.HH.Thermal.SH
A5: Solids | B5: =IF(RES_hh_fec!B5=0,0,1000*11630*RES_hh_fec!B5/RES_hh_num!B5) -> 7511.9954 | C5: =IF(RES_hh_fec!C5=0,0,1000*11630*RES_hh_fec!C5/RES_hh_num!C5) -> 10459.746 | D5: =IF(RES_hh_fec!D5=0,0,1000*11630*RES_hh_fec!D5/RES_hh_num!D5) -> 4313.2195 | E5: =IF(RES_hh_fec!E5=0,0,1000*11630*RES_hh_fec!E5/RES_hh_num!E5) -> 7515.891 | F5: =IF(RES_hh_fec!F5=0,0,1000*11630*RES_hh_fec!F5/RES_hh_num!F5) -> 7113.7422 | G5: =IF(RES_hh_fec!G5=0,0,1000*11630*RES_hh_fec!G5/RES_hh_num!G5) -> 8889.1564 | H5: =IF(RES_hh_fec!H5=0,0,1000*11630*RES_hh_fec!H5/RES_hh_num!H5) -> 11073.882 | I5: =IF(RES_hh_fec!I5=0,0,1000*11630*RES_hh_fec!I5/RES_hh_num!I5) -> 10464.408 | ... W5: =IF(RES_hh_fec!W5=0,0,1000*11630*RES_hh_fec!W5/RES_hh_num!W5) -> 0 | DA5: FEC_per_household.kWh.IT.Res.HH.Thermal.SH.Solids.Solids
A6: Liquified petroleum gas (LPG) | B6: =IF(RES_hh_fec!B6=0,0,1000*11630*RES_hh_fec!B6/RES_hh_num!B6) -> 9951.8732 | C6: =IF(RES_hh_fec!C6=0,0,1000*11630*RES_hh_fec!C6/RES_hh_num!C6) -> 10227.845 | D6: =IF(RES_hh_fec!D6=0,0,1000*11630*RES_hh_fec!D6/RES_hh_num!D6) -> 10447.502 | E6: =IF(RES_hh_fec!E6=0,0,1000*11630*RES_hh_fec!E6/RES_hh_num!E6) -> 11928.417 | F6: =IF(RES_hh_fec!F6=0,0,1000*11630*RES_hh_fec!F6/RES_hh_num!F6) -> 11467.702 | G6: =IF(RES_hh_fec!G6=0,0,1000*11630*RES_hh_fec!G6/RES_hh_num!G6) -> 13178.006 | H6: =IF(RES_hh_fec!H6=0,0,1000*11630*RES_hh_fec!H6/RES_hh_num!H6) -> 12077.072 | I6: =IF(RES_hh_fec!I6=0,0,1000*11630*RES_hh_fec!I6/RES_hh_num!I6) -> 11936.53 | ... W6: =IF(RES_hh_fec!W6=0,0,1000*11630*RES_hh_fec!W6/RES_hh_num!W6) -> 10959.836 | DA6: FEC_per_household.kWh.IT.Res.HH.Thermal.SH.LPG.LPG
A7: Diesel oil | B7: =IF(RES_hh_fec!B7=0,0,1000*11630*RES_hh_fec!B7/RES_hh_num!B7) -> 9921.0152 | C7: =IF(RES_hh_fec!C7=0,0,1000*11630*RES_hh_fec!C7/RES_hh_num!C7) -> 11499.402 | D7: =IF(RES_hh_fec!D7=0,0,1000*11630*RES_hh_fec!D7/RES_hh_num!D7) -> 11384.974 | E7: =IF(RES_hh_fec!E7=0,0,1000*11630*RES_hh_fec!E7/RES_hh_num!E7) -> 11150.255 | F7: =IF(RES_hh_fec!F7=0,0,1000*11630*RES_hh_fec!F7/RES_hh_num!F7) -> 12844.996 | G7: =IF(RES_hh_fec!G7=0,0,1000*11630*RES_hh_fec!G7/RES_hh_num!G7) -> 14289.743 | H7: =IF(RES_hh_fec!H7=0,0,1000*11630*RES_hh_fec!H7/RES_hh_num!H7) -> 13915.942 | I7: =IF(RES_hh_fec!I7=0,0,1000*11630*RES_hh_fec!I7/RES_hh_num!I7) -> 12764.532 | ... W7: =IF(RES_hh_fec!W7=0,0,1000*11630*RES_hh_fec!W7/RES_hh_num!W7) -> 11691.465 | DA7: FEC_per_household.kWh.IT.Res.HH.Thermal.SH.Oil.Oil_LiqBio
A8: Natural gas | B8: =IF(RES_hh_fec!B8=0,0,1000*11630*RES_hh_fec!B8/RES_hh_num!B8) -> 9142.5747 | C8: =IF(RES_hh_fec!C8=0,0,1000*11630*RES_hh_fec!C8/RES_hh_num!C8) -> 9666.3718 | D8: =IF(RES_hh_fec!D8=0,0,1000*11630*RES_hh_fec!D8/RES_hh_num!D8) -> 9308.7332 | E8: =IF(RES_hh_fec!E8=0,0,1000*11630*RES_hh_fec!E8/RES_hh_num!E8) -> 10651.202 | F8: =IF(RES_hh_fec!F8=0,0,1000*11630*RES_hh_fec!F8/RES_hh_num!F8) -> 11203.799 | G8: =IF(RES_hh_fec!G8=0,0,1000*11630*RES_hh_fec!G8/RES_hh_num!G8) -> 11847.886 | H8: =IF(RES_hh_fec!H8=0,0,1000*11630*RES_hh_fec!H8/RES_hh_num!H8) -> 10994.572 | I8: =IF(RES_hh_fec!I8=0,0,1000*11630*RES_hh_fec!I8/RES_hh_num!I8) -> 10651.191 | ... W8: =IF(RES_hh_fec!W8=0,0,1000*11630*RES_hh_fec!W8/RES_hh_num!W8) -> 9816.8905 | DA8: FEC_per_household.kWh.IT.Res.HH.Thermal.SH.Gas.NG_Biogas
A9: Biomass | B9: =IF(RES_hh_fec!B9=0,0,1000*11630*RES_hh_fec!B9/RES_hh_num!B9) -> 10291.011 | C9: =IF(RES_hh_fec!C9=0,0,1000*11630*RES_hh_fec!C9/RES_hh_num!C9) -> 8964.6015 | D9: =IF(RES_hh_fec!D9=0,0,1000*11630*RES_hh_fec!D9/RES_hh_num!D9) -> 10315.517 | E9: =IF(RES_hh_fec!E9=0,0,1000*11630*RES_hh_fec!E9/RES_hh_num!E9) -> 13936.433 | F9: =IF(RES_hh_fec!F9=0,0,1000*11630*RES_hh_fec!F9/RES_hh_num!F9) -> 7952.9375 | G9: =IF(RES_hh_fec!G9=0,0,1000*11630*RES_hh_fec!G9/RES_hh_num!G9) -> 10998.956 | H9: =IF(RES_hh_fec!H9=0,0,1000*11630*RES_hh_fec!H9/RES_hh_num!H9) -> 10235.31 | I9: =IF(RES_hh_fec!I9=0,0,1000*11630*RES_hh_fec!I9/RES_hh_num!I9) -> 11628.089 | ... W9: =IF(RES_hh_fec!W9=0,0,1000*11630*RES_hh_fec!W9/RES_hh_num!W9) -> 10451.996 | DA9: FEC_per_household.kWh.IT.Res.HH.Thermal.SH.Biomass.Biomass_Waste
A10: Geothermal | B10: =IF(RES_hh_fec!B10=0,0,1000*11630*RES_hh_fec!B10/RES_hh_num!B10) -> 6537.8989 | C10: =IF(RES_hh_fec!C10=0,0,1000*11630*RES_hh_fec!C10/RES_hh_num!C10) -> 6822.5059 | D10: =IF(RES_hh_fec!D10=0,0,1000*11630*RES_hh_fec!D10/RES_hh_num!D10) -> 7115.5482 | E10: =IF(RES_hh_fec!E10=0,0,1000*11630*RES_hh_fec!E10/RES_hh_num!E10) -> 7749.8332 | F10: =IF(RES_hh_fec!F10=0,0,1000*11630*RES_hh_fec!F10/RES_hh_num!F10) -> 7940.929 | G10: =IF(RES_hh_fec!G10=0,0,1000*11630*RES_hh_fec!G10/RES_hh_num!G10) -> 8408.894 | H10: =IF(RES_hh_fec!H10=0,0,1000*11630*RES_hh_fec!H10/RES_hh_num!H10) -> 8396.2805 | I10: =IF(RES_hh_fec!I10=0,0,1000*11630*RES_hh_fec!I10/RES_hh_num!I10) -> 8516.9188 | ... W10: =IF(RES_hh_fec!W10=0,0,1000*11630*RES_hh_fec!W10/RES_hh_num!W10) -> 8470.8771 | DA10: FEC_per_household.kWh.IT.Res.HH.Thermal.SH.Geo.Geo
A11: Distributed heat | B11: =IF(RES_hh_fec!B11=0,0,1000*11630*RES_hh_fec!B11/RES_hh_num!B11) -> 0 | C11: =IF(RES_hh_fec!C11=0,0,1000*11630*RES_hh_fec!C11/RES_hh_num!C11) -> 0 | D11: =IF(RES_hh_fec!D11=0,0,1000*11630*RES_hh_fec!D11/RES_hh_num!D11) -> 0 | E11: =IF(RES_hh_fec!E11=0,0,1000*11630*RES_hh_fec!E11/RES_hh_num!E11) -> 0 | F11: =IF(RES_hh_fec!F11=0,0,1000*11630*RES_hh_fec!F11/RES_hh_num!F11) -> 11244.362 | G11: =IF(RES_hh_fec!G11=0,0,1000*11630*RES_hh_fec!G11/RES_hh_num!G11) -> 11476.634 | H11: =IF(RES_hh_fec!H11=0,0,1000*11630*RES_hh_fec!H11/RES_hh_num!H11) -> 9667.0632 | I11: =IF(RES_hh_fec!I11=0,0,1000*11630*RES_hh_fec!I11/RES_hh_num!I11) -> 9762.8018 | ... W11: =IF(RES_hh_fec!W11=0,0,1000*11630*RES_hh_fec!W11/RES_hh_num!W11) -> 7962.4713 | DA11: FEC_per_household.kWh.IT.Res.HH.Thermal.SH.DistrHeat.Steam_Distr
A12: Advanced electric heating | B12: =IF(RES_hh_fec!B12=0,0,1000*11630*RES_hh_fec!B12/RES_hh_num!B12) -> 3321.2788 | C12: =IF(RES_hh_fec!C12=0,0,1000*11630*RES_hh_fec!C12/RES_hh_num!C12) -> 3677.7056 | D12: =IF(RES_hh_fec!D12=0,0,1000*11630*RES_hh_fec!D12/RES_hh_num!D12) -> 3312.8854 | E12: =IF(RES_hh_fec!E12=0,0,1000*11630*RES_hh_fec!E12/RES_hh_num!E12) -> 3315.1556 | F12: =IF(RES_hh_fec!F12=0,0,1000*11630*RES_hh_fec!F12/RES_hh_num!F12) -> 3612.8487 | G12: =IF(RES_hh_fec!G12=0,0,1000*11630*RES_hh_fec!G12/RES_hh_num!G12) -> 4223.6131 | H12: =IF(RES_hh_fec!H12=0,0,1000*11630*RES_hh_fec!H12/RES_hh_num!H12) -> 3428.1505 | I12: =IF(RES_hh_fec!I12=0,0,1000*11630*RES_hh_fec!I12/RES_hh_num!I12) -> 3313.7283 | ... W12: =IF(RES_hh_fec!W12=0,0,1000*11630*RES_hh_fec!W12/RES_hh_num!W12) -> 2931.4146 | DA12: FEC_per_household.kWh.IT.Res.HH.Thermal.SH.AdvElc.Elec
A13: Conventional electric heating | B13: =IF(RES_hh_fec!B13=0,0,1000*11630*RES_hh_fec!B13/RES_hh_num!B13) -> 7301.246 | C13: =IF(RES_hh_fec!C13=0,0,1000*11630*RES_hh_fec!C13/RES_hh_num!C13) -> 6732.1717 | D13: =IF(RES_hh_fec!D13=0,0,1000*11630*RES_hh_fec!D13/RES_hh_num!D13) -> 7441.5736 | E13: =IF(RES_hh_fec!E13=0,0,1000*11630*RES_hh_fec!E13/RES_hh_num!E13) -> 8384.9102 | F13: =IF(RES_hh_fec!F13=0,0,1000*11630*RES_hh_fec!F13/RES_hh_num!F13) -> 8401.5249 | G13: =IF(RES_hh_fec!G13=0,0,1000*11630*RES_hh_fec!G13/RES_hh_num!G13) -> 10037.767 | H13: =IF(RES_hh_fec!H13=0,0,1000*11630*RES_hh_fec!H13/RES_hh_num!H13) -> 8809.8281 | I13: =IF(RES_hh_fec!I13=0,0,1000*11630*RES_hh_fec!I13/RES_hh_num!I13) -> 8219.6403 | ... W13: =IF(RES_hh_fec!W13=0,0,1000*11630*RES_hh_fec!W13/RES_hh_num!W13) -> 843.32346 | DA13: FEC_per_household.kWh.IT.Res.HH.Thermal.SH.ConvElc.Elec
A14: Electricity in circulation | B14: =IF(RES_hh_fec!B14=0,0,1000*11630*RES_hh_fec!B14/RES_hh_num!B14) -> 111.71555 | C14: =IF(RES_hh_fec!C14=0,0,1000*11630*RES_hh_fec!C14/RES_hh_num!C14) -> 117.11481 | D14: =IF(RES_hh_fec!D14=0,0,1000*11630*RES_hh_fec!D14/RES_hh_num!D14) -> 112.21354 | E14: =IF(RES_hh_fec!E14=0,0,1000*11630*RES_hh_fec!E14/RES_hh_num!E14) -> 114.36633 | F14: =IF(RES_hh_fec!F14=0,0,1000*11630*RES_hh_fec!F14/RES_hh_num!F14) -> 124.59574 | G14: =IF(RES_hh_fec!G14=0,0,1000*11630*RES_hh_fec!G14/RES_hh_num!G14) -> 131.68979 | H14: =IF(RES_hh_fec!H14=0,0,1000*11630*RES_hh_fec!H14/RES_hh_num!H14) -> 116.81686 | I14: =IF(RES_hh_fec!I14=0,0,1000*11630*RES_hh_fec!I14/RES_hh_num!I14) -> 109.76873 | ... W14: =IF(RES_hh_fec!W14=0,0,1000*11630*RES_hh_fec!W14/RES_hh_num!W14) -> 105.2379 | DA14: FEC_per_household.kWh.IT.Res.HH.Thermal.SH.TotalCirculation.Elec
A15: Space cooling | B15: =B16 -> 35.108443 | C15: =C16 -> 43.54314 | D15: =D16 -> 37.24631 | E15: =E16 -> 119.9936 | F15: =F16 -> 49.897698 | G15: =G16 -> 51.88089 | H15: =H16 -> 69.751811 | I15: =I16 -> 67.511738 | ... W15: =W16 -> 112.63645 | DA15: FEC_per_household.kWh.IT.Res.HH.Thermal.SC
A16: Air conditioning | B16: =IF(RES_hh_fec!B16=0,0,1000*11630*RES_hh_fec!B16/RES_hh_num!B$3) -> 35.108443 | C16: =IF(RES_hh_fec!C16=0,0,1000*11630*RES_hh_fec!C16/RES_hh_num!C$3) -> 43.54314 | D16: =IF(RES_hh_fec!D16=0,0,1000*11630*RES_hh_fec!D16/RES_hh_num!D$3) -> 37.24631 | E16: =IF(RES_hh_fec!E16=0,0,1000*11630*RES_hh_fec!E16/RES_hh_num!E$3) -> 119.9936 | F16: =IF(RES_hh_fec!F16=0,0,1000*11630*RES_hh_fec!F16/RES_hh_num!F$3) -> 49.897698 | G16: =IF(RES_hh_fec!G16=0,0,1000*11630*RES_hh_fec!G16/RES_hh_num!G$3) -> 51.88089 | H16: =IF(RES_hh_fec!H16=0,0,1000*11630*RES_hh_fec!H16/RES_hh_num!H$3) -> 69.751811 | I16: =IF(RES_hh_fec!I16=0,0,1000*11630*RES_hh_fec!I16/RES_hh_num!I$3) -> 67.511738 | ... W16: =IF(RES_hh_fec!W16=0,0,1000*11630*RES_hh_fec!W16/RES_hh_num!W$3) -> 112.63645 | DA16: FEC_per_household.kWh.IT.Res.HH.Thermal.SC.AC.Elec
A17: Water heating | B17: =IF(RES_hh_fec!B17=0,0,1000*11630*RES_hh_fec!B17/RES_hh_num!B17) -> 2155.4163 | C17: =IF(RES_hh_fec!C17=0,0,1000*11630*RES_hh_fec!C17/RES_hh_num!C17) -> 2161.2218 | D17: =IF(RES_hh_fec!D17=0,0,1000*11630*RES_hh_fec!D17/RES_hh_num!D17) -> 2170.6056 | E17: =IF(RES_hh_fec!E17=0,0,1000*11630*RES_hh_fec!E17/RES_hh_num!E17) -> 2112.9872 | F17: =IF(RES_hh_fec!F17=0,0,1000*11630*RES_hh_fec!F17/RES_hh_num!F17) -> 2093.9294 | G17: =IF(RES_hh_fec!G17=0,0,1000*11630*RES_hh_fec!G17/RES_hh_num!G17) -> 2069.2188 | H17: =IF(RES_hh_fec!H17=0,0,1000*11630*RES_hh_fec!H17/RES_hh_num!H17) -> 2024.941 | I17: =IF(RES_hh_fec!I17=0,0,1000*11630*RES_hh_fec!I17/RES_hh_num!I17) -> 1903.6029 | ... W17: =IF(RES_hh_fec!W17=0,0,1000*11630*RES_hh_fec!W17/RES_hh_num!W17) -> 1318.4017 | DA17: FEC_per_household.kWh.IT.Res.HH.Thermal.WH
A18: Solids | B18: =IF(RES_hh_fec!B18=0,0,1000*11630*RES_hh_fec!B18/RES_hh_num!B18) -> 0 | C18: =IF(RES_hh_fec!C18=0,0,1000*11630*RES_hh_fec!C18/RES_hh_num!C18) -> 0 | D18: =IF(RES_hh_fec!D18=0,0,1000*11630*RES_hh_fec!D18/RES_hh_num!D18) -> 0 | E18: =IF(RES_hh_fec!E18=0,0,1000*11630*RES_hh_fec!E18/RES_hh_num!E18) -> 0 | F18: =IF(RES_hh_fec!F18=0,0,1000*11630*RES_hh_fec!F18/RES_hh_num!F18) -> 0 | G18: =IF(RES_hh_fec!G18=0,0,1000*11630*RES_hh_fec!G18/RES_hh_num!G18) -> 0 | H18: =IF(RES_hh_fec!H18=0,0,1000*11630*RES_hh_fec!H18/RES_hh_num!H18) -> 0 | I18: =IF(RES_hh_fec!I18=0,0,1000*11630*RES_hh_fec!I18/RES_hh_num!I18) -> 0 | ... W18: =IF(RES_hh_fec!W18=0,0,1000*11630*RES_hh_fec!W18/RES_hh_num!W18) -> 0 | DA18: FEC_per_household.kWh.IT.Res.HH.Thermal.WH.Solids.Solids
A19: Liquified petroleum gas (LPG) | B19: =IF(RES_hh_fec!B19=0,0,1000*11630*RES_hh_fec!B19/RES_hh_num!B19) -> 2089.4327 | C19: =IF(RES_hh_fec!C19=0,0,1000*11630*RES_hh_fec!C19/RES_hh_num!C19) -> 2112.4918 | D19: =IF(RES_hh_fec!D19=0,0,1000*11630*RES_hh_fec!D19/RES_hh_num!D19) -> 2074.2691 | E19: =IF(RES_hh_fec!E19=0,0,1000*11630*RES_hh_fec!E19/RES_hh_num!E19) -> 2033.7957 | F19: =IF(RES_hh_fec!F19=0,0,1000*11630*RES_hh_fec!F19/RES_hh_num!F19) -> 2292.3113 | G19: =IF(RES_hh_fec!G19=0,0,1000*11630*RES_hh_fec!G19/RES_hh_num!G19) -> 2080.486 | H19: =IF(RES_hh_fec!H19=0,0,1000*11630*RES_hh_fec!H19/RES_hh_num!H19) -> 2027.2074 | I19: =IF(RES_hh_fec!I19=0,0,1000*11630*RES_hh_fec!I19/RES_hh_num!I19) -> 1861.7396 | ... W19: =IF(RES_hh_fec!W19=0,0,1000*11630*RES_hh_fec!W19/RES_hh_num!W19) -> 1366.0697 | DA19: FEC_per_household.kWh.IT.Res.HH.Thermal.WH.LPG.LPG
A20: Diesel oil | B20: =IF(RES_hh_fec!B20=0,0,1000*11630*RES_hh_fec!B20/RES_hh_num!B20) -> 2363.5714 | C20: =IF(RES_hh_fec!C20=0,0,1000*11630*RES_hh_fec!C20/RES_hh_num!C20) -> 2375.6364 | D20: =IF(RES_hh_fec!D20=0,0,1000*11630*RES_hh_fec!D20/RES_hh_num!D20) -> 2378.4385 | E20: =IF(RES_hh_fec!E20=0,0,1000*11630*RES_hh_fec!E20/RES_hh_num!E20) -> 2168.8074 | F20: =IF(RES_hh_fec!F20=0,0,1000*11630*RES_hh_fec!F20/RES_hh_num!F20) -> 2449.4248 | G20: =IF(RES_hh_fec!G20=0,0,1000*11630*RES_hh_fec!G20/RES_hh_num!G20) -> 2354.6751 | H20: =IF(RES_hh_fec!H20=0,0,1000*11630*RES_hh_fec!H20/RES_hh_num!H20) -> 2368.5425 | I20: =IF(RES_hh_fec!I20=0,0,1000*11630*RES_hh_fec!I20/RES_hh_num!I20) -> 2079.0926 | ... W20: =IF(RES_hh_fec!W20=0,0,1000*11630*RES_hh_fec!W20/RES_hh_num!W20) -> 1560.4153 | DA20: FEC_per_household.kWh.IT.Res.HH.Thermal.WH.Oil.Oil_LiqBio
A21: Natural gas | B21: =IF(RES_hh_fec!B21=0,0,1000*11630*RES_hh_fec!B21/RES_hh_num!B21) -> 2238.6117 | C21: =IF(RES_hh_fec!C21=0,0,1000*11630*RES_hh_fec!C21/RES_hh_num!C21) -> 2277.6424 | D21: =IF(RES_hh_fec!D21=0,0,1000*11630*RES_hh_fec!D21/RES_hh_num!D21) -> 2259.974 | E21: =IF(RES_hh_fec!E21=0,0,1000*11630*RES_hh_fec!E21/RES_hh_num!E21) -> 2263.6174 | F21: =IF(RES_hh_fec!F21=0,0,1000*11630*RES_hh_fec!F21/RES_hh_num!F21) -> 2128.2204 | G21: =IF(RES_hh_fec!G21=0,0,1000*11630*RES_hh_fec!G21/RES_hh_num!G21) -> 2175.2951 | H21: =IF(RES_hh_fec!H21=0,0,1000*11630*RES_hh_fec!H21/RES_hh_num!H21) -> 2112.5963 | I21: =IF(RES_hh_fec!I21=0,0,1000*11630*RES_hh_fec!I21/RES_hh_num!I21) -> 2019.1996 | ... W21: =IF(RES_hh_fec!W21=0,0,1000*11630*RES_hh_fec!W21/RES_hh_num!W21) -> 1338.196 | DA21: FEC_per_household.kWh.IT.Res.HH.Thermal.WH.Gas.NG_Biogas
A22: Biomass | B22: =IF(RES_hh_fec!B22=0,0,1000*11630*RES_hh_fec!B22/RES_hh_num!B22) -> 2456.8832 | C22: =IF(RES_hh_fec!C22=0,0,1000*11630*RES_hh_fec!C22/RES_hh_num!C22) -> 2015.7923 | D22: =IF(RES_hh_fec!D22=0,0,1000*11630*RES_hh_fec!D22/RES_hh_num!D22) -> 2388.6704 | E22: =IF(RES_hh_fec!E22=0,0,1000*11630*RES_hh_fec!E22/RES_hh_num!E22) -> 2191.7137 | F22: =IF(RES_hh_fec!F22=0,0,1000*11630*RES_hh_fec!F22/RES_hh_num!F22) -> 1944.3136 | G22: =IF(RES_hh_fec!G22=0,0,1000*11630*RES_hh_fec!G22/RES_hh_num!G22) -> 1949.0476 | H22: =IF(RES_hh_fec!H22=0,0,1000*11630*RES_hh_fec!H22/RES_hh_num!H22) -> 2058.0955 | I22: =IF(RES_hh_fec!I22=0,0,1000*11630*RES_hh_fec!I22/RES_hh_num!I22) -> 1794.039 | ... W22: =IF(RES_hh_fec!W22=0,0,1000*11630*RES_hh_fec!W22/RES_hh_num!W22) -> 1333.6093 | DA22: FEC_per_household.kWh.IT.Res.HH.Thermal.WH.Biomass.Biomass_Waste
A23: Geothermal | B23: =IF(RES_hh_fec!B23=0,0,1000*11630*RES_hh_fec!B23/RES_hh_num!B23) -> 1667.2522 | C23: =IF(RES_hh_fec!C23=0,0,1000*11630*RES_hh_fec!C23/RES_hh_num!C23) -> 1646.5199 | D23: =IF(RES_hh_fec!D23=0,0,1000*11630*RES_hh_fec!D23/RES_hh_num!D23) -> 1686.5117 | E23: =IF(RES_hh_fec!E23=0,0,1000*11630*RES_hh_fec!E23/RES_hh_num!E23) -> 1529.3807 | F23: =IF(RES_hh_fec!F23=0,0,1000*11630*RES_hh_fec!F23/RES_hh_num!F23) -> 1581.197 | G23: =IF(RES_hh_fec!G23=0,0,1000*11630*RES_hh_fec!G23/RES_hh_num!G23) -> 1465.4425 | H23: =IF(RES_hh_fec!H23=0,0,1000*11630*RES_hh_fec!H23/RES_hh_num!H23) -> 1547.3023 | I23: =IF(RES_hh_fec!I23=0,0,1000*11630*RES_hh_fec!I23/RES_hh_num!I23) -> 1541.2983 | ... W23: =IF(RES_hh_fec!W23=0,0,1000*11630*RES_hh_fec!W23/RES_hh_num!W23) -> 1236.0756 | DA23: FEC_per_household.kWh.IT.Res.HH.Thermal.WH.Geo.Geo
A24: Distributed heat | B24: =IF(RES_hh_fec!B24=0,0,1000*11630*RES_hh_fec!B24/RES_hh_num!B24) -> 0 | C24: =IF(RES_hh_fec!C24=0,0,1000*11630*RES_hh_fec!C24/RES_hh_num!C24) -> 0 | D24: =IF(RES_hh_fec!D24=0,0,1000*11630*RES_hh_fec!D24/RES_hh_num!D24) -> 0 | E24: =IF(RES_hh_fec!E24=0,0,1000*11630*RES_hh_fec!E24/RES_hh_num!E24) -> 0 | F24: =IF(RES_hh_fec!F24=0,0,1000*11630*RES_hh_fec!F24/RES_hh_num!F24) -> 2176.3649 | G24: =IF(RES_hh_fec!G24=0,0,1000*11630*RES_hh_fec!G24/RES_hh_num!G24) -> 2067.6509 | H24: =IF(RES_hh_fec!H24=0,0,1000*11630*RES_hh_fec!H24/RES_hh_num!H24) -> 1791.8582 | I24: =IF(RES_hh_fec!I24=0,0,1000*11630*RES_hh_fec!I24/RES_hh_num!I24) -> 1708.9787 | ... W24: =IF(RES_hh_fec!W24=0,0,1000*11630*RES_hh_fec!W24/RES_hh_num!W24) -> 1023.745 | DA24: FEC_per_household.kWh.IT.Res.HH.Thermal.WH.DistrHeat.Steam_Distr
A25: Electricity | B25: =IF(RES_hh_fec!B25=0,0,1000*11630*RES_hh_fec!B25/RES_hh_num!B25) -> 1858.906 | C25: =IF(RES_hh_fec!C25=0,0,1000*11630*RES_hh_fec!C25/RES_hh_num!C25) -> 1806.9269 | D25: =IF(RES_hh_fec!D25=0,0,1000*11630*RES_hh_fec!D25/RES_hh_num!D25) -> 1884.7142 | E25: =IF(RES_hh_fec!E25=0,0,1000*11630*RES_hh_fec!E25/RES_hh_num!E25) -> 1764.8263 | F25: =IF(RES_hh_fec!F25=0,0,1000*11630*RES_hh_fec!F25/RES_hh_num!F25) -> 1849.8703 | G25: =IF(RES_hh_fec!G25=0,0,1000*11630*RES_hh_fec!G25/RES_hh_num!G25) -> 1750.1255 | H25: =IF(RES_hh_fec!H25=0,0,1000*11630*RES_hh_fec!H25/RES_hh_num!H25) -> 1712.8098 | I25: =IF(RES_hh_fec!I25=0,0,1000*11630*RES_hh_fec!I25/RES_hh_num!I25) -> 1593.2197 | ... W25: =IF(RES_hh_fec!W25=0,0,1000*11630*RES_hh_fec!W25/RES_hh_num!W25) -> 890.38872 | DA25: FEC_per_household.kWh.IT.Res.HH.Thermal.WH.Elc.Elec
A26: Solar | B26: =IF(RES_hh_fec!B26=0,0,1000*11630*RES_hh_fec!B26/RES_hh_num!B26) -> 974.85048 | C26: =IF(RES_hh_fec!C26=0,0,1000*11630*RES_hh_fec!C26/RES_hh_num!C26) -> 983.74501 | D26: =IF(RES_hh_fec!D26=0,0,1000*11630*RES_hh_fec!D26/RES_hh_num!D26) -> 998.77262 | E26: =IF(RES_hh_fec!E26=0,0,1000*11630*RES_hh_fec!E26/RES_hh_num!E26) -> 980.74306 | F26: =IF(RES_hh_fec!F26=0,0,1000*11630*RES_hh_fec!F26/RES_hh_num!F26) -> 986.39656 | G26: =IF(RES_hh_fec!G26=0,0,1000*11630*RES_hh_fec!G26/RES_hh_num!G26) -> 984.62787 | H26: =IF(RES_hh_fec!H26=0,0,1000*11630*RES_hh_fec!H26/RES_hh_num!H26) -> 976.15937 | I26: =IF(RES_hh_fec!I26=0,0,1000*11630*RES_hh_fec!I26/RES_hh_num!I26) -> 931.46563 | ... W26: =IF(RES_hh_fec!W26=0,0,1000*11630*RES_hh_fec!W26/RES_hh_num!W26) -> 819.72722 | DA26: FEC_per_household.kWh.IT.Res.HH.Thermal.WH.TotalSolar.Solar
A27: Cooking | B27: =IF(RES_hh_fec!B27=0,0,1000*11630*RES_hh_fec!B27/RES_hh_num!B27) -> 966.54534 | C27: =IF(RES_hh_fec!C27=0,0,1000*11630*RES_hh_fec!C27/RES_hh_num!C27) -> 974.96655 | D27: =IF(RES_hh_fec!D27=0,0,1000*11630*RES_hh_fec!D27/RES_hh_num!D27) -> 982.18651 | E27: =IF(RES_hh_fec!E27=0,0,1000*11630*RES_hh_fec!E27/RES_hh_num!E27) -> 964.28695 | F27: =IF(RES_hh_fec!F27=0,0,1000*11630*RES_hh_fec!F27/RES_hh_num!F27) -> 989.90094 | G27: =IF(RES_hh_fec!G27=0,0,1000*11630*RES_hh_fec!G27/RES_hh_num!G27) -> 952.14079 | H27: =IF(RES_hh_fec!H27=0,0,1000*11630*RES_hh_fec!H27/RES_hh_num!H27) -> 939.28602 | I27: =IF(RES_hh_fec!I27=0,0,1000*11630*RES_hh_fec!I27/RES_hh_num!I27) -> 838.90008 | ... W27: =IF(RES_hh_fec!W27=0,0,1000*11630*RES_hh_fec!W27/RES_hh_num!W27) -> 718.70401 | DA27: FEC_per_household.kWh.IT.Res.HH.Thermal.CO
A28: Solids | B28: =IF(RES_hh_fec!B28=0,0,1000*11630*RES_hh_fec!B28/RES_hh_num!B28) -> 0 | C28: =IF(RES_hh_fec!C28=0,0,1000*11630*RES_hh_fec!C28/RES_hh_num!C28) -> 0 | D28: =IF(RES_hh_fec!D28=0,0,1000*11630*RES_hh_fec!D28/RES_hh_num!D28) -> 0 | E28: =IF(RES_hh_fec!E28=0,0,1000*11630*RES_hh_fec!E28/RES_hh_num!E28) -> 0 | F28: =IF(RES_hh_fec!F28=0,0,1000*11630*RES_hh_fec!F28/RES_hh_num!F28) -> 0 | G28: =IF(RES_hh_fec!G28=0,0,1000*11630*RES_hh_fec!G28/RES_hh_num!G28) -> 0 | H28: =IF(RES_hh_fec!H28=0,0,1000*11630*RES_hh_fec!H28/RES_hh_num!H28) -> 0 | I28: =IF(RES_hh_fec!I28=0,0,1000*11630*RES_hh_fec!I28/RES_hh_num!I28) -> 0 | ... W28: =IF(RES_hh_fec!W28=0,0,1000*11630*RES_hh_fec!W28/RES_hh_num!W28) -> 0 | DA28: FEC_per_household.kWh.IT.Res.HH.Thermal.CO.Solids.Solids
... A32: Electricity | B32: =IF(RES_hh_fec!B32=0,0,1000*11630*RES_hh_fec!B32/RES_hh_num!B32) -> 798.71935 | C32: =IF(RES_hh_fec!C32=0,0,1000*11630*RES_hh_fec!C32/RES_hh_num!C32) -> 834.29472 | D32: =IF(RES_hh_fec!D32=0,0,1000*11630*RES_hh_fec!D32/RES_hh_num!D32) -> 841.03793 | E32: =IF(RES_hh_fec!E32=0,0,1000*11630*RES_hh_fec!E32/RES_hh_num!E32) -> 766.44617 | F32: =IF(RES_hh_fec!F32=0,0,1000*11630*RES_hh_fec!F32/RES_hh_num!F32) -> 914.31885 | G32: =IF(RES_hh_fec!G32=0,0,1000*11630*RES_hh_fec!G32/RES_hh_num!G32) -> 739.35106 | H32: =IF(RES_hh_fec!H32=0,0,1000*11630*RES_hh_fec!H32/RES_hh_num!H32) -> 800.31887 | I32: =IF(RES_hh_fec!I32=0,0,1000*11630*RES_hh_fec!I32/RES_hh_num!I32) -> 739.67159 | ... W32: =IF(RES_hh_fec!W32=0,0,1000*11630*RES_hh_fec!W32/RES_hh_num!W32) -> 588.95927 | DA32: FEC_per_household.kWh.IT.Res.HH.Thermal.CO.Elc.Elec

Sheet RES_hh_tesh
A1: IT - Thermal energy service per household | B1: 2000 | C1: 2001 | D1: 2002 | E1: 2003 | F1: 2004 | G1: 2005 | H1: 2006 | I1: 2007 | J1: 2008 | K1: 2009 | L1: 2010 | M1: 2011 | N1: 2012 | O1: 2013 | P1: 2014 | Q1: 2015 | R1: 2016 | S1: 2017 | T1: 2018 | U1: 2019 | V1: 2020 | W1: 2021 | DA1: Code
A3: Thermal energy service (kWh useful / household) | B3: =IF(RES_hh_tes!B3=0,0,1000*11630*RES_hh_tes!B3/RES_hh_num!B3) -> 6503.2147 | C3: =IF(RES_hh_tes!C3=0,0,1000*11630*RES_hh_tes!C3/RES_hh_num!C3) -> 6881.074 | D3: =IF(RES_hh_tes!D3=0,0,1000*11630*RES_hh_tes!D3/RES_hh_num!D3) -> 6893.1163 | E3: =IF(RES_hh_tes!E3=0,0,1000*11630*RES_hh_tes!E3/RES_hh_num!E3) -> 7850.2181 | F3: =IF(RES_hh_tes!F3=0,0,1000*11630*RES_hh_tes!F3/RES_hh_num!F3) -> 7739.3156 | G3: =IF(RES_hh_tes!G3=0,0,1000*11630*RES_hh_tes!G3/RES_hh_num!G3) -> 8399.8467 | H3: =IF(RES_hh_tes!H3=0,0,1000*11630*RES_hh_tes!H3/RES_hh_num!H3) -> 8062.7827 | I3: =IF(RES_hh_tes!I3=0,0,1000*11630*RES_hh_tes!I3/RES_hh_num!I3) -> 8070.143 | ... W3: =IF(RES_hh_tes!W3=0,0,1000*11630*RES_hh_tes!W3/RES_hh_num!W3) -> 9331.1669 | DA3: TES_per_household.kWh.IT.Res.HH.Thermal
A4: Space heating | B4: =IF(RES_hh_tes!B4=0,0,1000*11630*RES_hh_tes!B4/RES_hh_num!B4) -> 4635.0447 | C4: =IF(RES_hh_tes!C4=0,0,1000*11630*RES_hh_tes!C4/RES_hh_num!C4) -> 4974.1055 | D4: =IF(RES_hh_tes!D4=0,0,1000*11630*RES_hh_tes!D4/RES_hh_num!D4) -> 4967.5783 | E4: =IF(RES_hh_tes!E4=0,0,1000*11630*RES_hh_tes!E4/RES_hh_num!E4) -> 5773.1727 | F4: =IF(RES_hh_tes!F4=0,0,1000*11630*RES_hh_tes!F4/RES_hh_num!F4) -> 5778.267 | G4: =IF(RES_hh_tes!G4=0,0,1000*11630*RES_hh_tes!G4/RES_hh_num!G4) -> 6459.74 | H4: =IF(RES_hh_tes!H4=0,0,1000*11630*RES_hh_tes!H4/RES_hh_num!H4) -> 6084.8874 | I4: =IF(RES_hh_tes!I4=0,0,1000*11630*RES_hh_tes!I4/RES_hh_num!I4) -> 6210.6326 | ... W4: =IF(RES_hh_tes!W4=0,0,1000*11630*RES_hh_tes!W4/RES_hh_num!W4) -> 7406.5209 | DA4: TES_per_household.kWh.IT.Res.HH.Thermal.SH
A5: Solids | B5: =IF(RES_hh_tes!B5=0,0,1000*11630*RES_hh_tes!B5/RES_hh_num!B5) -> 4479.8124 | C5: =IF(RES_hh_tes!C5=0,0,1000*11630*RES_hh_tes!C5/RES_hh_num!C5) -> 6237.7166 | D5: =IF(RES_hh_tes!D5=0,0,1000*11630*RES_hh_tes!D5/RES_hh_num!D5) -> 2572.2079 | E5: =IF(RES_hh_tes!E5=0,0,1000*11630*RES_hh_tes!E5/RES_hh_num!E5) -> 4482.1355 | F5: =IF(RES_hh_tes!F5=0,0,1000*11630*RES_hh_tes!F5/RES_hh_num!F5) -> 4242.3123 | G5: =IF(RES_hh_tes!G5=0,0,1000*11630*RES_hh_tes!G5/RES_hh_num!G5) -> 5301.0885 | H5: =IF(RES_hh_tes!H5=0,0,1000*11630*RES_hh_tes!H5/RES_hh_num!H5) -> 6603.9597 | I5: =IF(RES_hh_tes!I5=0,0,1000*11630*RES_hh_tes!I5/RES_hh_num!I5) -> 6240.4972 | ... W5: =IF(RES_hh_tes!W5=0,0,1000*11630*RES_hh_tes!W5/RES_hh_num!W5) -> 0 | DA5: TES_per_household.kWh.IT.Res.HH.Thermal.SH.Solids.Solids
A6: Liquified petroleum gas (LPG) | B6: =IF(RES_hh_tes!B6=0,0,1000*11630*RES_hh_tes!B6/RES_hh_num!B6) -> 4637.0592 | C6: =IF(RES_hh_tes!C6=0,0,1000*11630*RES_hh_tes!C6/RES_hh_num!C6) -> 4789.2343 | D6: =IF(RES_hh_tes!D6=0,0,1000*11630*RES_hh_tes!D6/RES_hh_num!D6) -> 4911.5518 | E6: =IF(RES_hh_tes!E6=0,0,1000*11630*RES_hh_tes!E6/RES_hh_num!E6) -> 5632.0182 | F6: =IF(RES_hh_tes!F6=0,0,1000*11630*RES_hh_tes!F6/RES_hh_num!F6) -> 5450.131 | G6: =IF(RES_hh_tes!G6=0,0,1000*11630*RES_hh_tes!G6/RES_hh_num!G6) -> 6336.1068 | H6: =IF(RES_hh_tes!H6=0,0,1000*11630*RES_hh_tes!H6/RES_hh_num!H6) -> 5896.7322 | I6: =IF(RES_hh_tes!I6=0,0,1000*11630*RES_hh_tes!I6/RES_hh_num!I6) -> 5937.6404 | ... W6: =IF(RES_hh_tes!W6=0,0,1000*11630*RES_hh_tes!W6/RES_hh_num!W6) -> 7304.0862 | DA6: TES_per_household.kWh.IT.Res.HH.Thermal.SH.LPG.LPG
A7: Diesel oil | B7: =IF(RES_hh_tes!B7=0,0,1000*11630*RES_hh_tes!B7/RES_hh_num!B7) -> 4393.9068 | C7: =IF(RES_hh_tes!C7=0,0,1000*11630*RES_hh_tes!C7/RES_hh_num!C7) -> 5123.717 | D7: =IF(RES_hh_tes!D7=0,0,1000*11630*RES_hh_tes!D7/RES_hh_num!D7) -> 5075.4134 | E7: =IF(RES_hh_tes!E7=0,0,1000*11630*RES_hh_tes!E7/RES_hh_num!E7) -> 4972.7253 | F7: =IF(RES_hh_tes!F7=0,0,1000*11630*RES_hh_tes!F7/RES_hh_num!F7) -> 5729.0127 | G7: =IF(RES_hh_tes!G7=0,0,1000*11630*RES_hh_tes!G7/RES_hh_num!G7) -> 6374.7346 | H7: =IF(RES_hh_tes!H7=0,0,1000*11630*RES_hh_tes!H7/RES_hh_num!H7) -> 6210.309 | I7: =IF(RES_hh_tes!I7=0,0,1000*11630*RES_hh_tes!I7/RES_hh_num!I7) -> 5700.8627 | ... W7: =IF(RES_hh_tes!W7=0,0,1000*11630*RES_hh_tes!W7/RES_hh_num!W7) -> 6916.5458 | DA7: TES_per_household.kWh.IT.Res.HH.Thermal.SH.Oil.Oil_LiqBio
A8: Natural gas | B8: =IF(RES_hh_tes!B8=0,0,1000*11630*RES_hh_tes!B8/RES_hh_num!B8) -> 4541.1335 | C8: =IF(RES_hh_tes!C8=0,0,1000*11630*RES_hh_tes!C8/RES_hh_num!C8) -> 4865.0242 | D8: =IF(RES_hh_tes!D8=0,0,1000*11630*RES_hh_tes!D8/RES_hh_num!D8) -> 4751.2192 | E8: =IF(RES_hh_tes!E8=0,0,1000*11630*RES_hh_tes!E8/RES_hh_num!E8) -> 5533.6775 | F8: =IF(RES_hh_tes!F8=0,0,1000*11630*RES_hh_tes!F8/RES_hh_num!F8) -> 5924.395 | G8: =IF(RES_hh_tes!G8=0,0,1000*11630*RES_hh_tes!G8/RES_hh_num!G8) -> 6359.7675 | H8: =IF(RES_hh_tes!H8=0,0,1000*11630*RES_hh_tes!H8/RES_hh_num!H8) -> 5977.5222 | I8: =IF(RES_hh_tes!I8=0,0,1000*11630*RES_hh_tes!I8/RES_hh_num!I8) -> 5879.1574 | ... W8: =IF(RES_hh_tes!W8=0,0,1000*11630*RES_hh_tes!W8/RES_hh_num!W8) -> 7137.2135 | DA8: TES_per_household.kWh.IT.Res.HH.Thermal.SH.Gas.NG_Biogas
A9: Biomass | B9: =IF(RES_hh_tes!B9=0,0,1000*11630*RES_hh_tes!B9/RES_hh_num!B9) -> 4562.4043 | C9: =IF(RES_hh_tes!C9=0,0,1000*11630*RES_hh_tes!C9/RES_hh_num!C9) -> 4172.5267 | D9: =IF(RES_hh_tes!D9=0,0,1000*11630*RES_hh_tes!D9/RES_hh_num!D9) -> 5134.312 | E9: =IF(RES_hh_tes!E9=0,0,1000*11630*RES_hh_tes!E9/RES_hh_num!E9) -> 7195.9473 | F9: =IF(RES_hh_tes!F9=0,0,1000*11630*RES_hh_tes!F9/RES_hh_num!F9) -> 4198.3334 | G9: =IF(RES_hh_tes!G9=0,0,1000*11630*RES_hh_tes!G9/RES_hh_num!G9) -> 6028.9243 | H9: =IF(RES_hh_tes!H9=0,0,1000*11630*RES_hh_tes!H9/RES_hh_num!H9) -> 5795.3809 | I9: =IF(RES_hh_tes!I9=0,0,1000*11630*RES_hh_tes!I9/RES_hh_num!I9) -> 6759.3602 | ... W9: =IF(RES_hh_tes!W9=0,0,1000*11630*RES_hh_tes!W9/RES_hh_num!W9) -> 7490.4777 | DA9: TES_per_household.kWh.IT.Res.HH.Thermal.SH.Biomass.Biomass_Waste
A10: Geothermal | B10: =IF(RES_hh_tes!B10=0,0,1000*11630*RES_hh_tes!B10/RES_hh_num!B10) -> 4675.4498 | C10: =IF(RES_hh_tes!C10=0,0,1000*11630*RES_hh_tes!C10/RES_hh_num!C10) -> 4898.6902 | D10: =IF(RES_hh_tes!D10=0,0,1000*11630*RES_hh_tes!D10/RES_hh_num!D10) -> 5122.9423 | E10: =IF(RES_hh_tes!E10=0,0,1000*11630*RES_hh_tes!E10/RES_hh_num!E10) -> 5589.0617 | F10: =IF(RES_hh_tes!F10=0,0,1000*11630*RES_hh_tes!F10/RES_hh_num!F10) -> 5750.2104 | G10: =IF(RES_hh_tes!G10=0,0,1000*11630*RES_hh_tes!G10/RES_hh_num!G10) -> 6121.1767 | H10: =IF(RES_hh_tes!H10=0,0,1000*11630*RES_hh_tes!H10/RES_hh_num!H10) -> 6168.5431 | I10: =IF(RES_hh_tes!I10=0,0,1000*11630*RES_hh_tes!I10/RES_hh_num!I10) -> 6316.1533 | ... W10: =IF(RES_hh_tes!W10=0,0,1000*11630*RES_hh_tes!W10/RES_hh_num!W10) -> 7058.3861 | DA10: TES_per_household.kWh.IT.Res.HH.Thermal.SH.Geo.Geo
A11: Distributed heat | B11: =IF(RES_hh_tes!B11=0,0,1000*11630*RES_hh_tes!B11/RES_hh_num!B11) -> 0 | C11: =IF(RES_hh_tes!C11=0,0,1000*11630*RES_hh_tes!C11/RES_hh_num!C11) -> 0 | D11: =IF(RES_hh_tes!D11=0,0,1000*11630*RES_hh_tes!D11/RES_hh_num!D11) -> 0 | E11: =IF(RES_hh_tes!E11=0,0,1000*11630*RES_hh_tes!E11/RES_hh_num!E11) -> 0 | F11: =IF(RES_hh_tes!F11=0,0,1000*11630*RES_hh_tes!F11/RES_hh_num!F11) -> 8552.3201 | G11: =IF(RES_hh_tes!G11=0,0,1000*11630*RES_hh_tes!G11/RES_hh_num!G11) -> 8729.2885 | H11: =IF(RES_hh_tes!H11=0,0,1000*11630*RES_hh_tes!H11/RES_hh_num!H11) -> 7355.754 | I11: =IF(RES_hh_tes!I11=0,0,1000*11630*RES_hh_tes!I11/RES_hh_num!I11) -> 7428.6148 | ... W11: =IF(RES_hh_tes!W11=0,0,1000*11630*RES_hh_tes!W11/RES_hh_num!W11) -> 6317.1062 | DA11: TES_per_household.kWh.IT.Res.HH.Thermal.SH.DistrHeat.Steam_Distr
A12: Advanced electric heating | B12: =IF(RES_hh_tes!B12=0,0,1000*11630*RES_hh_tes!B12/RES_hh_num!B12) -> 4323.5298 | C12: =IF(RES_hh_tes!C12=0,0,1000*11630*RES_hh_tes!C12/RES_hh_num!C12) -> 4898.8593 | D12: =IF(RES_hh_tes!D12=0,0,1000*11630*RES_hh_tes!D12/RES_hh_num!D12) -> 4630.3711 | E12: =IF(RES_hh_tes!E12=0,0,1000*11630*RES_hh_tes!E12/RES_hh_num!E12) -> 4911.1958 | F12: =IF(RES_hh_tes!F12=0,0,1000*11630*RES_hh_tes!F12/RES_hh_num!F12) -> 5696.6425 | G12: =IF(RES_hh_tes!G12=0,0,1000*11630*RES_hh_tes!G12/RES_hh_num!G12) -> 7028.0826 | H12: =IF(RES_hh_tes!H12=0,0,1000*11630*RES_hh_tes!H12/RES_hh_num!H12) -> 5938.8845 | I12: =IF(RES_hh_tes!I12=0,0,1000*11630*RES_hh_tes!I12/RES_hh_num!I12) -> 5993.5086 | ... W12: =IF(RES_hh_tes!W12=0,0,1000*11630*RES_hh_tes!W12/RES_hh_num!W12) -> 10216.148 | DA12: TES_per_household.kWh.IT.Res.HH.Thermal.SH.AdvElc.Elec
A13: Conventional electric heating | B13: =IF(RES_hh_tes!B13=0,0,1000*11630*RES_hh_tes!B13/RES_hh_num!B13) -> 4927.0679 | C13: =IF(RES_hh_tes!C13=0,0,1000*11630*RES_hh_tes!C13/RES_hh_num!C13) -> 4551.0715 | D13: =IF(RES_hh_tes!D13=0,0,1000*11630*RES_hh_tes!D13/RES_hh_num!D13) -> 5045.3691 | E13: =IF(RES_hh_tes!E13=0,0,1000*11630*RES_hh_tes!E13/RES_hh_num!E13) -> 5707.0212 | F13: =IF(RES_hh_tes!F13=0,0,1000*11630*RES_hh_tes!F13/RES_hh_num!F13) -> 5747.0385 | G13: =IF(RES_hh_tes!G13=0,0,1000*11630*RES_hh_tes!G13/RES_hh_num!G13) -> 6897.0094 | H13: =IF(RES_hh_tes!H13=0,0,1000*11630*RES_hh_tes!H13/RES_hh_num!H13) -> 6069.8982 | I13: =IF(RES_hh_tes!I13=0,0,1000*11630*RES_hh_tes!I13/RES_hh_num!I13) -> 5687.4678 | ... W13: =IF(RES_hh_tes!W13=0,0,1000*11630*RES_hh_tes!W13/RES_hh_num!W13) -> 625.42202 | DA13: TES_per_household.kWh.IT.Res.HH.Thermal.SH.ConvElc.Elec
A14: Electricity in circulation | B14: =IF(RES_hh_tes!B14=0,0,1000*11630*RES_hh_tes!B14/RES_hh_num!B14) -> 111.71555 | C14: =IF(RES_hh_tes!C14=0,0,1000*11630*RES_hh_tes!C14/RES_hh_num!C14) -> 117.11481 | D14: =IF(RES_hh_tes!D14=0,0,1000*11630*RES_hh_tes!D14/RES_hh_num!D14) -> 112.21354 | E14: =IF(RES_hh_tes!E14=0,0,1000*11630*RES_hh_tes!E14/RES_hh_num!E14) -> 114.36633 | F14: =IF(RES_hh_tes!F14=0,0,1000*11630*RES_hh_tes!F14/RES_hh_num!F14) -> 124.59574 | G14: =IF(RES_hh_tes!G14=0,0,1000*11630*RES_hh_tes!G14/RES_hh_num!G14) -> 131.68979 | H14: =IF(RES_hh_tes!H14=0,0,1000*11630*RES_hh_tes!H14/RES_hh_num!H14) -> 116.81686 | I14: =IF(RES_hh_tes!I14=0,0,1000*11630*RES_hh_tes!I14/RES_hh_num!I14) -> 109.76873 | ... W14: =IF(RES_hh_tes!W14=0,0,1000*11630*RES_hh_tes!W14/RES_hh_num!W14) -> 105.2379 | DA14: TES_per_household.kWh.IT.Res.HH.Thermal.SH.TotalCirculation.Elec
A15: Space cooling | B15: =B16 -> 63.058801 | C15: =C16 -> 82.420241 | D15: =D16 -> 75.959921 | E15: =E16 -> 261.28844 | F15: =F16 -> 113.66229 | G15: =G16 -> 123.80918 | H15: =H16 -> 173.98824 | I15: =I16 -> 173.63656 | ... W15: =W16 -> 440.05977 | DA15: TES_per_household.kWh.IT.Res.HH.Thermal.SC
A16: Air conditioning | B16: =IF(RES_hh_tes!B16=0,0,1000*11630*RES_hh_tes!B16/RES_hh_num!B$3) -> 63.058801 | C16: =IF(RES_hh_tes!C16=0,0,1000*11630*RES_hh_tes!C16/RES_hh_num!C$3) -> 82.420241 | D16: =IF(RES_hh_tes!D16=0,0,1000*11630*RES_hh_tes!D16/RES_hh_num!D$3) -> 75.959921 | E16: =IF(RES_hh_tes!E16=0,0,1000*11630*RES_hh_tes!E16/RES_hh_num!E$3) -> 261.28844 | F16: =IF(RES_hh_tes!F16=0,0,1000*11630*RES_hh_tes!F16/RES_hh_num!F$3) -> 113.66229 | G16: =IF(RES_hh_tes!G16=0,0,1000*11630*RES_hh_tes!G16/RES_hh_num!G$3) -> 123.80918 | H16: =IF(RES_hh_tes!H16=0,0,1000*11630*RES_hh_tes!H16/RES_hh_num!H$3) -> 173.98824 | I16: =IF(RES_hh_tes!I16=0,0,1000*11630*RES_hh_tes!I16/RES_hh_num!I$3) -> 173.63656 | ... W16: =IF(RES_hh_tes!W16=0,0,1000*11630*RES_hh_tes!W16/RES_hh_num!W$3) -> 440.05977 | DA16: TES_per_household.kWh.IT.Res.HH.Thermal.SC.AC.Elec
A17: Water heating | B17: =IF(RES_hh_tes!B17=0,0,1000*11630*RES_hh_tes!B17/RES_hh_num!B17) -> 1181.2134 | C17: =IF(RES_hh_tes!C17=0,0,1000*11630*RES_hh_tes!C17/RES_hh_num!C17) -> 1192.0188 | D17: =IF(RES_hh_tes!D17=0,0,1000*11630*RES_hh_tes!D17/RES_hh_num!D17) -> 1210.1967 | E17: =IF(RES_hh_tes!E17=0,0,1000*11630*RES_hh_tes!E17/RES_hh_num!E17) -> 1188.4224 | F17: =IF(RES_hh_tes!F17=0,0,1000*11630*RES_hh_tes!F17/RES_hh_num!F17) -> 1195.2755 | G17: =IF(RES_hh_tes!G17=0,0,1000*11630*RES_hh_tes!G17/RES_hh_num!G17) -> 1193.1684 | H17: =IF(RES_hh_tes!H17=0,0,1000*11630*RES_hh_tes!H17/RES_hh_num!H17) -> 1182.9348 | I17: =IF(RES_hh_tes!I17=0,0,1000*11630*RES_hh_tes!I17/RES_hh_num!I17) -> 1128.7404 | ... W17: =IF(RES_hh_tes!W17=0,0,1000*11630*RES_hh_tes!W17/RES_hh_num!W17) -> 995.66855 | DA17: TES_per_household.kWh.IT.Res.HH.Thermal.WH
A18: Solids | B18: =IF(RES_hh_tes!B18=0,0,1000*11630*RES_hh_tes!B18/RES_hh_num!B18) -> 0 | C18: =IF(RES_hh_tes!C18=0,0,1000*11630*RES_hh_tes!C18/RES_hh_num!C18) -> 0 | D18: =IF(RES_hh_tes!D18=0,0,1000*11630*RES_hh_tes!D18/RES_hh_num!D18) -> 0 | E18: =IF(RES_hh_tes!E18=0,0,1000*11630*RES_hh_tes!E18/RES_hh_num!E18) -> 0 | F18: =IF(RES_hh_tes!F18=0,0,1000*11630*RES_hh_tes!F18/RES_hh_num!F18) -> 0 | G18: =IF(RES_hh_tes!G18=0,0,1000*11630*RES_hh_tes!G18/RES_hh_num!G18) -> 0 | H18: =IF(RES_hh_tes!H18=0,0,1000*11630*RES_hh_tes!H18/RES_hh_num!H18) -> 0 | I18: =IF(RES_hh_tes!I18=0,0,1000*11630*RES_hh_tes!I18/RES_hh_num!I18) -> 0 | ... W18: =IF(RES_hh_tes!W18=0,0,1000*11630*RES_hh_tes!W18/RES_hh_num!W18) -> 0 | DA18: TES_per_household.kWh.IT.Res.HH.Thermal.WH.Solids.Solids
A19: Liquified petroleum gas (LPG) | B19: =IF(RES_hh_tes!B19=0,0,1000*11630*RES_hh_tes!B19/RES_hh_num!B19) -> 1175.9665 | C19: =IF(RES_hh_tes!C19=0,0,1000*11630*RES_hh_tes!C19/RES_hh_num!C19) -> 1195.3315 | D19: =IF(RES_hh_tes!D19=0,0,1000*11630*RES_hh_tes!D19/RES_hh_num!D19) -> 1181.4331 | E19: =IF(RES_hh_tes!E19=0,0,1000*11630*RES_hh_tes!E19/RES_hh_num!E19) -> 1166.2238 | F19: =IF(RES_hh_tes!F19=0,0,1000*11630*RES_hh_tes!F19/RES_hh_num!F19) -> 1322.9777 | G19: =IF(RES_hh_tes!G19=0,0,1000*11630*RES_hh_tes!G19/RES_hh_num!G19) -> 1208.9367 | H19: =IF(RES_hh_tes!H19=0,0,1000*11630*RES_hh_tes!H19/RES_hh_num!H19) -> 1187.0553 | I19: =IF(RES_hh_tes!I19=0,0,1000*11630*RES_hh_tes!I19/RES_hh_num!I19) -> 1094.6554 | ... W19: =IF(RES_hh_tes!W19=0,0,1000*11630*RES_hh_tes!W19/RES_hh_num!W19) -> 1040.4314 | DA19: TES_per_household.kWh.IT.Res.HH.Thermal.WH.LPG.LPG
A20: Diesel oil | B20: =IF(RES_hh_tes!B20=0,0,1000*11630*RES_hh_tes!B20/RES_hh_num!B20) -> 1198.8179 | C20: =IF(RES_hh_tes!C20=0,0,1000*11630*RES_hh_tes!C20/RES_hh_num!C20) -> 1206.488 | D20: =IF(RES_hh_tes!D20=0,0,1000*11630*RES_hh_tes!D20/RES_hh_num!D20) -> 1208.1019 | E20: =IF(RES_hh_tes!E20=0,0,1000*11630*RES_hh_tes!E20/RES_hh_num!E20) -> 1102.5321 | F20: =IF(RES_hh_tes!F20=0,0,1000*11630*RES_hh_tes!F20/RES_hh_num!F20) -> 1248.6162 | G20: =IF(RES_hh_tes!G20=0,0,1000*11630*RES_hh_tes!G20/RES_hh_num!G20) -> 1203.0083 | H20: =IF(RES_hh_tes!H20=0,0,1000*11630*RES_hh_tes!H20/RES_hh_num!H20) -> 1213.5726 | I20: =IF(RES_hh_tes!I20=0,0,1000*11630*RES_hh_tes!I20/RES_hh_num!I20) -> 1067.3998 | ... W20: =IF(RES_hh_tes!W20=0,0,1000*11630*RES_hh_tes!W20/RES_hh_num!W20) -> 995.87326 | DA20: TES_per_household.kWh.IT.Res.HH.Thermal.WH.Oil.Oil_LiqBio
A21: Natural gas | B21: =IF(RES_hh_tes!B21=0,0,1000*11630*RES_hh_tes!B21/RES_hh_num!B21) -> 1174.8142 | C21: =IF(RES_hh_tes!C21=0,0,1000*11630*RES_hh_tes!C21/RES_hh_num!C21) -> 1205.0834 | D21: =IF(RES_hh_tes!D21=0,0,1000*11630*RES_hh_tes!D21/RES_hh_num!D21) -> 1204.9879 | E21: =IF(RES_hh_tes!E21=0,0,1000*11630*RES_hh_tes!E21/RES_hh_num!E21) -> 1218.0066 | F21: =IF(RES_hh_tes!F21=0,0,1000*11630*RES_hh_tes!F21/RES_hh_num!F21) -> 1154.413 | G21: =IF(RES_hh_tes!G21=0,0,1000*11630*RES_hh_tes!G21/RES_hh_num!G21) -> 1195.1084 | H21: =IF(RES_hh_tes!H21=0,0,1000*11630*RES_hh_tes!H21/RES_hh_num!H21) -> 1175.2613 | I21: =IF(RES_hh_tes!I21=0,0,1000*11630*RES_hh_tes!I21/RES_hh_num!I21) -> 1142.4675 | ... W21: =IF(RES_hh_tes!W21=0,0,1000*11630*RES_hh_tes!W21/RES_hh_num!W21) -> 969.46983 | DA21: TES_per_household.kWh.IT.Res.HH.Thermal.WH.Gas.NG_Biogas
A22: Biomass | B22: =IF(RES_hh_tes!B22=0,0,1000*11630*RES_hh_tes!B22/RES_hh_num!B22) -> 1161.6472 | C22: =IF(RES_hh_tes!C22=0,0,1000*11630*RES_hh_tes!C22/RES_hh_num!C22) -> 1005.4168 | D22: =IF(RES_hh_tes!D22=0,0,1000*11630*RES_hh_tes!D22/RES_hh_num!D22) -> 1276.4571 | E22: =IF(RES_hh_tes!E22=0,0,1000*11630*RES_hh_tes!E22/RES_hh_num!E22) -> 1220.0777 | F22: =IF(RES_hh_tes!F22=0,0,1000*11630*RES_hh_tes!F22/RES_hh_num!F22) -> 1119.5324 | G22: =IF(RES_hh_tes!G22=0,0,1000*11630*RES_hh_tes!G22/RES_hh_num!G22) -> 1155.8692 | H22: =IF(RES_hh_tes!H22=0,0,1000*11630*RES_hh_tes!H22/RES_hh_num!H22) -> 1253.78 | I22: =IF(RES_hh_tes!I22=0,0,1000*11630*RES_hh_tes!I22/RES_hh_num!I22) -> 1114.3221 | ... W22: =IF(RES_hh_tes!W22=0,0,1000*11630*RES_hh_tes!W22/RES_hh_num!W22) -> 1073.3417 | DA22: TES_per_household.kWh.IT.Res.HH.Thermal.WH.Biomass.Biomass_Waste
A23: Geothermal | B23: =IF(RES_hh_tes!B23=0,0,1000*11630*RES_hh_tes!B23/RES_hh_num!B23) -> 1186.8894 | C23: =IF(RES_hh_tes!C23=0,0,1000*11630*RES_hh_tes!C23/RES_hh_num!C23) -> 1178.19 | D23: =IF(RES_hh_tes!D23=0,0,1000*11630*RES_hh_tes!D23/RES_hh_num!D23) -> 1214.6379 | E23: =IF(RES_hh_tes!E23=0,0,1000*11630*RES_hh_tes!E23/RES_hh_num!E23) -> 1107.6133 | F23: =IF(RES_hh_tes!F23=0,0,1000*11630*RES_hh_tes!F23/RES_hh_num!F23) -> 1151.5855 | G23: =IF(RES_hh_tes!G23=0,0,1000*11630*RES_hh_tes!G23/RES_hh_num!G23) -> 1073.8722 | H23: =IF(RES_hh_tes!H23=0,0,1000*11630*RES_hh_tes!H23/RES_hh_num!H23) -> 1142.8553 | I23: =IF(RES_hh_tes!I23=0,0,1000*11630*RES_hh_tes!I23/RES_hh_num!I23) -> 1148.7945 | ... W23: =IF(RES_hh_tes!W23=0,0,1000*11630*RES_hh_tes!W23/RES_hh_num!W23) -> 1022.7484 | DA23: TES_per_household.kWh.IT.Res.HH.Thermal.WH.Geo.Geo
A24: Distributed heat | B24: =IF(RES_hh_tes!B24=0,0,1000*11630*RES_hh_tes!B24/RES_hh_num!B24) -> 0 | C24: =IF(RES_hh_tes!C24=0,0,1000*11630*RES_hh_tes!C24/RES_hh_num!C24) -> 0 | D24: =IF(RES_hh_tes!D24=0,0,1000*11630*RES_hh_tes!D24/RES_hh_num!D24) -> 0 | E24: =IF(RES_hh_tes!E24=0,0,1000*11630*RES_hh_tes!E24/RES_hh_num!E24) -> 0 | F24: =IF(RES_hh_tes!F24=0,0,1000*11630*RES_hh_tes!F24/RES_hh_num!F24) -> 1763.5505 | G24: =IF(RES_hh_tes!G24=0,0,1000*11630*RES_hh_tes!G24/RES_hh_num!G24) -> 1675.5489 | H24: =IF(RES_hh_tes!H24=0,0,1000*11630*RES_hh_tes!H24/RES_hh_num!H24) -> 1452.9409 | I24: =IF(RES_hh_tes!I24=0,0,1000*11630*RES_hh_tes!I24/RES_hh_num!I24) -> 1386.5785 | ... W24: =IF(RES_hh_tes!W24=0,0,1000*11630*RES_hh_tes!W24/RES_hh_num!W24) -> 870.70507 | DA24: TES_per_household.kWh.IT.Res.HH.Thermal.WH.DistrHeat.Steam_Distr
A25: Electricity | B25: =IF(RES_hh_tes!B25=0,0,1000*11630*RES_hh_tes!B25/RES_hh_num!B25) -> 1172.1135 | C25: =IF(RES_hh_tes!C25=0,0,1000*11630*RES_hh_tes!C25/RES_hh_num!C25) -> 1145.8081 | D25: =IF(RES_hh_tes!D25=0,0,1000*11630*RES_hh_tes!D25/RES_hh_num!D25) -> 1203.0767 | E25: =IF(RES_hh_tes!E25=0,0,1000*11630*RES_hh_tes!E25/RES_hh_num!E25) -> 1134.0733 | F25: =IF(RES_hh_tes!F25=0,0,1000*11630*RES_hh_tes!F25/RES_hh_num!F25) -> 1196.6211 | G25: =IF(RES_hh_tes!G25=0,0,1000*11630*RES_hh_tes!G25/RES_hh_num!G25) -> 1139.6617 | H25: =IF(RES_hh_tes!H25=0,0,1000*11630*RES_hh_tes!H25/RES_hh_num!H25) -> 1123.9728 | I25: =IF(RES_hh_tes!I25=0,0,1000*11630*RES_hh_tes!I25/RES_hh_num!I25) -> 1049.2179 | ... W25: =IF(RES_hh_tes!W25=0,0,1000*11630*RES_hh_tes!W25/RES_hh_num!W25) -> 663.40463 | DA25: TES_per_household.kWh.IT.Res.HH.Thermal.WH.Elc.Elec
A26: Solar | B26: =IF(RES_hh_tes!B26=0,0,1000*11630*RES_hh_tes!B26/RES_hh_num!B26) -> 974.85048 | C26: =IF(RES_hh_tes!C26=0,0,1000*11630*RES_hh_tes!C26/RES_hh_num!C26) -> 983.74501 | D26: =IF(RES_hh_tes!D26=0,0,1000*11630*RES_hh_tes!D26/RES_hh_num!D26) -> 998.77262 | E26: =IF(RES_hh_tes!E26=0,0,1000*11630*RES_hh_tes!E26/RES_hh_num!E26) -> 980.74306 | F26: =IF(RES_hh_tes!F26=0,0,1000*11630*RES_hh_tes!F26/RES_hh_num!F26) -> 986.39656 | G26: =IF(RES_hh_tes!G26=0,0,1000*11630*RES_hh_tes!G26/RES_hh_num!G26) -> 984.62787 | H26: =IF(RES_hh_tes!H26=0,0,1000*11630*RES_hh_tes!H26/RES_hh_num!H26) -> 976.15937 | I26: =IF(RES_hh_tes!I26=0,0,1000*11630*RES_hh_tes!I26/RES_hh_num!I26) -> 931.46563 | ... W26: =IF(RES_hh_tes!W26=0,0,1000*11630*RES_hh_tes!W26/RES_hh_num!W26) -> 819.72722 | DA26: TES_per_household.kWh.IT.Res.HH.Thermal.WH.TotalSolar.Solar
A27: Cooking | B27: =IF(RES_hh_tes!B27=0,0,1000*11630*RES_hh_tes!B27/RES_hh_num!B27) -> 623.89788 | C27: =IF(RES_hh_tes!C27=0,0,1000*11630*RES_hh_tes!C27/RES_hh_num!C27) -> 632.5294 | D27: =IF(RES_hh_tes!D27=0,0,1000*11630*RES_hh_tes!D27/RES_hh_num!D27) -> 639.38139 | E27: =IF(RES_hh_tes!E27=0,0,1000*11630*RES_hh_tes!E27/RES_hh_num!E27) -> 627.33451 | F27: =IF(RES_hh_tes!F27=0,0,1000*11630*RES_hh_tes!F27/RES_hh_num!F27) -> 652.11074 | G27: =IF(RES_hh_tes!G27=0,0,1000*11630*RES_hh_tes!G27/RES_hh_num!G27) -> 623.12911 | H27: =IF(RES_hh_tes!H27=0,0,1000*11630*RES_hh_tes!H27/RES_hh_num!H27) -> 620.97226 | I27: =IF(RES_hh_tes!I27=0,0,1000*11630*RES_hh_tes!I27/RES_hh_num!I27) -> 557.13347 | ... W27: =IF(RES_hh_tes!W27=0,0,1000*11630*RES_hh_tes!W27/RES_hh_num!W27) -> 488.91771 | DA27: TES_per_household.kWh.IT.Res.HH.Thermal.CO
A28: Solids | B28: =IF(RES_hh_tes!B28=0,0,1000*11630*RES_hh_tes!B28/RES_hh_num!B28) -> 0 | C28: =IF(RES_hh_tes!C28=0,0,1000*11630*RES_hh_tes!C28/RES_hh_num!C28) -> 0 | D28: =IF(RES_hh_tes!D28=0,0,1000*11630*RES_hh_tes!D28/RES_hh_num!D28) -> 0 | E28: =IF(RES_hh_tes!E28=0,0,1000*11630*RES_hh_tes!E28/RES_hh_num!E28) -> 0 | F28: =IF(RES_hh_tes!F28=0,0,1000*11630*RES_hh_tes!F28/RES_hh_num!F28) -> 0 | G28: =IF(RES_hh_tes!G28=0,0,1000*11630*RES_hh_tes!G28/RES_hh_num!G28) -> 0 | H28: =IF(RES_hh_tes!H28=0,0,1000*11630*RES_hh_tes!H28/RES_hh_num!H28) -> 0 | I28: =IF(RES_hh_tes!I28=0,0,1000*11630*RES_hh_tes!I28/RES_hh_num!I28) -> 0 | ... W28: =IF(RES_hh_tes!W28=0,0,1000*11630*RES_hh_tes!W28/RES_hh_num!W28) -> 0 | DA28: TES_per_household.kWh.IT.Res.HH.Thermal.CO.Solids.Solids
... A32: Electricity | B32: =IF(RES_hh_tes!B32=0,0,1000*11630*RES_hh_tes!B32/RES_hh_num!B32) -> 608.74376 | C32: =IF(RES_hh_tes!C32=0,0,1000*11630*RES_hh_tes!C32/RES_hh_num!C32) -> 638.10964 | D32: =IF(RES_hh_tes!D32=0,0,1000*11630*RES_hh_tes!D32/RES_hh_num!D32) -> 645.57913 | E32: =IF(RES_hh_tes!E32=0,0,1000*11630*RES_hh_tes!E32/RES_hh_num!E32) -> 590.40041 | F32: =IF(RES_hh_tes!F32=0,0,1000*11630*RES_hh_tes!F32/RES_hh_num!F32) -> 707.19256 | G32: =IF(RES_hh_tes!G32=0,0,1000*11630*RES_hh_tes!G32/RES_hh_num!G32) -> 574.37267 | H32: =IF(RES_hh_tes!H32=0,0,1000*11630*RES_hh_tes!H32/RES_hh_num!H32) -> 624.46715 | I32: =IF(RES_hh_tes!I32=0,0,1000*11630*RES_hh_tes!I32/RES_hh_num!I32) -> 578.5218 | ... W32: =IF(RES_hh_tes!W32=0,0,1000*11630*RES_hh_tes!W32/RES_hh_num!W32) -> 503.83094 | DA32: TES_per_household.kWh.IT.Res.HH.Thermal.CO.Elc.Elec

Sheet RES_hh_emih
A1: IT - CO2 emissions per household | B1: 2000 | C1: 2001 | D1: 2002 | E1: 2003 | F1: 2004 | G1: 2005 | H1: 2006 | I1: 2007 | J1: 2008 | K1: 2009 | L1: 2010 | M1: 2011 | N1: 2012 | O1: 2013 | P1: 2014 | Q1: 2015 | R1: 2016 | S1: 2017 | T1: 2018 | U1: 2019 | V1: 2020 | W1: 2021 | DA1: Code
A3: CO2 emissions (kg CO2 / household) | B3: =IF(RES_hh_emi!B3=0,0,1000000*RES_hh_emi!B3/RES_hh_num!B3) -> 2395.0801 | C3: =IF(RES_hh_emi!C3=0,0,1000000*RES_hh_emi!C3/RES_hh_num!C3) -> 2529.5947 | D3: =IF(RES_hh_emi!D3=0,0,1000000*RES_hh_emi!D3/RES_hh_num!D3) -> 2376.6188 | E3: =IF(RES_hh_emi!E3=0,0,1000000*RES_hh_emi!E3/RES_hh_num!E3) -> 2478.1786 | F3: =IF(RES_hh_emi!F3=0,0,1000000*RES_hh_emi!F3/RES_hh_num!F3) -> 2537.5497 | G3: =IF(RES_hh_emi!G3=0,0,1000000*RES_hh_emi!G3/RES_hh_num!G3) -> 2579.6871 | H3: =IF(RES_hh_emi!H3=0,0,1000000*RES_hh_emi!H3/RES_hh_num!H3) -> 2301.9184 | I3: =IF(RES_hh_emi!I3=0,0,1000000*RES_hh_emi!I3/RES_hh_num!I3) -> 2063.6245 | ... W3: =IF(RES_hh_emi!W3=0,0,1000000*RES_hh_emi!W3/RES_hh_num!W3) -> 1613.0839 | DA3: EMI_per_household.kgCO2.IT.Res.HH.Thermal
A4: Space heating | B4: =IF(RES_hh_emi!B4=0,0,1000000*RES_hh_emi!B4/RES_hh_num!B4) -> 1877.8969 | C4: =IF(RES_hh_emi!C4=0,0,1000000*RES_hh_emi!C4/RES_hh_num!C4) -> 2011.5397 | D4: =IF(RES_hh_emi!D4=0,0,1000000*RES_hh_emi!D4/RES_hh_num!D4) -> 1869.4161 | E4: =IF(RES_hh_emi!E4=0,0,1000000*RES_hh_emi!E4/RES_hh_num!E4) -> 1982.7179 | F4: =IF(RES_hh_emi!F4=0,0,1000000*RES_hh_emi!F4/RES_hh_num!F4) -> 2061.2384 | G4: =IF(RES_hh_emi!G4=0,0,1000000*RES_hh_emi!G4/RES_hh_num!G4) -> 2107.0234 | H4: =IF(RES_hh_emi!H4=0,0,1000000*RES_hh_emi!H4/RES_hh_num!H4) -> 1852.038 | I4: =IF(RES_hh_emi!I4=0,0,1000000*RES_hh_emi!I4/RES_hh_num!I4) -> 1654.758 | ... W4: =IF(RES_hh_emi!W4=0,0,1000000*RES_hh_emi!W4/RES_hh_num!W4) -> 1318.9248 | DA4: EMI_per_household.kgCO2.IT.Res.HH.Thermal.SH
A5: Solids | B5: =IF(RES_hh_emi!B5=0,0,1000000*RES_hh_emi!B5/RES_hh_num!B5) -> 2914.419 | C5: =IF(RES_hh_emi!C5=0,0,1000000*RES_hh_emi!C5/RES_hh_num!C5) -> 4062.464 | D5: =IF(RES_hh_emi!D5=0,0,1000000*RES_hh_emi!D5/RES_hh_num!D5) -> 1670.7782 | E5: =IF(RES_hh_emi!E5=0,0,1000000*RES_hh_emi!E5/RES_hh_num!E5) -> 2912.2566 | F5: =IF(RES_hh_emi!F5=0,0,1000000*RES_hh_emi!F5/RES_hh_num!F5) -> 2438.9673 | G5: =IF(RES_hh_emi!G5=0,0,1000000*RES_hh_emi!G5/RES_hh_num!G5) -> 3019.8913 | H5: =IF(RES_hh_emi!H5=0,0,1000000*RES_hh_emi!H5/RES_hh_num!H5) -> 3739.6151 | I5: =IF(RES_hh_emi!I5=0,0,1000000*RES_hh_emi!I5/RES_hh_num!I5) -> 3546.5047 | ... W5: =IF(RES_hh_emi!W5=0,0,1000000*RES_hh_emi!W5/RES_hh_num!W5) -> 0 | DA5: EMI_per_household.kgCO2.IT.Res.HH.Thermal.SH.Solids.Solids
A6: Liquified petroleum gas (LPG) | B6: =IF(RES_hh_emi!B6=0,0,1000000*RES_hh_emi!B6/RES_hh_num!B6) -> 2260.6675 | C6: =IF(RES_hh_emi!C6=0,0,1000000*RES_hh_emi!C6/RES_hh_num!C6) -> 2323.3572 | D6: =IF(RES_hh_emi!D6=0,0,1000000*RES_hh_emi!D6/RES_hh_num!D6) -> 2373.2545 | E6: =IF(RES_hh_emi!E6=0,0,1000000*RES_hh_emi!E6/RES_hh_num!E6) -> 2709.6591 | F6: =IF(RES_hh_emi!F6=0,0,1000000*RES_hh_emi!F6/RES_hh_num!F6) -> 2605.0033 | G6: =IF(RES_hh_emi!G6=0,0,1000000*RES_hh_emi!G6/RES_hh_num!G6) -> 2993.5158 | H6: =IF(RES_hh_emi!H6=0,0,1000000*RES_hh_emi!H6/RES_hh_num!H6) -> 2743.4277 | I6: =IF(RES_hh_emi!I6=0,0,1000000*RES_hh_emi!I6/RES_hh_num!I6) -> 2711.5021 | ... W6: =IF(RES_hh_emi!W6=0,0,1000000*RES_hh_emi!W6/RES_hh_num!W6) -> 2489.6364 | DA6: EMI_per_household.kgCO2.IT.Res.HH.Thermal.SH.LPG.LPG
A7: Diesel oil | B7: =IF(RES_hh_emi!B7=0,0,1000000*RES_hh_emi!B7/RES_hh_num!B7) -> 2653.9807 | C7: =IF(RES_hh_emi!C7=0,0,1000000*RES_hh_emi!C7/RES_hh_num!C7) -> 3075.8329 | D7: =IF(RES_hh_emi!D7=0,0,1000000*RES_hh_emi!D7/RES_hh_num!D7) -> 3045.8948 | E7: =IF(RES_hh_emi!E7=0,0,1000000*RES_hh_emi!E7/RES_hh_num!E7) -> 2984.6974 | F7: =IF(RES_hh_emi!F7=0,0,1000000*RES_hh_emi!F7/RES_hh_num!F7) -> 3434.3766 | G7: =IF(RES_hh_emi!G7=0,0,1000000*RES_hh_emi!G7/RES_hh_num!G7) -> 3820.977 | H7: =IF(RES_hh_emi!H7=0,0,1000000*RES_hh_emi!H7/RES_hh_num!H7) -> 3675.8766 | I7: =IF(RES_hh_emi!I7=0,0,1000000*RES_hh_emi!I7/RES_hh_num!I7) -> 3358.6723 | ... W7: =IF(RES_hh_emi!W7=0,0,1000000*RES_hh_emi!W7/RES_hh_num!W7) -> 3118.6099 | DA7: EMI_per_household.kgCO2.IT.Res.HH.Thermal.SH.Oil.Oil_LiqBio
A8: Natural gas | B8: =IF(RES_hh_emi!B8=0,0,1000000*RES_hh_emi!B8/RES_hh_num!B8) -> 1846.3249 | C8: =IF(RES_hh_emi!C8=0,0,1000000*RES_hh_emi!C8/RES_hh_num!C8) -> 1952.2204 | D8: =IF(RES_hh_emi!D8=0,0,1000000*RES_hh_emi!D8/RES_hh_num!D8) -> 1879.9918 | E8: =IF(RES_hh_emi!E8=0,0,1000000*RES_hh_emi!E8/RES_hh_num!E8) -> 2151.1169 | F8: =IF(RES_hh_emi!F8=0,0,1000000*RES_hh_emi!F8/RES_hh_num!F8) -> 2262.7192 | G8: =IF(RES_hh_emi!G8=0,0,1000000*RES_hh_emi!G8/RES_hh_num!G8) -> 2392.799 | H8: =IF(RES_hh_emi!H8=0,0,1000000*RES_hh_emi!H8/RES_hh_num!H8) -> 2220.4638 | I8: =IF(RES_hh_emi!I8=0,0,1000000*RES_hh_emi!I8/RES_hh_num!I8) -> 2151.1146 | ... W8: =IF(RES_hh_emi!W8=0,0,1000000*RES_hh_emi!W8/RES_hh_num!W8) -> 1982.6192 | DA8: EMI_per_household.kgCO2.IT.Res.HH.Thermal.SH.Gas.NG_Biogas
A9: Biomass | B9: =IF(RES_hh_emi!B9=0,0,1000000*RES_hh_emi!B9/RES_hh_num!B9) -> 0 | C9: =IF(RES_hh_emi!C9=0,0,1000000*RES_hh_emi!C9/RES_hh_num!C9) -> 0 | D9: =IF(RES_hh_emi!D9=0,0,1000000*RES_hh_emi!D9/RES_hh_num!D9) -> 0 | E9: =IF(RES_hh_emi!E9=0,0,1000000*RES_hh_emi!E9/RES_hh_num!E9) -> 0 | F9: =IF(RES_hh_emi!F9=0,0,1000000*RES_hh_emi!F9/RES_hh_num!F9) -> 0 | G9: =IF(RES_hh_emi!G9=0,0,1000000*RES_hh_emi!G9/RES_hh_num!G9) -> 0 | H9: =IF(RES_hh_emi!H9=0,0,1000000*RES_hh_emi!H9/RES_hh_num!H9) -> 0 | I9: =IF(RES_hh_emi!I9=0,0,1000000*RES_hh_emi!I9/RES_hh_num!I9) -> 0 | ... W9: =IF(RES_hh_emi!W9=0,0,1000000*RES_hh_emi!W9/RES_hh_num!W9) -> 0 | DA9: EMI_per_household.kgCO2.IT.Res.HH.Thermal.SH.Biomass.Biomass_Waste
A10: Geothermal | B10: =IF(RES_hh_emi!B10=0,0,1000000*RES_hh_emi!B10/RES_hh_num!B10) -> 0 | C10: =IF(RES_hh_emi!C10=0,0,1000000*RES_hh_emi!C10/RES_hh_num!C10) -> 0 | D10: =IF(RES_hh_emi!D10=0,0,1000000*RES_hh_emi!D10/RES_hh_num!D10) -> 0 | E10: =IF(RES_hh_emi!E10=0,0,1000000*RES_hh_emi!E10/RES_hh_num!E10) -> 0 | F10: =IF(RES_hh_emi!F10=0,0,1000000*RES_hh_emi!F10/RES_hh_num!F10) -> 0 | G10: =IF(RES_hh_emi!G10=0,0,1000000*RES_hh_emi!G10/RES_hh_num!G10) -> 0 | H10: =IF(RES_hh_emi!H10=0,0,1000000*RES_hh_emi!H10/RES_hh_num!H10) -> 0 | I10: =IF(RES_hh_emi!I10=0,0,1000000*RES_hh_emi!I10/RES_hh_num!I10) -> 0 | ... W10: =IF(RES_hh_emi!W10=0,0,1000000*RES_hh_emi!W10/RES_hh_num!W10) -> 0 | DA10: EMI_per_household.kgCO2.IT.Res.HH.Thermal.SH.Geo.Geo
A11: Distributed heat | B11: =IF(RES_hh_emi!B11=0,0,1000000*RES_hh_emi!B11/RES_hh_num!B11) -> 0 | C11: =IF(RES_hh_emi!C11=0,0,1000000*RES_hh_emi!C11/RES_hh_num!C11) -> 0 | D11: =IF(RES_hh_emi!D11=0,0,1000000*RES_hh_emi!D11/RES_hh_num!D11) -> 0 | E11: =IF(RES_hh_emi!E11=0,0,1000000*RES_hh_emi!E11/RES_hh_num!E11) -> 0 | F11: =IF(RES_hh_emi!F11=0,0,1000000*RES_hh_emi!F11/RES_hh_num!F11) -> 0 | G11: =IF(RES_hh_emi!G11=0,0,1000000*RES_hh_emi!G11/RES_hh_num!G11) -> 0 | H11: =IF(RES_hh_emi!H11=0,0,1000000*RES_hh_emi!H11/RES_hh_num!H11) -> 0 | I11: =IF(RES_hh_emi!I11=0,0,1000000*RES_hh_emi!I11/RES_hh_num!I11) -> 0 | ... W11: =IF(RES_hh_emi!W11=0,0,1000000*RES_hh_emi!W11/RES_hh_num!W11) -> 0 | DA11: EMI_per_household.kgCO2.IT.Res.HH.Thermal.SH.DistrHeat.Steam_Distr
A12: Advanced electric heating | B12: =IF(RES_hh_emi!B12=0,0,1000000*RES_hh_emi!B12/RES_hh_num!B12) -> 0 | C12: =IF(RES_hh_emi!C12=0,0,1000000*RES_hh_emi!C12/RES_hh_num!C12) -> 0 | D12: =IF(RES_hh_emi!D12=0,0,1000000*RES_hh_emi!D12/RES_hh_num!D12) -> 0 | E12: =IF(RES_hh_emi!E12=0,0,1000000*RES_hh_emi!E12/RES_hh_num!E12) -> 0 | F12: =IF(RES_hh_emi!F12=0,0,1000000*RES_hh_emi!F12/RES_hh_num!F12) -> 0 | G12: =IF(RES_hh_emi!G12=0,0,1000000*RES_hh_emi!G12/RES_hh_num!G12) -> 0 | H12: =IF(RES_hh_emi!H12=0,0,1000000*RES_hh_emi!H12/RES_hh_num!H12) -> 0 | I12: =IF(RES_hh_emi!I12=0,0,1000000*RES_hh_emi!I12/RES_hh_num!I12) -> 0 | ... W12: =IF(RES_hh_emi!W12=0,0,1000000*RES_hh_emi!W12/RES_hh_num!W12) -> 0 | DA12: EMI_per_household.kgCO2.IT.Res.HH.Thermal.SH.AdvElc.Elec
A13: Conventional electric heating | B13: =IF(RES_hh_emi!B13=0,0,1000000*RES_hh_emi!B13/RES_hh_num!B13) -> 0 | C13: =IF(RES_hh_emi!C13=0,0,1000000*RES_hh_emi!C13/RES_hh_num!C13) -> 0 | D13: =IF(RES_hh_emi!D13=0,0,1000000*RES_hh_emi!D13/RES_hh_num!D13) -> 0 | E13: =IF(RES_hh_emi!E13=0,0,1000000*RES_hh_emi!E13/RES_hh_num!E13) -> 0 | F13: =IF(RES_hh_emi!F13=0,0,1000000*RES_hh_emi!F13/RES_hh_num!F13) -> 0 | G13: =IF(RES_hh_emi!G13=0,0,1000000*RES_hh_emi!G13/RES_hh_num!G13) -> 0 | H13: =IF(RES_hh_emi!H13=0,0,1000000*RES_hh_emi!H13/RES_hh_num!H13) -> 0 | I13: =IF(RES_hh_emi!I13=0,0,1000000*RES_hh_emi!I13/RES_hh_num!I13) -> 0 | ... W13: =IF(RES_hh_emi!W13=0,0,1000000*RES_hh_emi!W13/RES_hh_num!W13) -> 0 | DA13: EMI_per_household.kgCO2.IT.Res.HH.Thermal.SH.ConvElc.Elec
A14: Electricity in circulation | B14: =IF(RES_hh_emi!B14=0,0,1000000*RES_hh_emi!B14/RES_hh_num!B14) -> 0 | C14: =IF(RES_hh_emi!C14=0,0,1000000*RES_hh_emi!C14/RES_hh_num!C14) -> 0 | D14: =IF(RES_hh_emi!D14=0,0,1000000*RES_hh_emi!D14/RES_hh_num!D14) -> 0 | E14: =IF(RES_hh_emi!E14=0,0,1000000*RES_hh_emi!E14/RES_hh_num!E14) -> 0 | F14: =IF(RES_hh_emi!F14=0,0,1000000*RES_hh_emi!F14/RES_hh_num!F14) -> 0 | G14: =IF(RES_hh_emi!G14=0,0,1000000*RES_hh_emi!G14/RES_hh_num!G14) -> 0 | H14: =IF(RES_hh_emi!H14=0,0,1000000*RES_hh_emi!H14/RES_hh_num!H14) -> 0 | I14: =IF(RES_hh_emi!I14=0,0,1000000*RES_hh_emi!I14/RES_hh_num!I14) -> 0 | ... W14: =IF(RES_hh_emi!W14=0,0,1000000*RES_hh_emi!W14/RES_hh_num!W14) -> 0 | DA14: EMI_per_household.kgCO2.IT.Res.HH.Thermal.SH.TotalCirculation.Elec
A15: Space cooling | B15: =B16 -> 0 | C15: =C16 -> 0 | D15: =D16 -> 0 | E15: =E16 -> 0 | F15: =F16 -> 0 | G15: =G16 -> 0 | H15: =H16 -> 0 | I15: =I16 -> 0 | ... W15: =W16 -> 0 | DA15: EMI_per_household.kgCO2.IT.Res.HH.Thermal.SC
A16: Air conditioning | B16: =IF(RES_hh_emi!B16=0,0,1000000*RES_hh_emi!B16/RES_hh_num!B$3) -> 0 | C16: =IF(RES_hh_emi!C16=0,0,1000000*RES_hh_emi!C16/RES_hh_num!C$3) -> 0 | D16: =IF(RES_hh_emi!D16=0,0,1000000*RES_hh_emi!D16/RES_hh_num!D$3) -> 0 | E16: =IF(RES_hh_emi!E16=0,0,1000000*RES_hh_emi!E16/RES_hh_num!E$3) -> 0 | F16: =IF(RES_hh_emi!F16=0,0,1000000*RES_hh_emi!F16/RES_hh_num!F$3) -> 0 | G16: =IF(RES_hh_emi!G16=0,0,1000000*RES_hh_emi!G16/RES_hh_num!G$3) -> 0 | H16: =IF(RES_hh_emi!H16=0,0,1000000*RES_hh_emi!H16/RES_hh_num!H$3) -> 0 | I16: =IF(RES_hh_emi!I16=0,0,1000000*RES_hh_emi!I16/RES_hh_num!I$3) -> 0 | ... W16: =IF(RES_hh_emi!W16=0,0,1000000*RES_hh_emi!W16/RES_hh_num!W$3) -> 0 | DA16: EMI_per_household.kgCO2.IT.Res.HH.Thermal.SC.AC.Elec
A17: Water heating | B17: =IF(RES_hh_emi!B17=0,0,1000000*RES_hh_emi!B17/RES_hh_num!B17) -> 356.92504 | C17: =IF(RES_hh_emi!C17=0,0,1000000*RES_hh_emi!C17/RES_hh_num!C17) -> 359.51247 | D17: =IF(RES_hh_emi!D17=0,0,1000000*RES_hh_emi!D17/RES_hh_num!D17) -> 349.22088 | E17: =IF(RES_hh_emi!E17=0,0,1000000*RES_hh_emi!E17/RES_hh_num!E17) -> 338.07977 | F17: =IF(RES_hh_emi!F17=0,0,1000000*RES_hh_emi!F17/RES_hh_num!F17) -> 323.91653 | G17: =IF(RES_hh_emi!G17=0,0,1000000*RES_hh_emi!G17/RES_hh_num!G17) -> 319.39099 | H17: =IF(RES_hh_emi!H17=0,0,1000000*RES_hh_emi!H17/RES_hh_num!H17) -> 305.80072 | I17: =IF(RES_hh_emi!I17=0,0,1000000*RES_hh_emi!I17/RES_hh_num!I17) -> 284.29401 | ... W17: =IF(RES_hh_emi!W17=0,0,1000000*RES_hh_emi!W17/RES_hh_num!W17) -> 184.82121 | DA17: EMI_per_household.kgCO2.IT.Res.HH.Thermal.WH
A18: Solids | B18: =IF(RES_hh_emi!B18=0,0,1000000*RES_hh_emi!B18/RES_hh_num!B18) -> 0 | C18: =IF(RES_hh_emi!C18=0,0,1000000*RES_hh_emi!C18/RES_hh_num!C18) -> 0 | D18: =IF(RES_hh_emi!D18=0,0,1000000*RES_hh_emi!D18/RES_hh_num!D18) -> 0 | E18: =IF(RES_hh_emi!E18=0,0,1000000*RES_hh_emi!E18/RES_hh_num!E18) -> 0 | F18: =IF(RES_hh_emi!F18=0,0,1000000*RES_hh_emi!F18/RES_hh_num!F18) -> 0 | G18: =IF(RES_hh_emi!G18=0,0,1000000*RES_hh_emi!G18/RES_hh_num!G18) -> 0 | H18: =IF(RES_hh_emi!H18=0,0,1000000*RES_hh_emi!H18/RES_hh_num!H18) -> 0 | I18: =IF(RES_hh_emi!I18=0,0,1000000*RES_hh_emi!I18/RES_hh_num!I18) -> 0 | ... W18: =IF(RES_hh_emi!W18=0,0,1000000*RES_hh_emi!W18/RES_hh_num!W18) -> 0 | DA18: EMI_per_household.kgCO2.IT.Res.HH.Thermal.WH.Solids.Solids
A19: Liquified petroleum gas (LPG) | B19: =IF(RES_hh_emi!B19=0,0,1000000*RES_hh_emi!B19/RES_hh_num!B19) -> 474.63554 | C19: =IF(RES_hh_emi!C19=0,0,1000000*RES_hh_emi!C19/RES_hh_num!C19) -> 479.87365 | D19: =IF(RES_hh_emi!D19=0,0,1000000*RES_hh_emi!D19/RES_hh_num!D19) -> 471.19097 | E19: =IF(RES_hh_emi!E19=0,0,1000000*RES_hh_emi!E19/RES_hh_num!E19) -> 461.99704 | F19: =IF(RES_hh_emi!F19=0,0,1000000*RES_hh_emi!F19/RES_hh_num!F19) -> 520.72143 | G19: =IF(RES_hh_emi!G19=0,0,1000000*RES_hh_emi!G19/RES_hh_num!G19) -> 472.6032 | H19: =IF(RES_hh_emi!H19=0,0,1000000*RES_hh_emi!H19/RES_hh_num!H19) -> 460.50044 | I19: =IF(RES_hh_emi!I19=0,0,1000000*RES_hh_emi!I19/RES_hh_num!I19) -> 422.91277 | ... W19: =IF(RES_hh_emi!W19=0,0,1000000*RES_hh_emi!W19/RES_hh_num!W19) -> 310.31639 | DA19: EMI_per_household.kgCO2.IT.Res.HH.Thermal.WH.LPG.LPG
A20: Diesel oil | B20: =IF(RES_hh_emi!B20=0,0,1000000*RES_hh_emi!B20/RES_hh_num!B20) -> 632.28136 | C20: =IF(RES_hh_emi!C20=0,0,1000000*RES_hh_emi!C20/RES_hh_num!C20) -> 635.42962 | D20: =IF(RES_hh_emi!D20=0,0,1000000*RES_hh_emi!D20/RES_hh_num!D20) -> 636.31885 | E20: =IF(RES_hh_emi!E20=0,0,1000000*RES_hh_emi!E20/RES_hh_num!E20) -> 580.54578 | F20: =IF(RES_hh_emi!F20=0,0,1000000*RES_hh_emi!F20/RES_hh_num!F20) -> 654.90464 | G20: =IF(RES_hh_emi!G20=0,0,1000000*RES_hh_emi!G20/RES_hh_num!G20) -> 629.62362 | H20: =IF(RES_hh_emi!H20=0,0,1000000*RES_hh_emi!H20/RES_hh_num!H20) -> 625.64718 | I20: =IF(RES_hh_emi!I20=0,0,1000000*RES_hh_emi!I20/RES_hh_num!I20) -> 547.06204 | ... W20: =IF(RES_hh_emi!W20=0,0,1000000*RES_hh_emi!W20/RES_hh_num!W20) -> 416.22898 | DA20: EMI_per_household.kgCO2.IT.Res.HH.Thermal.WH.Oil.Oil_LiqBio
A21: Natural gas | B21: =IF(RES_hh_emi!B21=0,0,1000000*RES_hh_emi!B21/RES_hh_num!B21) -> 452.08321 | C21: =IF(RES_hh_emi!C21=0,0,1000000*RES_hh_emi!C21/RES_hh_num!C21) -> 459.99266 | D21: =IF(RES_hh_emi!D21=0,0,1000000*RES_hh_emi!D21/RES_hh_num!D21) -> 456.42434 | E21: =IF(RES_hh_emi!E21=0,0,1000000*RES_hh_emi!E21/RES_hh_num!E21) -> 457.16017 | F21: =IF(RES_hh_emi!F21=0,0,1000000*RES_hh_emi!F21/RES_hh_num!F21) -> 429.81539 | G21: =IF(RES_hh_emi!G21=0,0,1000000*RES_hh_emi!G21/RES_hh_num!G21) -> 439.3226 | H21: =IF(RES_hh_emi!H21=0,0,1000000*RES_hh_emi!H21/RES_hh_num!H21) -> 426.65994 | I21: =IF(RES_hh_emi!I21=0,0,1000000*RES_hh_emi!I21/RES_hh_num!I21) -> 407.79756 | ... W21: =IF(RES_hh_emi!W21=0,0,1000000*RES_hh_emi!W21/RES_hh_num!W21) -> 270.26207 | DA21: EMI_per_household.kgCO2.IT.Res.HH.Thermal.WH.Gas.NG_Biogas
A22: Biomass | B22: =IF(RES_hh_emi!B22=0,0,1000000*RES_hh_emi!B22/RES_hh_num!B22) -> 0 | C22: =IF(RES_hh_emi!C22=0,0,1000000*RES_hh_emi!C22/RES_hh_num!C22) -> 0 | D22: =IF(RES_hh_emi!D22=0,0,1000000*RES_hh_emi!D22/RES_hh_num!D22) -> 0 | E22: =IF(RES_hh_emi!E22=0,0,1000000*RES_hh_emi!E22/RES_hh_num!E22) -> 0 | F22: =IF(RES_hh_emi!F22=0,0,1000000*RES_hh_emi!F22/RES_hh_num!F22) -> 0 | G22: =IF(RES_hh_emi!G22=0,0,1000000*RES_hh_emi!G22/RES_hh_num!G22) -> 0 | H22: =IF(RES_hh_emi!H22=0,0,1000000*RES_hh_emi!H22/RES_hh_num!H22) -> 0 | I22: =IF(RES_hh_emi!I22=0,0,1000000*RES_hh_emi!I22/RES_hh_num!I22) -> 0 | ... W22: =IF(RES_hh_emi!W22=0,0,1000000*RES_hh_emi!W22/RES_hh_num!W22) -> 0 | DA22: EMI_per_household.kgCO2.IT.Res.HH.Thermal.WH.Biomass.Biomass_Waste
A23: Geothermal | B23: =IF(RES_hh_emi!B23=0,0,1000000*RES_hh_emi!B23/RES_hh_num!B23) -> 0 | C23: =IF(RES_hh_emi!C23=0,0,1000000*RES_hh_emi!C23/RES_hh_num!C23) -> 0 | D23: =IF(RES_hh_emi!D23=0,0,1000000*RES_hh_emi!D23/RES_hh_num!D23) -> 0 | E23: =IF(RES_hh_emi!E23=0,0,1000000*RES_hh_emi!E23/RES_hh_num!E23) -> 0 | F23: =IF(RES_hh_emi!F23=0,0,1000000*RES_hh_emi!F23/RES_hh_num!F23) -> 0 | G23: =IF(RES_hh_emi!G23=0,0,1000000*RES_hh_emi!G23/RES_hh_num!G23) -> 0 | H23: =IF(RES_hh_emi!H23=0,0,1000000*RES_hh_emi!H23/RES_hh_num!H23) -> 0 | I23: =IF(RES_hh_emi!I23=0,0,1000000*RES_hh_emi!I23/RES_hh_num!I23) -> 0 | ... W23: =IF(RES_hh_emi!W23=0,0,1000000*RES_hh_emi!W23/RES_hh_num!W23) -> 0 | DA23: EMI_per_household.kgCO2.IT.Res.HH.Thermal.WH.Geo.Geo
A24: Distributed heat | B24: =IF(RES_hh_emi!B24=0,0,1000000*RES_hh_emi!B24/RES_hh_num!B24) -> 0 | C24: =IF(RES_hh_emi!C24=0,0,1000000*RES_hh_emi!C24/RES_hh_num!C24) -> 0 | D24: =IF(RES_hh_emi!D24=0,0,1000000*RES_hh_emi!D24/RES_hh_num!D24) -> 0 | E24: =IF(RES_hh_emi!E24=0,0,1000000*RES_hh_emi!E24/RES_hh_num!E24) -> 0 | F24: =IF(RES_hh_emi!F24=0,0,1000000*RES_hh_emi!F24/RES_hh_num!F24) -> 0 | G24: =IF(RES_hh_emi!G24=0,0,1000000*RES_hh_emi!G24/RES_hh_num!G24) -> 0 | H24: =IF(RES_hh_emi!H24=0,0,1000000*RES_hh_emi!H24/RES_hh_num!H24) -> 0 | I24: =IF(RES_hh_emi!I24=0,0,1000000*RES_hh_emi!I24/RES_hh_num!I24) -> 0 | ... W24: =IF(RES_hh_emi!W24=0,0,1000000*RES_hh_emi!W24/RES_hh_num!W24) -> 0 | DA24: EMI_per_household.kgCO2.IT.Res.HH.Thermal.WH.DistrHeat.Steam_Distr
A25: Electricity | B25: =IF(RES_hh_emi!B25=0,0,1000000*RES_hh_emi!B25/RES_hh_num!B25) -> 0 | C25: =IF(RES_hh_emi!C25=0,0,1000000*RES_hh_emi!C25/RES_hh_num!C25) -> 0 | D25: =IF(RES_hh_emi!D25=0,0,1000000*RES_hh_emi!D25/RES_hh_num!D25) -> 0 | E25: =IF(RES_hh_emi!E25=0,0,1000000*RES_hh_emi!E25/RES_hh_num!E25) -> 0 | F25: =IF(RES_hh_emi!F25=0,0,1000000*RES_hh_emi!F25/RES_hh_num!F25) -> 0 | G25: =IF(RES_hh_emi!G25=0,0,1000000*RES_hh_emi!G25/RES_hh_num!G25) -> 0 | H25: =IF(RES_hh_emi!H25=0,0,1000000*RES_hh_emi!H25/RES_hh_num!H25) -> 0 | I25: =IF(RES_hh_emi!I25=0,0,1000000*RES_hh_emi!I25/RES_hh_num!I25) -> 0 | ... W25: =IF(RES_hh_emi!W25=0,0,1000000*RES_hh_emi!W25/RES_hh_num!W25) -> 0 | DA25: EMI_per_household.kgCO2.IT.Res.HH.Thermal.WH.Elc.Elec
A26: Solar | B26: =IF(RES_hh_emi!B26=0,0,1000000*RES_hh_emi!B26/RES_hh_num!B26) -> 0 | C26: =IF(RES_hh_emi!C26=0,0,1000000*RES_hh_emi!C26/RES_hh_num!C26) -> 0 | D26: =IF(RES_hh_emi!D26=0,0,1000000*RES_hh_emi!D26/RES_hh_num!D26) -> 0 | E26: =IF(RES_hh_emi!E26=0,0,1000000*RES_hh_emi!E26/RES_hh_num!E26) -> 0 | F26: =IF(RES_hh_emi!F26=0,0,1000000*RES_hh_emi!F26/RES_hh_num!F26) -> 0 | G26: =IF(RES_hh_emi!G26=0,0,1000000*RES_hh_emi!G26/RES_hh_num!G26) -> 0 | H26: =IF(RES_hh_emi!H26=0,0,1000000*RES_hh_emi!H26/RES_hh_num!H26) -> 0 | I26: =IF(RES_hh_emi!I26=0,0,1000000*RES_hh_emi!I26/RES_hh_num!I26) -> 0 | ... W26: =IF(RES_hh_emi!W26=0,0,1000000*RES_hh_emi!W26/RES_hh_num!W26) -> 0 | DA26: EMI_per_household.kgCO2.IT.Res.HH.Thermal.WH.TotalSolar.Solar
A27: Cooking | B27: =IF(RES_hh_emi!B27=0,0,1000000*RES_hh_emi!B27/RES_hh_num!B27) -> 160.25813 | C27: =IF(RES_hh_emi!C27=0,0,1000000*RES_hh_emi!C27/RES_hh_num!C27) -> 158.54249 | D27: =IF(RES_hh_emi!D27=0,0,1000000*RES_hh_emi!D27/RES_hh_num!D27) -> 157.98182 | E27: =IF(RES_hh_emi!E27=0,0,1000000*RES_hh_emi!E27/RES_hh_num!E27) -> 157.38089 | F27: =IF(RES_hh_emi!F27=0,0,1000000*RES_hh_emi!F27/RES_hh_num!F27) -> 152.39482 | G27: =IF(RES_hh_emi!G27=0,0,1000000*RES_hh_emi!G27/RES_hh_num!G27) -> 153.27271 | H27: =IF(RES_hh_emi!H27=0,0,1000000*RES_hh_emi!H27/RES_hh_num!H27) -> 144.07967 | I27: =IF(RES_hh_emi!I27=0,0,1000000*RES_hh_emi!I27/RES_hh_num!I27) -> 124.57256 | ... W27: =IF(RES_hh_emi!W27=0,0,1000000*RES_hh_emi!W27/RES_hh_num!W27) -> 109.3378 | DA27: EMI_per_household.kgCO2.IT.Res.HH.Thermal.CO
A28: Solids | B28: =IF(RES_hh_emi!B28=0,0,1000000*RES_hh_emi!B28/RES_hh_num!B28) -> 0 | C28: =IF(RES_hh_emi!C28=0,0,1000000*RES_hh_emi!C28/RES_hh_num!C28) -> 0 | D28: =IF(RES_hh_emi!D28=0,0,1000000*RES_hh_emi!D28/RES_hh_num!D28) -> 0 | E28: =IF(RES_hh_emi!E28=0,0,1000000*RES_hh_emi!E28/RES_hh_num!E28) -> 0 | F28: =IF(RES_hh_emi!F28=0,0,1000000*RES_hh_emi!F28/RES_hh_num!F28) -> 0 | G28: =IF(RES_hh_emi!G28=0,0,1000000*RES_hh_emi!G28/RES_hh_num!G28) -> 0 | H28: =IF(RES_hh_emi!H28=0,0,1000000*RES_hh_emi!H28/RES_hh_num!H28) -> 0 | I28: =IF(RES_hh_emi!I28=0,0,1000000*RES_hh_emi!I28/RES_hh_num!I28) -> 0 | ... W28: =IF(RES_hh_emi!W28=0,0,1000000*RES_hh_emi!W28/RES_hh_num!W28) -> 0 | DA28: EMI_per_household.kgCO2.IT.Res.HH.Thermal.CO.Solids.Solids
... A32: Electricity | B32: =IF(RES_hh_emi!B32=0,0,1000000*RES_hh_emi!B32/RES_hh_num!B32) -> 0 | C32: =IF(RES_hh_emi!C32=0,0,1000000*RES_hh_emi!C32/RES_hh_num!C32) -> 0 | D32: =IF(RES_hh_emi!D32=0,0,1000000*RES_hh_emi!D32/RES_hh_num!D32) -> 0 | E32: =IF(RES_hh_emi!E32=0,0,1000000*RES_hh_emi!E32/RES_hh_num!E32) -> 0 | F32: =IF(RES_hh_emi!F32=0,0,1000000*RES_hh_emi!F32/RES_hh_num!F32) -> 0 | G32: =IF(RES_hh_emi!G32=0,0,1000000*RES_hh_emi!G32/RES_hh_num!G32) -> 0 | H32: =IF(RES_hh_emi!H32=0,0,1000000*RES_hh_emi!H32/RES_hh_num!H32) -> 0 | I32: =IF(RES_hh_emi!I32=0,0,1000000*RES_hh_emi!I32/RES_hh_num!I32) -> 0 | ... W32: =IF(RES_hh_emi!W32=0,0,1000000*RES_hh_emi!W32/RES_hh_num!W32) -> 0 | DA32: EMI_per_household.kgCO2.IT.Res.HH.Thermal.CO.Elc.Elec

Sheet RES_hh_fecs
A1: IT - Final energy consumption per surface area | B1: 2000 | C1: 2001 | D1: 2002 | E1: 2003 | F1: 2004 | G1: 2005 | H1: 2006 | I1: 2007 | J1: 2008 | K1: 2009 | L1: 2010 | M1: 2011 | N1: 2012 | O1: 2013 | P1: 2014 | Q1: 2015 | R1: 2016 | S1: 2017 | T1: 2018 | U1: 2019 | V1: 2020 | W1: 2021 | DA1: Code
A3: Final energy consumption (kWh / sqm) | B3: =IF(RES_hh_fech!B3=0,0,RES_hh_fech!B3/RES_summary!B$19) -> 137.22908 | C3: =IF(RES_hh_fech!C3=0,0,RES_hh_fech!C3/RES_summary!C$19) -> 143.76938 | D3: =IF(RES_hh_fech!D3=0,0,RES_hh_fech!D3/RES_summary!D$19) -> 141.98726 | E3: =IF(RES_hh_fech!E3=0,0,RES_hh_fech!E3/RES_summary!E$19) -> 156.65271 | F3: =IF(RES_hh_fech!F3=0,0,RES_hh_fech!F3/RES_summary!F$19) -> 153.6975 | G3: =IF(RES_hh_fech!G3=0,0,RES_hh_fech!G3/RES_summary!G$19) -> 164.45903 | H3: =IF(RES_hh_fech!H3=0,0,RES_hh_fech!H3/RES_summary!H$19) -> 154.20232 | I3: =IF(RES_hh_fech!I3=0,0,RES_hh_fech!I3/RES_summary!I$19) -> 151.08889 | ... W3: =IF(RES_hh_fech!W3=0,0,RES_hh_fech!W3/RES_summary!W$19) -> 123.80978 | DA3: FEC_per_sqm.kWh.IT.Res.HH.Thermal
A4: Space heating | B4: =IF(RES_hh_fech!B4=0,0,RES_hh_fech!B4/RES_summary!B$19) -> 102.91155 | C4: =IF(RES_hh_fech!C4=0,0,RES_hh_fech!C4/RES_summary!C$19) -> 109.21894 | D4: =IF(RES_hh_fech!D4=0,0,RES_hh_fech!D4/RES_summary!D$19) -> 107.34036 | E4: =IF(RES_hh_fech!E4=0,0,RES_hh_fech!E4/RES_summary!E$19) -> 121.95257 | F4: =IF(RES_hh_fech!F4=0,0,RES_hh_fech!F4/RES_summary!F$19) -> 119.71997 | G4: =IF(RES_hh_fech!G4=0,0,RES_hh_fech!G4/RES_summary!G$19) -> 131.1816 | H4: =IF(RES_hh_fech!H4=0,0,RES_hh_fech!H4/RES_summary!H$19) -> 121.39057 | I4: =IF(RES_hh_fech!I4=0,0,RES_hh_fech!I4/RES_summary!I$19) -> 120.74262 | ... W4: =IF(RES_hh_fech!W4=0,0,RES_hh_fech!W4/RES_summary!W$19) -> 101.58722 | DA4: FEC_per_sqm.kWh.IT.Res.HH.Thermal.SH
A5: Solids | B5: =IF(RES_hh_fech!B5=0,0,RES_hh_fech!B5/RES_summary!B$19) -> 81.655811 | C5: =IF(RES_hh_fech!C5=0,0,RES_hh_fech!C5/RES_summary!C$19) -> 113.65387 | D5: =IF(RES_hh_fech!D5=0,0,RES_hh_fech!D5/RES_summary!D$19) -> 46.845729 | E5: =IF(RES_hh_fech!E5=0,0,RES_hh_fech!E5/RES_summary!E$19) -> 81.570397 | F5: =IF(RES_hh_fech!F5=0,0,RES_hh_fech!F5/RES_summary!F$19) -> 77.130924 | G5: =IF(RES_hh_fech!G5=0,0,RES_hh_fech!G5/RES_summary!G$19) -> 96.252903 | H5: =IF(RES_hh_fech!H5=0,0,RES_hh_fech!H5/RES_summary!H$19) -> 119.7614 | I5: =IF(RES_hh_fech!I5=0,0,RES_hh_fech!I5/RES_summary!I$19) -> 113.00858 | ... W5: =IF(RES_hh_fech!W5=0,0,RES_hh_fech!W5/RES_summary!W$19) -> 0 | DA5: FEC_per_sqm.kWh.IT.Res.HH.Thermal.SH.Solids.Solids
A6: Liquified petroleum gas (LPG) | B6: =IF(RES_hh_fech!B6=0,0,RES_hh_fech!B6/RES_summary!B$19) -> 108.17742 | C6: =IF(RES_hh_fech!C6=0,0,RES_hh_fech!C6/RES_summary!C$19) -> 111.13407 | D6: =IF(RES_hh_fech!D6=0,0,RES_hh_fech!D6/RES_summary!D$19) -> 113.46996 | E6: =IF(RES_hh_fech!E6=0,0,RES_hh_fech!E6/RES_summary!E$19) -> 129.45979 | F6: =IF(RES_hh_fech!F6=0,0,RES_hh_fech!F6/RES_summary!F$19) -> 124.33884 | G6: =IF(RES_hh_fech!G6=0,0,RES_hh_fech!G6/RES_summary!G$19) -> 142.6931 | H6: =IF(RES_hh_fech!H6=0,0,RES_hh_fech!H6/RES_summary!H$19) -> 130.61066 | I6: =IF(RES_hh_fech!I6=0,0,RES_hh_fech!I6/RES_summary!I$19) -> 128.9065 | ... W6: =IF(RES_hh_fech!W6=0,0,RES_hh_fech!W6/RES_summary!W$19) -> 113.29529 | DA6: FEC_per_sqm.kWh.IT.Res.HH.Thermal.SH.LPG.LPG
A7: Diesel oil | B7: =IF(RES_hh_fech!B7=0,0,RES_hh_fech!B7/RES_summary!B$19) -> 107.84199 | C7: =IF(RES_hh_fech!C7=0,0,RES_hh_fech!C7/RES_summary!C$19) -> 124.9506 | D7: =IF(RES_hh_fech!D7=0,0,RES_hh_fech!D7/RES_summary!D$19) -> 123.65181 | E7: =IF(RES_hh_fech!E7=0,0,RES_hh_fech!E7/RES_summary!E$19) -> 121.01436 | F7: =IF(RES_hh_fech!F7=0,0,RES_hh_fech!F7/RES_summary!F$19) -> 139.27218 | G7: =IF(RES_hh_fech!G7=0,0,RES_hh_fech!G7/RES_summary!G$19) -> 154.73113 | H7: =IF(RES_hh_fech!H7=0,0,RES_hh_fech!H7/RES_summary!H$19) -> 150.4976 | I7: =IF(RES_hh_fech!I7=0,0,RES_hh_fech!I7/RES_summary!I$19) -> 137.84836 | ... W7: =IF(RES_hh_fech!W7=0,0,RES_hh_fech!W7/RES_summary!W$19) -> 120.85837 | DA7: FEC_per_sqm.kWh.IT.Res.HH.Thermal.SH.Oil.Oil_LiqBio
A8: Natural gas | B8: =IF(RES_hh_fech!B8=0,0,RES_hh_fech!B8/RES_summary!B$19) -> 99.380299 | C8: =IF(RES_hh_fech!C8=0,0,RES_hh_fech!C8/RES_summary!C$19) -> 105.0332 | D8: =IF(RES_hh_fech!D8=0,0,RES_hh_fech!D8/RES_summary!D$19) -> 101.10183 | E8: =IF(RES_hh_fech!E8=0,0,RES_hh_fech!E8/RES_summary!E$19) -> 115.59811 | F8: =IF(RES_hh_fech!F8=0,0,RES_hh_fech!F8/RES_summary!F$19) -> 121.47746 | G8: =IF(RES_hh_fech!G8=0,0,RES_hh_fech!G8/RES_summary!G$19) -> 128.2904 | H8: =IF(RES_hh_fech!H8=0,0,RES_hh_fech!H8/RES_summary!H$19) -> 118.90368 | I8: =IF(RES_hh_fech!I8=0,0,RES_hh_fech!I8/RES_summary!I$19) -> 115.02571 | ... W8: =IF(RES_hh_fech!W8=0,0,RES_hh_fech!W8/RES_summary!W$19) -> 101.4803 | DA8: FEC_per_sqm.kWh.IT.Res.HH.Thermal.SH.Gas.NG_Biogas
A9: Biomass | B9: =IF(RES_hh_fech!B9=0,0,RES_hh_fech!B9/RES_summary!B$19) -> 111.86386 | C9: =IF(RES_hh_fech!C9=0,0,RES_hh_fech!C9/RES_summary!C$19) -> 97.40788 | D9: =IF(RES_hh_fech!D9=0,0,RES_hh_fech!D9/RES_summary!D$19) -> 112.03648 | E9: =IF(RES_hh_fech!E9=0,0,RES_hh_fech!E9/RES_summary!E$19) -> 151.2529 | F9: =IF(RES_hh_fech!F9=0,0,RES_hh_fech!F9/RES_summary!F$19) -> 86.22992 | G9: =IF(RES_hh_fech!G9=0,0,RES_hh_fech!G9/RES_summary!G$19) -> 119.09808 | H9: =IF(RES_hh_fech!H9=0,0,RES_hh_fech!H9/RES_summary!H$19) -> 110.69244 | I9: =IF(RES_hh_fech!I9=0,0,RES_hh_fech!I9/RES_summary!I$19) -> 125.57554 | ... W9: =IF(RES_hh_fech!W9=0,0,RES_hh_fech!W9/RES_summary!W$19) -> 108.04558 | DA9: FEC_per_sqm.kWh.IT.Res.HH.Thermal.SH.Biomass.Biomass_Waste
A10: Geothermal | B10: =IF(RES_hh_fech!B10=0,0,RES_hh_fech!B10/RES_summary!B$19) -> 71.067327 | C10: =IF(RES_hh_fech!C10=0,0,RES_hh_fech!C10/RES_summary!C$19) -> 74.132222 | D10: =IF(RES_hh_fech!D10=0,0,RES_hh_fech!D10/RES_summary!D$19) -> 77.281725 | E10: =IF(RES_hh_fech!E10=0,0,RES_hh_fech!E10/RES_summary!E$19) -> 84.109384 | F10: =IF(RES_hh_fech!F10=0,0,RES_hh_fech!F10/RES_summary!F$19) -> 86.099718 | G10: =IF(RES_hh_fech!G10=0,0,RES_hh_fech!G10/RES_summary!G$19) -> 91.052562 | H10: =IF(RES_hh_fech!H10=0,0,RES_hh_fech!H10/RES_summary!H$19) -> 90.803773 | I10: =IF(RES_hh_fech!I10=0,0,RES_hh_fech!I10/RES_summary!I$19) -> 91.977 | ... W10: =IF(RES_hh_fech!W10=0,0,RES_hh_fech!W10/RES_summary!W$19) -> 87.566131 | DA10: FEC_per_sqm.kWh.IT.Res.HH.Thermal.SH.Geo.Geo
A11: Distributed heat | B11: =IF(RES_hh_fech!B11=0,0,RES_hh_fech!B11/RES_summary!B$19) -> 0 | C11: =IF(RES_hh_fech!C11=0,0,RES_hh_fech!C11/RES_summary!C$19) -> 0 | D11: =IF(RES_hh_fech!D11=0,0,RES_hh_fech!D11/RES_summary!D$19) -> 0 | E11: =IF(RES_hh_fech!E11=0,0,RES_hh_fech!E11/RES_summary!E$19) -> 0 | F11: =IF(RES_hh_fech!F11=0,0,RES_hh_fech!F11/RES_summary!F$19) -> 121.91727 | G11: =IF(RES_hh_fech!G11=0,0,RES_hh_fech!G11/RES_summary!G$19) -> 124.27043 | H11: =IF(RES_hh_fech!H11=0,0,RES_hh_fech!H11/RES_summary!H$19) -> 104.54699 | I11: =IF(RES_hh_fech!I11=0,0,RES_hh_fech!I11/RES_summary!I$19) -> 105.4317 | ... W11: =IF(RES_hh_fech!W11=0,0,RES_hh_fech!W11/RES_summary!W$19) -> 82.310579 | DA11: FEC_per_sqm.kWh.IT.Res.HH.Thermal.SH.DistrHeat.Steam_Distr
A12: Advanced electric heating | B12: =IF(RES_hh_fech!B12=0,0,RES_hh_fech!B12/RES_summary!B$19) -> 36.102487 | C12: =IF(RES_hh_fech!C12=0,0,RES_hh_fech!C12/RES_summary!C$19) -> 39.961342 | D12: =IF(RES_hh_fech!D12=0,0,RES_hh_fech!D12/RES_summary!D$19) -> 35.981135 | E12: =IF(RES_hh_fech!E12=0,0,RES_hh_fech!E12/RES_summary!E$19) -> 35.979574 | F12: =IF(RES_hh_fech!F12=0,0,RES_hh_fech!F12/RES_summary!F$19) -> 39.172401 | G12: =IF(RES_hh_fech!G12=0,0,RES_hh_fech!G12/RES_summary!G$19) -> 45.733814 | H12: =IF(RES_hh_fech!H12=0,0,RES_hh_fech!H12/RES_summary!H$19) -> 37.074631 | I12: =IF(RES_hh_fech!I12=0,0,RES_hh_fech!I12/RES_summary!I$19) -> 35.786039 | ... W12: =IF(RES_hh_fech!W12=0,0,RES_hh_fech!W12/RES_summary!W$19) -> 30.302958 | DA12: FEC_per_sqm.kWh.IT.Res.HH.Thermal.SH.AdvElc.Elec
A13: Conventional electric heating | B13: =IF(RES_hh_fech!B13=0,0,RES_hh_fech!B13/RES_summary!B$19) -> 79.364953 | C13: =IF(RES_hh_fech!C13=0,0,RES_hh_fech!C13/RES_summary!C$19) -> 73.150665 | D13: =IF(RES_hh_fech!D13=0,0,RES_hh_fech!D13/RES_summary!D$19) -> 80.822676 | E13: =IF(RES_hh_fech!E13=0,0,RES_hh_fech!E13/RES_summary!E$19) -> 91.001912 | F13: =IF(RES_hh_fech!F13=0,0,RES_hh_fech!F13/RES_summary!F$19) -> 91.09374 | G13: =IF(RES_hh_fech!G13=0,0,RES_hh_fech!G13/RES_summary!G$19) -> 108.69021 | H13: =IF(RES_hh_fech!H13=0,0,RES_hh_fech!H13/RES_summary!H$19) -> 95.276192 | I13: =IF(RES_hh_fech!I13=0,0,RES_hh_fech!I13/RES_summary!I$19) -> 88.766592 | ... W13: =IF(RES_hh_fech!W13=0,0,RES_hh_fech!W13/RES_summary!W$19) -> 8.7177008 | DA13: FEC_per_sqm.kWh.IT.Res.HH.Thermal.SH.ConvElc.Elec
A14: Electricity in circulation | B14: =IF(RES_hh_fech!B14=0,0,RES_hh_fech!B14/RES_summary!B$19) -> 1.2143543 | C14: =IF(RES_hh_fech!C14=0,0,RES_hh_fech!C14/RES_summary!C$19) -> 1.2725502 | D14: =IF(RES_hh_fech!D14=0,0,RES_hh_fech!D14/RES_summary!D$19) -> 1.2187474 | E14: =IF(RES_hh_fech!E14=0,0,RES_hh_fech!E14/RES_summary!E$19) -> 1.2412243 | F14: =IF(RES_hh_fech!F14=0,0,RES_hh_fech!F14/RES_summary!F$19) -> 1.3509323 | G14: =IF(RES_hh_fech!G14=0,0,RES_hh_fech!G14/RES_summary!G$19) -> 1.4259536 | H14: =IF(RES_hh_fech!H14=0,0,RES_hh_fech!H14/RES_summary!H$19) -> 1.2633465 | I14: =IF(RES_hh_fech!I14=0,0,RES_hh_fech!I14/RES_summary!I$19) -> 1.1854286 | ... W14: =IF(RES_hh_fech!W14=0,0,RES_hh_fech!W14/RES_summary!W$19) -> 1.0878774 | DA14: FEC_per_sqm.kWh.IT.Res.HH.Thermal.SH.TotalCirculation.Elec
... A32: Electricity | B32: =IF(RES_hh_fech!B32=0,0,RES_hh_fech!B32/RES_summary!B$19) -> 8.6821241 | C32: =IF(RES_hh_fech!C32=0,0,RES_hh_fech!C32/RES_summary!C$19) -> 9.0653086 | D32: =IF(RES_hh_fech!D32=0,0,RES_hh_fech!D32/RES_summary!D$19) -> 9.1344841 | E32: =IF(RES_hh_fech!E32=0,0,RES_hh_fech!E32/RES_summary!E$19) -> 8.3182843 | F32: =IF(RES_hh_fech!F32=0,0,RES_hh_fech!F32/RES_summary!F$19) -> 9.9135245 | G32: =IF(RES_hh_fech!G32=0,0,RES_hh_fech!G32/RES_summary!G$19) -> 8.0057862 | H32: =IF(RES_hh_fech!H32=0,0,RES_hh_fech!H32/RES_summary!H$19) -> 8.6552579 | I32: =IF(RES_hh_fech!I32=0,0,RES_hh_fech!I32/RES_summary!I$19) -> 7.9879561 | ... W32: =IF(RES_hh_fech!W32=0,0,RES_hh_fech!W32/RES_summary!W$19) -> 6.0882579 | DA32: FEC_per_sqm.kWh.IT.Res.HH.Thermal.CO.Elc.Elec

Sheet RES_hh_tess
A1: IT - Thermal energy service per surface area | B1: 2000 | C1: 2001 | D1: 2002 | E1: 2003 | F1: 2004 | G1: 2005 | H1: 2006 | I1: 2007 | J1: 2008 | K1: 2009 | L1: 2010 | M1: 2011 | N1: 2012 | O1: 2013 | P1: 2014 | Q1: 2015 | R1: 2016 | S1: 2017 | T1: 2018 | U1: 2019 | V1: 2020 | W1: 2021 | DA1: Code
A3: Thermal energy service (kWh useful / sqm) | B3: =IF(RES_hh_tesh!B3=0,0,RES_hh_tesh!B3/RES_summary!B$19) -> 70.690308 | C3: =IF(RES_hh_tesh!C3=0,0,RES_hh_tesh!C3/RES_summary!C$19) -> 74.768614 | D3: =IF(RES_hh_tesh!D3=0,0,RES_hh_tesh!D3/RES_summary!D$19) -> 74.8659 | E3: =IF(RES_hh_tesh!E3=0,0,RES_hh_tesh!E3/RES_summary!E$19) -> 85.198868 | F3: =IF(RES_hh_tesh!F3=0,0,RES_hh_tesh!F3/RES_summary!F$19) -> 83.913719 | G3: =IF(RES_hh_tesh!G3=0,0,RES_hh_tesh!G3/RES_summary!G$19) -> 90.954596 | H3: =IF(RES_hh_tesh!H3=0,0,RES_hh_tesh!H3/RES_summary!H$19) -> 87.197073 | I3: =IF(RES_hh_tesh!I3=0,0,RES_hh_tesh!I3/RES_summary!I$19) -> 87.152122 | ... W3: =IF(RES_hh_tesh!W3=0,0,RES_hh_tesh!W3/RES_summary!W$19) -> 96.459218 | DA3: TES_per_sqm.kWh.IT.Res.HH.Thermal
A4: Space heating | B4: =IF(RES_hh_tesh!B4=0,0,RES_hh_tesh!B4/RES_summary!B$19) -> 50.383195 | C4: =IF(RES_hh_tesh!C4=0,0,RES_hh_tesh!C4/RES_summary!C$19) -> 54.047809 | D4: =IF(RES_hh_tesh!D4=0,0,RES_hh_tesh!D4/RES_summary!D$19) -> 53.952697 | E4: =IF(RES_hh_tesh!E4=0,0,RES_hh_tesh!E4/RES_summary!E$19) -> 62.656575 | F4: =IF(RES_hh_tesh!F4=0,0,RES_hh_tesh!F4/RES_summary!F$19) -> 62.651002 | G4: =IF(RES_hh_tesh!G4=0,0,RES_hh_tesh!G4/RES_summary!G$19) -> 69.946877 | H4: =IF(RES_hh_tesh!H4=0,0,RES_hh_tesh!H4/RES_summary!H$19) -> 65.806607 | I4: =IF(RES_hh_tesh!I4=0,0,RES_hh_tesh!I4/RES_summary!I$19) -> 67.070659 | ... W4: =IF(RES_hh_tesh!W4=0,0,RES_hh_tesh!W4/RES_summary!W$19) -> 76.563544 | DA4: TES_per_sqm.kWh.IT.Res.HH.Thermal.SH
A5: Solids | B5: =IF(RES_hh_tesh!B5=0,0,RES_hh_tesh!B5/RES_summary!B$19) -> 48.695811 | C5: =IF(RES_hh_tesh!C5=0,0,RES_hh_tesh!C5/RES_summary!C$19) -> 67.777999 | D5: =IF(RES_hh_tesh!D5=0,0,RES_hh_tesh!D5/RES_summary!D$19) -> 27.936662 | E5: =IF(RES_hh_tesh!E5=0,0,RES_hh_tesh!E5/RES_summary!E$19) -> 48.644874 | F5: =IF(RES_hh_tesh!F5=0,0,RES_hh_tesh!F5/RES_summary!F$19) -> 45.997375 | G5: =IF(RES_hh_tesh!G5=0,0,RES_hh_tesh!G5/RES_summary!G$19) -> 57.400853 | H5: =IF(RES_hh_tesh!H5=0,0,RES_hh_tesh!H5/RES_summary!H$19) -> 71.42025 | I5: =IF(RES_hh_tesh!I5=0,0,RES_hh_tesh!I5/RES_summary!I$19) -> 67.393177 | ... W5: =IF(RES_hh_tesh!W5=0,0,RES_hh_tesh!W5/RES_summary!W$19) -> 0 | DA5: TES_per_sqm.kWh.IT.Res.HH.Thermal.SH.Solids.Solids
A6: Liquified petroleum gas (LPG) | B6: =IF(RES_hh_tesh!B6=0,0,RES_hh_tesh!B6/RES_summary!B$19) -> 50.405093 | C6: =IF(RES_hh_tesh!C6=0,0,RES_hh_tesh!C6/RES_summary!C$19) -> 52.039029 | D6: =IF(RES_hh_tesh!D6=0,0,RES_hh_tesh!D6/RES_summary!D$19) -> 53.344195 | E6: =IF(RES_hh_tesh!E6=0,0,RES_hh_tesh!E6/RES_summary!E$19) -> 61.124617 | F6: =IF(RES_hh_tesh!F6=0,0,RES_hh_tesh!F6/RES_summary!F$19) -> 59.093179 | G6: =IF(RES_hh_tesh!G6=0,0,RES_hh_tesh!G6/RES_summary!G$19) -> 68.608161 | H6: =IF(RES_hh_tesh!H6=0,0,RES_hh_tesh!H6/RES_summary!H$19) -> 63.771753 | I6: =IF(RES_hh_tesh!I6=0,0,RES_hh_tesh!I6/RES_summary!I$19) -> 64.122527 | ... W6: =IF(RES_hh_tesh!W6=0,0,RES_hh_tesh!W6/RES_summary!W$19) -> 75.504644 | DA6: TES_per_sqm.kWh.IT.Res.HH.Thermal.SH.LPG.LPG
A7: Diesel oil | B7: =IF(RES_hh_tesh!B7=0,0,RES_hh_tesh!B7/RES_summary!B$19) -> 47.762013 | C7: =IF(RES_hh_tesh!C7=0,0,RES_hh_tesh!C7/RES_summary!C$19) -> 55.673463 | D7: =IF(RES_hh_tesh!D7=0,0,RES_hh_tesh!D7/RES_summary!D$19) -> 55.12389 | E7: =IF(RES_hh_tesh!E7=0,0,RES_hh_tesh!E7/RES_summary!E$19) -> 53.969273 | F7: =IF(RES_hh_tesh!F7=0,0,RES_hh_tesh!F7/RES_summary!F$19) -> 62.11696 | G7: =IF(RES_hh_tesh!G7=0,0,RES_hh_tesh!G7/RES_summary!G$19) -> 69.026427 | H7: =IF(RES_hh_tesh!H7=0,0,RES_hh_tesh!H7/RES_summary!H$19) -> 67.163012 | I7: =IF(RES_hh_tesh!I7=0,0,RES_hh_tesh!I7/RES_summary!I$19) -> 61.565486 | ... W7: =IF(RES_hh_tesh!W7=0,0,RES_hh_tesh!W7/RES_summary!W$19) -> 71.498517 | DA7: TES_per_sqm.kWh.IT.Res.HH.Thermal.SH.Oil.Oil_LiqBio
A8: Natural gas | B8: =IF(RES_hh_tesh!B8=0,0,RES_hh_tesh!B8/RES_summary!B$19) -> 49.362376 | C8: =IF(RES_hh_tesh!C8=0,0,RES_hh_tesh!C8/RES_summary!C$19) -> 52.86255 | D8: =IF(RES_hh_tesh!D8=0,0,RES_hh_tesh!D8/RES_summary!D$19) -> 51.602829 | E8: =IF(RES_hh_tesh!E8=0,0,RES_hh_tesh!E8/RES_summary!E$19) -> 60.05732 | F8: =IF(RES_hh_tesh!F8=0,0,RES_hh_tesh!F8/RES_summary!F$19) -> 64.235398 | G8: =IF(RES_hh_tesh!G8=0,0,RES_hh_tesh!G8/RES_summary!G$19) -> 68.864362 | H8: =IF(RES_hh_tesh!H8=0,0,RES_hh_tesh!H8/RES_summary!H$19) -> 64.645479 | I8: =IF(RES_hh_tesh!I8=0,0,RES_hh_tesh!I8/RES_summary!I$19) -> 63.490949 | ... W8: =IF(RES_hh_tesh!W8=0,0,RES_hh_tesh!W8/RES_summary!W$19) -> 73.779629 | DA8: TES_per_sqm.kWh.IT.Res.HH.Thermal.SH.Gas.NG_Biogas
A9: Biomass | B9: =IF(RES_hh_tesh!B9=0,0,RES_hh_tesh!B9/RES_summary!B$19) -> 49.593591 | C9: =IF(RES_hh_tesh!C9=0,0,RES_hh_tesh!C9/RES_summary!C$19) -> 45.337985 | D9: =IF(RES_hh_tesh!D9=0,0,RES_hh_tesh!D9/RES_summary!D$19) -> 55.763587 | E9: =IF(RES_hh_tesh!E9=0,0,RES_hh_tesh!E9/RES_summary!E$19) -> 78.09803 | F9: =IF(RES_hh_tesh!F9=0,0,RES_hh_tesh!F9/RES_summary!F$19) -> 45.520533 | G9: =IF(RES_hh_tesh!G9=0,0,RES_hh_tesh!G9/RES_summary!G$19) -> 65.28195 | H9: =IF(RES_hh_tesh!H9=0,0,RES_hh_tesh!H9/RES_summary!H$19) -> 62.675664 | I9: =IF(RES_hh_tesh!I9=0,0,RES_hh_tesh!I9/RES_summary!I$19) -> 72.996548 | ... W9: =IF(RES_hh_tesh!W9=0,0,RES_hh_tesh!W9/RES_summary!W$19) -> 77.431432 | DA9: TES_per_sqm.kWh.IT.Res.HH.Thermal.SH.Biomass.Biomass_Waste
A10: Geothermal | B10: =IF(RES_hh_tesh!B10=0,0,RES_hh_tesh!B10/RES_summary!B$19) -> 50.822401 | C10: =IF(RES_hh_tesh!C10=0,0,RES_hh_tesh!C10/RES_summary!C$19) -> 53.228358 | D10: =IF(RES_hh_tesh!D10=0,0,RES_hh_tesh!D10/RES_summary!D$19) -> 55.640101 | E10: =IF(RES_hh_tesh!E10=0,0,RES_hh_tesh!E10/RES_summary!E$19) -> 60.658408 | F10: =IF(RES_hh_tesh!F10=0,0,RES_hh_tesh!F10/RES_summary!F$19) -> 62.346797 | G10: =IF(RES_hh_tesh!G10=0,0,RES_hh_tesh!G10/RES_summary!G$19) -> 66.28087 | H10: =IF(RES_hh_tesh!H10=0,0,RES_hh_tesh!H10/RES_summary!H$19) -> 66.711324 | I10: =IF(RES_hh_tesh!I10=0,0,RES_hh_tesh!I10/RES_summary!I$19) -> 68.210212 | ... W10: =IF(RES_hh_tesh!W10=0,0,RES_hh_tesh!W10/RES_summary!W$19) -> 72.964765 | DA10: TES_per_sqm.kWh.IT.Res.HH.Thermal.SH.Geo.Geo
A11: Distributed heat | B11: =IF(RES_hh_tesh!B11=0,0,RES_hh_tesh!B11/RES_summary!B$19) -> 0 | C11: =IF(RES_hh_tesh!C11=0,0,RES_hh_tesh!C11/RES_summary!C$19) -> 0 | D11: =IF(RES_hh_tesh!D11=0,0,RES_hh_tesh!D11/RES_summary!D$19) -> 0 | E11: =IF(RES_hh_tesh!E11=0,0,RES_hh_tesh!E11/RES_summary!E$19) -> 0 | F11: =IF(RES_hh_tesh!F11=0,0,RES_hh_tesh!F11/RES_summary!F$19) -> 92.728741 | G11: =IF(RES_hh_tesh!G11=0,0,RES_hh_tesh!G11/RES_summary!G$19) -> 94.521834 | H11: =IF(RES_hh_tesh!H11=0,0,RES_hh_tesh!H11/RES_summary!H$19) -> 79.550726 | I11: =IF(RES_hh_tesh!I11=0,0,RES_hh_tesh!I11/RES_summary!I$19) -> 80.224048 | ... W11: =IF(RES_hh_tesh!W11=0,0,RES_hh_tesh!W11/RES_summary!W$19) -> 65.301921 | DA11: TES_per_sqm.kWh.IT.Res.HH.Thermal.SH.DistrHeat.Steam_Distr
A12: Advanced electric heating | B12: =IF(RES_hh_tesh!B12=0,0,RES_hh_tesh!B12/RES_summary!B$19) -> 46.997011 | C12: =IF(RES_hh_tesh!C12=0,0,RES_hh_tesh!C12/RES_summary!C$19) -> 53.230196 | D12: =IF(RES_hh_tesh!D12=0,0,RES_hh_tesh!D12/RES_summary!D$19) -> 50.290302 | E12: =IF(RES_hh_tesh!E12=0,0,RES_hh_tesh!E12/RES_summary!E$19) -> 53.30149 | F12: =IF(RES_hh_tesh!F12=0,0,RES_hh_tesh!F12/RES_summary!F$19) -> 61.765986 | G12: =IF(RES_hh_tesh!G12=0,0,RES_hh_tesh!G12/RES_summary!G$19) -> 76.100962 | H12: =IF(RES_hh_tesh!H12=0,0,RES_hh_tesh!H12/RES_summary!H$19) -> 64.22762 | I12: =IF(RES_hh_tesh!I12=0,0,RES_hh_tesh!I12/RES_summary!I$19) -> 64.725865 | ... W12: =IF(RES_hh_tesh!W12=0,0,RES_hh_tesh!W12/RES_summary!W$19) -> 105.60755 | DA12: TES_per_sqm.kWh.IT.Res.HH.Thermal.SH.AdvElc.Elec
A13: Conventional electric heating | B13: =IF(RES_hh_tesh!B13=0,0,RES_hh_tesh!B13/RES_summary!B$19) -> 53.557504 | C13: =IF(RES_hh_tesh!C13=0,0,RES_hh_tesh!C13/RES_summary!C$19) -> 49.451192 | D13: =IF(RES_hh_tesh!D13=0,0,RES_hh_tesh!D13/RES_summary!D$19) -> 54.797581 | E13: =IF(RES_hh_tesh!E13=0,0,RES_hh_tesh!E13/RES_summary!E$19) -> 61.938629 | F13: =IF(RES_hh_tesh!F13=0,0,RES_hh_tesh!F13/RES_summary!F$19) -> 62.312405 | G13: =IF(RES_hh_tesh!G13=0,0,RES_hh_tesh!G13/RES_summary!G$19) -> 74.681685 | H13: =IF(RES_hh_tesh!H13=0,0,RES_hh_tesh!H13/RES_summary!H$19) -> 65.644503 | I13: =IF(RES_hh_tesh!I13=0,0,RES_hh_tesh!I13/RES_summary!I$19) -> 61.42083 | ... W13: =IF(RES_hh_tesh!W13=0,0,RES_hh_tesh!W13/RES_summary!W$19) -> 6.4651849 | DA13: TES_per_sqm.kWh.IT.Res.HH.Thermal.SH.ConvElc.Elec
A14: Electricity in circulation | B14: =IF(RES_hh_tesh!B14=0,0,RES_hh_tesh!B14/RES_summary!B$19) -> 1.2143543 | C14: =IF(RES_hh_tesh!C14=0,0,RES_hh_tesh!C14/RES_summary!C$19) -> 1.2725502 | D14: =IF(RES_hh_tesh!D14=0,0,RES_hh_tesh!D14/RES_summary!D$19) -> 1.2187474 | E14: =IF(RES_hh_tesh!E14=0,0,RES_hh_tesh!E14/RES_summary!E$19) -> 1.2412243 | F14: =IF(RES_hh_tesh!F14=0,0,RES_hh_tesh!F14/RES_summary!F$19) -> 1.3509323 | G14: =IF(RES_hh_tesh!G14=0,0,RES_hh_tesh!G14/RES_summary!G$19) -> 1.4259536 | H14: =IF(RES_hh_tesh!H14=0,0,RES_hh_tesh!H14/RES_summary!H$19) -> 1.2633465 | I14: =IF(RES_hh_tesh!I14=0,0,RES_hh_tesh!I14/RES_summary!I$19) -> 1.1854286 | ... W14: =IF(RES_hh_tesh!W14=0,0,RES_hh_tesh!W14/RES_summary!W$19) -> 1.0878774 | DA14: TES_per_sqm.kWh.IT.Res.HH.Thermal.SH.TotalCirculation.Elec
... A32: Electricity | B32: =IF(RES_hh_tesh!B32=0,0,RES_hh_tesh!B32/RES_summary!B$19) -> 6.6170788 | C32: =IF(RES_hh_tesh!C32=0,0,RES_hh_tesh!C32/RES_summary!C$19) -> 6.933594 | D32: =IF(RES_hh_tesh!D32=0,0,RES_hh_tesh!D32/RES_summary!D$19) -> 7.0116128 | E32: =IF(RES_hh_tesh!E32=0,0,RES_hh_tesh!E32/RES_summary!E$19) -> 6.4076495 | F32: =IF(RES_hh_tesh!F32=0,0,RES_hh_tesh!F32/RES_summary!F$19) -> 7.6677527 | G32: =IF(RES_hh_tesh!G32=0,0,RES_hh_tesh!G32/RES_summary!G$19) -> 6.2193795 | H32: =IF(RES_hh_tesh!H32=0,0,RES_hh_tesh!H32/RES_summary!H$19) -> 6.7534635 | I32: =IF(RES_hh_tesh!I32=0,0,RES_hh_tesh!I32/RES_summary!I$19) -> 6.2476467 | ... W32: =IF(RES_hh_tesh!W32=0,0,RES_hh_tesh!W32/RES_summary!W$19) -> 5.2082595 | DA32: TES_per_sqm.kWh.IT.Res.HH.Thermal.CO.Elc.Elec

Sheet RES_hh_emis
A1: IT - CO2 emissions per surface area | B1: 2000 | C1: 2001 | D1: 2002 | E1: 2003 | F1: 2004 | G1: 2005 | H1: 2006 | I1: 2007 | J1: 2008 | K1: 2009 | L1: 2010 | M1: 2011 | N1: 2012 | O1: 2013 | P1: 2014 | Q1: 2015 | R1: 2016 | S1: 2017 | T1: 2018 | U1: 2019 | V1: 2020 | W1: 2021 | DA1: Code
A3: CO2 emissions (kg CO2 / sqm) | B3: =IF(RES_hh_emih!B3=0,0,RES_hh_emih!B3/RES_summary!B$19) -> 26.034655 | C3: =IF(RES_hh_emih!C3=0,0,RES_hh_emih!C3/RES_summary!C$19) -> 27.486158 | D3: =IF(RES_hh_emih!D3=0,0,RES_hh_emih!D3/RES_summary!D$19) -> 25.812375 | E3: =IF(RES_hh_emih!E3=0,0,RES_hh_emih!E3/RES_summary!E$19) -> 26.895815 | F3: =IF(RES_hh_emih!F3=0,0,RES_hh_emih!F3/RES_summary!F$19) -> 27.513445 | G3: =IF(RES_hh_emih!G3=0,0,RES_hh_emih!G3/RES_summary!G$19) -> 27.933176 | H3: =IF(RES_hh_emih!H3=0,0,RES_hh_emih!H3/RES_summary!H$19) -> 24.894699 | I3: =IF(RES_hh_emih!I3=0,0,RES_hh_emih!I3/RES_summary!I$19) -> 22.285758 | ... W3: =IF(RES_hh_emih!W3=0,0,RES_hh_emih!W3/RES_summary!W$19) -> 16.674957 | DA3: EMI_per_sqm.kgCO2.IT.Res.HH.Thermal
A4: Space heating | B4: =IF(RES_hh_emih!B4=0,0,RES_hh_emih!B4/RES_summary!B$19) -> 20.412845 | C4: =IF(RES_hh_emih!C4=0,0,RES_hh_emih!C4/RES_summary!C$19) -> 21.857058 | D4: =IF(RES_hh_emih!D4=0,0,RES_hh_emih!D4/RES_summary!D$19) -> 20.303664 | E4: =IF(RES_hh_emih!E4=0,0,RES_hh_emih!E4/RES_summary!E$19) -> 21.518552 | F4: =IF(RES_hh_emih!F4=0,0,RES_hh_emih!F4/RES_summary!F$19) -> 22.349028 | G4: =IF(RES_hh_emih!G4=0,0,RES_hh_emih!G4/RES_summary!G$19) -> 22.815114 | H4: =IF(RES_hh_emih!H4=0,0,RES_hh_emih!H4/RES_summary!H$19) -> 20.02935 | I4: =IF(RES_hh_emih!I4=0,0,RES_hh_emih!I4/RES_summary!I$19) -> 17.870274 | ... W4: =IF(RES_hh_emih!W4=0,0,RES_hh_emih!W4/RES_summary!W$19) -> 13.634142 | DA4: EMI_per_sqm.kgCO2.IT.Res.HH.Thermal.SH
A5: Solids | B5: =IF(RES_hh_emih!B5=0,0,RES_hh_emih!B5/RES_summary!B$19) -> 31.679898 | C5: =IF(RES_hh_emih!C5=0,0,RES_hh_emih!C5/RES_summary!C$19) -> 44.142063 | D5: =IF(RES_hh_emih!D5=0,0,RES_hh_emih!D5/RES_summary!D$19) -> 18.146265 | E5: =IF(RES_hh_emih!E5=0,0,RES_hh_emih!E5/RES_summary!E$19) -> 31.606888 | F5: =IF(RES_hh_emih!F5=0,0,RES_hh_emih!F5/RES_summary!F$19) -> 26.444562 | G5: =IF(RES_hh_emih!G5=0,0,RES_hh_emih!G5/RES_summary!G$19) -> 32.699762 | H5: =IF(RES_hh_emih!H5=0,0,RES_hh_emih!H5/RES_summary!H$19) -> 40.443046 | I5: =IF(RES_hh_emih!I5=0,0,RES_hh_emih!I5/RES_summary!I$19) -> 38.299868 | ... W5: =IF(RES_hh_emih!W5=0,0,RES_hh_emih!W5/RES_summary!W$19) -> 0 | DA5: EMI_per_sqm.kgCO2.IT.Res.HH.Thermal.SH.Solids.Solids
A6: Liquified petroleum gas (LPG) | B6: =IF(RES_hh_emih!B6=0,0,RES_hh_emih!B6/RES_summary!B$19) -> 24.573582 | C6: =IF(RES_hh_emih!C6=0,0,RES_hh_emih!C6/RES_summary!C$19) -> 25.245216 | D6: =IF(RES_hh_emih!D6=0,0,RES_hh_emih!D6/RES_summary!D$19) -> 25.775835 | E6: =IF(RES_hh_emih!E6=0,0,RES_hh_emih!E6/RES_summary!E$19) -> 29.408086 | F6: =IF(RES_hh_emih!F6=0,0,RES_hh_emih!F6/RES_summary!F$19) -> 28.244812 | G6: =IF(RES_hh_emih!G6=0,0,RES_hh_emih!G6/RES_summary!G$19) -> 32.414165 | H6: =IF(RES_hh_emih!H6=0,0,RES_hh_emih!H6/RES_summary!H$19) -> 29.669517 | I6: =IF(RES_hh_emih!I6=0,0,RES_hh_emih!I6/RES_summary!I$19) -> 29.282401 | ... W6: =IF(RES_hh_emih!W6=0,0,RES_hh_emih!W6/RES_summary!W$19) -> 25.736157 | DA6: EMI_per_sqm.kgCO2.IT.Res.HH.Thermal.SH.LPG.LPG
A7: Diesel oil | B7: =IF(RES_hh_emih!B7=0,0,RES_hh_emih!B7/RES_summary!B$19) -> 28.848919 | C7: =IF(RES_hh_emih!C7=0,0,RES_hh_emih!C7/RES_summary!C$19) -> 33.421492 | D7: =IF(RES_hh_emih!D7=0,0,RES_hh_emih!D7/RES_summary!D$19) -> 33.081359 | E7: =IF(RES_hh_emih!E7=0,0,RES_hh_emih!E7/RES_summary!E$19) -> 32.393092 | F7: =IF(RES_hh_emih!F7=0,0,RES_hh_emih!F7/RES_summary!F$19) -> 37.237313 | G7: =IF(RES_hh_emih!G7=0,0,RES_hh_emih!G7/RES_summary!G$19) -> 41.374019 | H7: =IF(RES_hh_emih!H7=0,0,RES_hh_emih!H7/RES_summary!H$19) -> 39.75373 | I7: =IF(RES_hh_emih!I7=0,0,RES_hh_emih!I7/RES_summary!I$19) -> 36.271404 | ... W7: =IF(RES_hh_emih!W7=0,0,RES_hh_emih!W7/RES_summary!W$19) -> 32.238055 | DA7: EMI_per_sqm.kgCO2.IT.Res.HH.Thermal.SH.Oil.Oil_LiqBio
A8: Natural gas | B8: =IF(RES_hh_emih!B8=0,0,RES_hh_emih!B8/RES_summary!B$19) -> 20.069655 | C8: =IF(RES_hh_emih!C8=0,0,RES_hh_emih!C8/RES_summary!C$19) -> 21.212505 | D8: =IF(RES_hh_emih!D8=0,0,RES_hh_emih!D8/RES_summary!D$19) -> 20.418526 | E8: =IF(RES_hh_emih!E8=0,0,RES_hh_emih!E8/RES_summary!E$19) -> 23.346195 | F8: =IF(RES_hh_emih!F8=0,0,RES_hh_emih!F8/RES_summary!F$19) -> 24.533589 | G8: =IF(RES_hh_emih!G8=0,0,RES_hh_emih!G8/RES_summary!G$19) -> 25.909529 | H8: =IF(RES_hh_emih!H8=0,0,RES_hh_emih!H8/RES_summary!H$19) -> 24.013787 | I8: =IF(RES_hh_emih!I8=0,0,RES_hh_emih!I8/RES_summary!I$19) -> 23.230592 | ... W8: =IF(RES_hh_emih!W8=0,0,RES_hh_emih!W8/RES_summary!W$19) -> 20.494961 | DA8: EMI_per_sqm.kgCO2.IT.Res.HH.Thermal.SH.Gas.NG_Biogas
A9: Biomass | B9: =IF(RES_hh_emih!B9=0,0,RES_hh_emih!B9/RES_summary!B$19) -> 0 | C9: =IF(RES_hh_emih!C9=0,0,RES_hh_emih!C9/RES_summary!C$19) -> 0 | D9: =IF(RES_hh_emih!D9=0,0,RES_hh_emih!D9/RES_summary!D$19) -> 0 | E9: =IF(RES_hh_emih!E9=0,0,RES_hh_emih!E9/RES_summary!E$19) -> 0 | F9: =IF(RES_hh_emih!F9=0,0,RES_hh_emih!F9/RES_summary!F$19) -> 0 | G9: =IF(RES_hh_emih!G9=0,0,RES_hh_emih!G9/RES_summary!G$19) -> 0 | H9: =IF(RES_hh_emih!H9=0,0,RES_hh_emih!H9/RES_summary!H$19) -> 0 | I9: =IF(RES_hh_emih!I9=0,0,RES_hh_emih!I9/RES_summary!I$19) -> 0 | ... W9: =IF(RES_hh_emih!W9=0,0,RES_hh_emih!W9/RES_summary!W$19) -> 0 | DA9: EMI_per_sqm.kgCO2.IT.Res.HH.Thermal.SH.Biomass.Biomass_Waste
