Workbook

Sheet cover
B6: JRC-IDEES-2021 - Integrated Database of the European Energy System
C10: Lithuania
C15: Services and Agriculture sector
L28: Prepared by JRC C.6
L30: 45432.787
L31: v2021-1.00
B33: Legal Notice
B35: The information made available is property of the Joint Research Centre of the European Commission.
B36: Neither the European Commission nor any person acting on behalf of the Commission is responsible for the use which might be made of this information.
B38: Use conditions
B39: This work is licensed under
B40: CC BY 4.0

Sheet index
A1: LT | B1: Lithuania
B3: Click on the link to jump to the sheet
B4: =HYPERLINK("#"&CELL("address",SER_summary!$B$2),MID(CELL("filename",SER_summary!$B$2),FIND("]",CELL("filename",SER_summary!$B$2))+1,256)) -> SER_summary | D4: Services sector summary
B6: Services sector: Thermal uses
B7: =HYPERLINK("#"&CELL("address",SER_hh_num!$B$2),MID(CELL("filename",SER_hh_num!$B$2),FIND("]",CELL("filename",SER_hh_num!$B$2))+1,256)) -> SER_hh_num | D7: Number of buildings
B8: =HYPERLINK("#"&CELL("address",SER_hh_fec!$B$2),MID(CELL("filename",SER_hh_fec!$B$2),FIND("]",CELL("filename",SER_hh_fec!$B$2))+1,256)) -> SER_hh_fec | D8: Final energy consumption
B9: =HYPERLINK("#"&CELL("address",SER_hh_tes!$B$2),MID(CELL("filename",SER_hh_tes!$B$2),FIND("]",CELL("filename",SER_hh_tes!$B$2))+1,256)) -> SER_hh_tes | D9: Thermal energy service
B10: =HYPERLINK("#"&CELL("address",SER_hh_eff!$B$2),MID(CELL("filename",SER_hh_eff!$B$2),FIND("]",CELL("filename",SER_hh_eff!$B$2))+1,256)) -> SER_hh_eff | D10: System efficiency indicator of total stock
B11: =HYPERLINK("#"&CELL("address",SER_hh_emi!$B$2),MID(CELL("filename",SER_hh_emi!$B$2),FIND("]",CELL("filename",SER_hh_emi!$B$2))+1,256)) -> SER_hh_emi | D11: CO2 emissions
B12: =HYPERLINK("#"&CELL("address",SER_hh_fech!$B$2),MID(CELL("filename",SER_hh_fech!$B$2),FIND("]",CELL("filename",SER_hh_fech!$B$2))+1,256)) -> SER_hh_fech | D12: Final energy consumption per building
B13: =HYPERLINK("#"&CELL("address",SER_hh_tesh!$B$2),MID(CELL("filename",SER_hh_tesh!$B$2),FIND("]",CELL("filename",SER_hh_tesh!$B$2))+1,256)) -> SER_hh_tesh | D13: Thermal energy service per building
B14: =HYPERLINK("#"&CELL("address",SER_hh_emih!$B$2),MID(CELL("filename",SER_hh_emih!$B$2),FIND("]",CELL("filename",SER_hh_emih!$B$2))+1,256)) -> SER_hh_emih | D14: CO2 emissions per building
B15: =HYPERLINK("#"&CELL("address",SER_hh_fecs!$B$2),MID(CELL("filename",SER_hh_fecs!$B$2),FIND("]",CELL("filename",SER_hh_fecs!$B$2))+1,256)) -> SER_hh_fecs | D15: Final energy consumption per useful surface area
B16: =HYPERLINK("#"&CELL("address",SER_hh_tess!$B$2),MID(CELL("filename",SER_hh_tess!$B$2),FIND("]",CELL("filename",SER_hh_tess!$B$2))+1,256)) -> SER_hh_tess | D16: Thermal energy service per useful surface area
B17: =HYPERLINK("#"&CELL("address",SER_hh_emis!$B$2),MID(CELL("filename",SER_hh_emis!$B$2),FIND("]",CELL("filename",SER_hh_emis!$B$2))+1,256)) -> SER_hh_emis | D17: CO2 emissions per useful surface area
B19: Services sector: Thermal uses in new and renovated buildings
B20: =HYPERLINK("#"&CELL("address",SER_hh_num_in!$B$2),MID(CELL("filename",SER_hh_num_in!$B$2),FIND("]",CELL("filename",SER_hh_num_in!$B$2))+1,256)) -> SER_hh_num_in | D20: Number of new and renovated buildings
B21: =HYPERLINK("#"&CELL("address",SER_hh_fec_in!$B$2),MID(CELL("filename",SER_hh_fec_in!$B$2),FIND("]",CELL("filename",SER_hh_fec_in!$B$2))+1,256)) -> SER_hh_fec_in | D21: Final energy consumption
B22: =HYPERLINK("#"&CELL("address",SER_hh_tes_in!$B$2),MID(CELL("filename",SER_hh_tes_in!$B$2),FIND("]",CELL("filename",SER_hh_tes_in!$B$2))+1,256)) -> SER_hh_tes_in | D22: Thermal energy service
B23: =HYPERLINK("#"&CELL("address",SER_hh_eff_in!$B$2),MID(CELL("filename",SER_hh_eff_in!$B$2),FIND("]",CELL("filename",SER_hh_eff_in!$B$2))+1,256)) -> SER_hh_eff_in | D23: System efficiency indicator of total stock
B24: =HYPERLINK("#"&CELL("address",SER_hh_emi_in!$B$2),MID(CELL("filename",SER_hh_emi_in!$B$2),FIND("]",CELL("filename",SER_hh_emi_in!$B$2))+1,256)) -> SER_hh_emi_in | D24: CO2 emissions
B25: =HYPERLINK("#"&CELL("address",SER_hh_fech_in!$B$2),MID(CELL("filename",SER_hh_fech_in!$B$2),FIND("]",CELL("filename",SER_hh_fech_in!$B$2))+1,256)) -> SER_hh_fech_in | D25: Final energy consumption per building
B26: =HYPERLINK("#"&CELL("address",SER_hh_tesh_in!$B$2),MID(CELL("filename",SER_hh_tesh_in!$B$2),FIND("]",CELL("filename",SER_hh_tesh_in!$B$2))+1,256)) -> SER_hh_tesh_in | D26: Thermal energy service per building
B27: =HYPERLINK("#"&CELL("address",SER_hh_emih_in!$B$2),MID(CELL("filename",SER_hh_emih_in!$B$2),FIND("]",CELL("filename",SER_hh_emih_in!$B$2))+1,256)) -> SER_hh_emih_in | D27: CO2 emissions per building
B28: =HYPERLINK("#"&CELL("address",SER_hh_fecs_in!$B$2),MID(CELL("filename",SER_hh_fecs_in!$B$2),FIND("]",CELL("filename",SER_hh_fecs_in!$B$2))+1,256)) -> SER_hh_fecs_in | D28: Final energy consumption per useful surface area
B29: =HYPERLINK("#"&CELL("address",SER_hh_tess_in!$B$2),MID(CELL("filename",SER_hh_tess_in!$B$2),FIND("]",CELL("filename",SER_hh_tess_in!$B$2))+1,256)) -> SER_hh_tess_in | D29: Thermal energy service per useful surface area
B30: =HYPERLINK("#"&CELL("address",SER_hh_emis_in!$B$2),MID(CELL("filename",SER_hh_emis_in!$B$2),FIND("]",CELL("filename",SER_hh_emis_in!$B$2))+1,256)) -> SER_hh_emis_in | D30: CO2 emissions per useful surface area
B32: Services sector: Specific electric uses
B33: =HYPERLINK("#"&CELL("address",'SER_se-appl'!$B$2),MID(CELL("filename",'SER_se-appl'!$B$2),FIND("]",CELL("filename",'SER_se-appl'!$B$2))+1,256)) -> SER_se-appl | D33: Services / specific electric uses
B34: =HYPERLINK("#"&CELL("address",SER_VE!$B$2),MID(CELL("filename",SER_VE!$B$2),FIND("]",CELL("filename",SER_VE!$B$2))+1,256)) -> SER_VE | D34: Ventilation and others
B35: =HYPERLINK("#"&CELL("address",SER_SL!$B$2),MID(CELL("filename",SER_SL!$B$2),FIND("]",CELL("filename",SER_SL!$B$2))+1,256)) -> SER_SL | D35: Street lighting
B36: =HYPERLINK("#"&CELL("address",SER_BL!$B$2),MID(CELL("filename",SER_BL!$B$2),FIND("]",CELL("filename",SER_BL!$B$2))+1,256)) -> SER_BL | D36: Building lighting
B37: =HYPERLINK("#"&CELL("address",SER_CR!$B$2),MID(CELL("filename",SER_CR!$B$2),FIND("]",CELL("filename",SER_CR!$B$2))+1,256)) -> SER_CR | D37: Commercial refrigeration
B38: =HYPERLINK("#"&CELL("address",SER_BT!$B$2),MID(CELL("filename",SER_BT!$B$2),FIND("]",CELL("filename",SER_BT!$B$2))+1,256)) -> SER_BT | D38: Miscellaneous building technologies
B39: =HYPERLINK("#"&CELL("address",SER_IT!$B$2),MID(CELL("filename",SER_IT!$B$2),FIND("]",CELL("filename",SER_IT!$B$2))+1,256)) -> SER_IT | D39: ICT and multimedia
B41: Agriculture, forestry and fishing
B42: =HYPERLINK("#"&CELL("address",AGR!$B$2),MID(CELL("filename",AGR!$B$2),FIND("]",CELL("filename",AGR!$B$2))+1,256)) -> AGR | D42: Agriculture, forestry and fishing summary
B43: =HYPERLINK("#"&CELL("address",AGR_fec!$B$2),MID(CELL("filename",AGR_fec!$B$2),FIND("]",CELL("filename",AGR_fec!$B$2))+1,256)) -> AGR_fec | D43: detailed split of final energy consumption
B44: =HYPERLINK("#"&CELL("address",AGR_ued!$B$2),MID(CELL("filename",AGR_ued!$B$2),FIND("]",CELL("filename",AGR_ued!$B$2))+1,256)) -> AGR_ued | D44: detailed split of useful energy demand
B45: =HYPERLINK("#"&CELL("address",AGR_emi!$B$2),MID(CELL("filename",AGR_emi!$B$2),FIND("]",CELL("filename",AGR_emi!$B$2))+1,256)) -> AGR_emi | D45: detailed split of CO2 emissions

Sheet SER_summary
A1: LT - Services sector summary | B1: 2000 | C1: 2001 | D1: 2002 | E1: 2003 | F1: 2004 | G1: 2005 | H1: 2006 | I1: 2007 | J1: 2008 | K1: 2009 | L1: 2010 | M1: 2011 | N1: 2012 | O1: 2013 | P1: 2014 | Q1: 2015 | R1: 2016 | S1: 2017 | T1: 2018 | U1: 2019 | V1: 2020 | W1: 2021 | DA1: Code
A3: Population (inhabitants) | B3: 3512074 | C3: 3486998 | D3: 3454637 | E3: 3431497 | F3: 3398929 | G3: 3355220 | H3: 3289835 | I3: 3249983 | J3: 3212605 | K3: 3183856 | L3: 3141976 | M3: 3052588 | N3: 3003641 | O3: 2971905 | P3: 2943472 | Q3: 2921262 | R3: 2888558 | S3: 2847904 | T3: 2808901 | U3: 2794184 | V3: 2794090 | W3: 2795680 | DA3: Macro.number.LT.Population
A4: Gross domestic product (M€2015) | B4: 20260.324 | C4: 21582.613 | D4: 23039.485 | E4: 25473.823 | F4: 27147.349 | G4: 29246.393 | H4: 31415.119 | I4: 34904.471 | J4: 35817.011 | K4: 30502.036 | L4: 31005.696 | M4: 32878.26 | N4: 34142.209 | O4: 35354.152 | P4: 36604.727 | Q4: 37345.7 | R4: 38286.505 | S4: 39925.864 | T4: 41520.512 | U4: 43457.483 | V4: 43446.96 | W4: 46177.324 | DA4: Macro.Meuro2015.LT.GDP
A5: Value added (M€2015) | B5: 11689.376 | C5: 12456.813 | D5: 13501.978 | E5: 14673.821 | F5: 15322.368 | G5: 16450.485 | H5: 17663.439 | I5: 19844.947 | J5: 20570.464 | K5: 19053.193 | L5: 18848.636 | M5: 19226.756 | N5: 19870.527 | O5: 20971.162 | P5: 21686.428 | Q5: 22371.8 | R5: 23344.3 | S5: 24184.706 | T5: 25537.712 | U5: 26751.49 | V5: 26716.543 | W5: 28436.42 | DA5: Macro.Meuro2015.LT.VA
A6: Employment data (employees) | B6: 794050 | C6: 781210 | D6: 789560 | E6: 798200 | F6: 813210 | G6: 831660 | H6: 810420 | I6: 883550 | J6: 901680 | K6: 864750 | L6: 849050 | M6: 860100 | N6: 869500 | O6: 880720 | P6: 895850 | Q6: 906510 | R6: 945150 | S6: 939260 | T6: 954380 | U6: 970720 | V6: 968040 | W6: 971680 | DA6: Macro.number.LT.Employees
A8: Number of representative building cells | B8: 29446.326 | C8: 30758.893 | D8: 32329.096 | E8: 34700.491 | F8: 36690.252 | G8: 38912.258 | H8: 40476.339 | I8: 44681.766 | J8: 46652.674 | K8: 46561.275 | L8: 46983.491 | M8: 47951.164 | N8: 48420.48 | O8: 49023.236 | P8: 49862.069 | Q8: 50249.833 | R8: 50613.842 | S8: 51033.922 | T8: 51394.556 | U8: 51662.788 | V8: 51822.172 | W8: 51895.583 | DA8: NUM.number.LT.Ser.Bld
A9: Total services useful surface area (in 000 sqm) | B9: 26501.693 | C9: 27683.004 | D9: 29096.186 | E9: 31230.442 | F9: 33021.227 | G9: 35021.032 | H9: 36428.705 | I9: 40213.589 | J9: 41987.406 | K9: 41905.148 | L9: 42285.141 | M9: 43156.048 | N9: 43578.432 | O9: 44120.912 | P9: 44875.862 | Q9: 45224.85 | R9: 45552.458 | S9: 45930.529 | T9: 46255.1 | U9: 46496.509 | V9: 46639.955 | W9: 46706.025 | DA9: SurfaceArea.ksqm.LT.Ser.Bld
A10: Number of new and renovated buildings | C10: 1430.4074 | D10: 1692.952 | E10: 2500.4578 | F10: 2128.6432 | G10: 2368.604 | H10: 1719.7985 | I10: 4367.4558 | J10: 2149.7718 | K10: 186.57952 | L10: 608.79466 | M10: 1155.6559 | N10: 660.8057 | O10: 796.34943 | P10: 1035.2328 | Q10: 586.96905 | R10: 621.70007 | S10: 679.63803 | T10: 622.34655 | U10: 531.79432 | V10: 424.32143 | W10: 339.1656 | DA10: NUM.number.LT.Ser.BldNew
A11: New and renovated buildings useful surface area (in 000 sqm) | C11: 1287.3666 | D11: 1523.6568 | E11: 2250.412 | F11: 1915.7789 | G11: 2131.7436 | H11: 1547.8187 | I11: 3930.7102 | J11: 1934.7947 | K11: 167.92157 | L11: 547.9152 | M11: 1040.0903 | N11: 594.72513 | O11: 716.71449 | P11: 931.7095 | Q11: 528.27214 | R11: 559.53006 | S11: 611.67423 | T11: 560.11189 | U11: 478.61489 | V11: 381.88929 | W11: 305.24904 | DA11: SurfaceArea.ksqm.LT.Ser.BldNew
A13: Actual heating degree-days | B13: 3566.72 | C13: 4011.72 | D13: 3834.5 | E13: 4085.35 | F13: 4071.09 | G13: 4020.15 | H13: 3892.89 | I13: 3739.7 | J13: 3555.94 | K13: 3949.81 | L13: 4415 | M13: 3767.86 | N13: 4081.27 | O13: 3873.17 | P13: 3729.28 | Q13: 3523.32 | R13: 3829.94 | S13: 3761.5 | T13: 3687.57 | U13: 3391.36 | V13: 3305.64 | W13: 4016.22 | DA13: HDD.Celsius.LT.Actual
A14: Mean heating degree-days over period 2000- 2020 | B14: =AVERAGE($B$13:$V$13) -> 3813.9895 | C14: =AVERAGE($B$13:$V$13) -> 3813.9895 | D14: =AVERAGE($B$13:$V$13) -> 3813.9895 | E14: =AVERAGE($B$13:$V$13) -> 3813.9895 | F14: =AVERAGE($B$13:$V$13) -> 3813.9895 | G14: =AVERAGE($B$13:$V$13) -> 3813.9895 | H14: =AVERAGE($B$13:$V$13) -> 3813.9895 | I14: =AVERAGE($B$13:$V$13) -> 3813.9895 | ... W14: =AVERAGE($B$13:$V$13) -> 3813.9895 | DA14: HDD.Celsius.LT.Mean
A15: Relative heating degree-days | B15: =B13/B14 -> 0.93516775 | C15: =C13/C14 -> 1.0518435 | D15: =D13/D14 -> 1.0053777 | E15: =E13/E14 -> 1.0711487 | F15: =F13/F14 -> 1.0674099 | G15: =G13/G14 -> 1.0540538 | H15: =H13/H14 -> 1.0206871 | I15: =I13/I14 -> 0.98052183 | ... W15: =W13/W14 -> 1.0530233 | DA15: HDD.ratio.LT.Relative
A17: Indicators
A19: GDP per capita (€2015) | B19: =B4*1000000/B3 -> 5768.7635 | C19: =C4*1000000/C3 -> 6189.4539 | D19: =D4*1000000/D3 -> 6669.148 | E19: =E4*1000000/E3 -> 7423.5305 | F19: =F4*1000000/F3 -> 7987.0302 | G19: =G4*1000000/G3 -> 8716.6841 | H19: =H4*1000000/H3 -> 9549.1473 | I19: =I4*1000000/I3 -> 10739.893 | ... W19: =W4*1000000/W3 -> 16517.385
A20: Value added per employee (€2015) | B20: =B5*1000000/B6 -> 14721.209 | C20: =C5*1000000/C6 -> 15945.537 | D20: =D5*1000000/D6 -> 17100.636 | E20: =E5*1000000/E6 -> 18383.64 | F20: =F5*1000000/F6 -> 18841.834 | G20: =G5*1000000/G6 -> 19780.301 | H20: =H5*1000000/H6 -> 21795.414 | I20: =I5*1000000/I6 -> 22460.469 | ... W20: =W5*1000000/W6 -> 29265.211
A21: Value added per capita (€2015) | B21: =B5*1000000/B3 -> 3328.3399 | C21: =C5*1000000/C3 -> 3572.3603 | D21: =D5*1000000/D3 -> 3908.3637 | E21: =E5*1000000/E3 -> 4276.2156 | F21: =F5*1000000/F3 -> 4507.9988 | G21: =G5*1000000/G3 -> 4902.9528 | H21: =H5*1000000/H3 -> 5369.0958 | I21: =I5*1000000/I3 -> 6106.1695 | ... W21: =W5*1000000/W3 -> 10171.558
A22: Value added per capita relative to EU | B22: 0.22877219 | C22: 0.23930579 | D22: 0.25682652 | E22: 0.27788057 | F22: 0.28623656 | G22: 0.30514044 | H22: 0.32471074 | I22: 0.35838194 | J22: 0.37092849 | K22: 0.35463399 | L22: 0.35076465 | M22: 0.3614182 | N22: 0.38076243 | O22: 0.40460521 | P22: 0.41698454 | Q22: 0.42721168 | R22: 0.44362722 | S22: 0.4541831 | T22: 0.47619399 | U22: 0.49206675 | V22: 0.52062183 | W22: 0.5256406
A23: Representative building cell size (employees/representative building cell) | B23: =B6/B8 -> 26.966013 | C23: =C6/C8 -> 25.397858 | D23: =D6/D8 -> 24.422582 | E23: =E6/E8 -> 23.002556 | F23: =F6/F8 -> 22.164198 | G23: =G6/G8 -> 21.3727 | H23: =H6/H8 -> 20.022068 | I23: =I6/I8 -> 19.774286 | ... W23: =W6/W8 -> 18.723751
A24: Services useful surface area (in sqm/capita) | B24: =B9*1000/B3 -> 7.5458812 | C24: =C9*1000/C3 -> 7.9389217 | D24: =D9*1000/D3 -> 8.422357 | E24: =E9*1000/E3 -> 9.101113 | F24: =F9*1000/F3 -> 9.7151857 | G24: =G9*1000/G3 -> 10.437775 | H24: =H9*1000/H3 -> 11.07311 | I24: =I9*1000/I3 -> 12.373477 | ... W24: =W9*1000/W3 -> 16.706499
A25: Services useful surface area (in sqm/employee) | B25: =B9*1000/B6 -> 33.375346 | C25: =C9*1000/C6 -> 35.43606 | D25: =D9*1000/D6 -> 36.85114 | E25: =E9*1000/E6 -> 39.126086 | F25: =F9*1000/F6 -> 40.606026 | G25: =G9*1000/G6 -> 42.109795 | H25: =H9*1000/H6 -> 44.950403 | I25: =I9*1000/I6 -> 45.513654 | ... W25: =W9*1000/W6 -> 48.06729
A26: Services useful surface area (in sqm/representative building cell) | B26: =B9*1000/B8 -> 900 | C26: =C9*1000/C8 -> 900 | D26: =D9*1000/D8 -> 900 | E26: =E9*1000/E8 -> 900 | F26: =F9*1000/F8 -> 900 | G26: =G9*1000/G8 -> 900 | H26: =H9*1000/H8 -> 900 | I26: =I9*1000/I8 -> 900 | ... W26: =W9*1000/W8 -> 900
A27: New and renovated buildings useful surface area (in sqm/representative building cell) | B27: =IF(SUM(B11)=0,"",B11*1000/B10) | C27: =IF(SUM(C11)=0,"",C11*1000/C10) -> 900 | D27: =IF(SUM(D11)=0,"",D11*1000/D10) -> 900 | E27: =IF(SUM(E11)=0,"",E11*1000/E10) -> 900 | F27: =IF(SUM(F11)=0,"",F11*1000/F10) -> 900 | G27: =IF(SUM(G11)=0,"",G11*1000/G10) -> 900 | H27: =IF(SUM(H11)=0,"",H11*1000/H10) -> 900 | I27: =IF(SUM(I11)=0,"",I11*1000/I10) -> 900 | ... W27: =IF(SUM(W11)=0,"",W11*1000/W10) -> 900
A29: Energy consumption
A31: Energy consumption by fuel - Eurostat structure (ktoe) | B31: =SUM(B32:B33,B36:B37,B44:B45) -> 469.13121 | C31: =SUM(C32:C33,C36:C37,C44:C45) -> 477.73534 | D31: =SUM(D32:D33,D36:D37,D44:D45) -> 495.86071 | E31: =SUM(E32:E33,E36:E37,E44:E45) -> 522.72794 | F31: =SUM(F32:F33,F36:F37,F44:F45) -> 548.56064 | G31: =SUM(G32:G33,G36:G37,G44:G45) -> 565.3742 | H31: =SUM(H32:H33,H36:H37,H44:H45) -> 610.58325 | I31: =SUM(I32:I33,I36:I37,I44:I45) -> 632.20139 | ... W31: =SUM(W32:W33,W36:W37,W44:W45) -> 635.54262 | DA31: FEC.ktoe.LT.ES.Ser
A32: Solids | B32: 44.818401 | C32: 37.033878 | D32: 43.384007 | E32: 43.926311 | F32: 43.252365 | G32: 50.701978 | H32: 68.093293 | I32: 51.945916 | J32: 39.482717 | K32: 48.63319 | L32: 49.106965 | M32: 58.618143 | N32: 40.98693 | O32: 47.942132 | P32: 41.944626 | Q32: 31.328461 | R32: 38.243508 | S32: 39.788822 | T32: 41.187016 | U32: 34.636113 | V32: 22.883749 | W32: 27.925365 | DA32: FEC.ktoe.LT.ES.Ser.Solids
A33: Liquids | B33: =SUM(B34:B35) -> 19.891745 | C33: =SUM(C34:C35) -> 14.060619 | D33: =SUM(D34:D35) -> 15.145142 | E33: =SUM(E34:E35) -> 9.91135 | F33: =SUM(F34:F35) -> 10.143078 | G33: =SUM(G34:G35) -> 7.1135856 | H33: =SUM(H34:H35) -> 6.0917455 | I33: =SUM(I34:I35) -> 6.0306965 | ... W33: =SUM(W34:W35) -> 2.9952709
A34: Liquified petroleum gas (LPG) | B34: 0 | C34: 0 | D34: 0 | E34: 0 | F34: 0 | G34: 0 | H34: 0 | I34: 0 | J34: 0 | K34: 0 | L34: 0 | M34: 0 | N34: 0 | O34: 0 | P34: 0 | Q34: 0 | R34: 0 | S34: 0 | T34: 0 | U34: 0 | V34: 0 | W34: 0 | DA34: FEC.ktoe.LT.ES.Ser.LPG
A35: Diesel oil and other liquids (without biofuels) | B35: 19.891745 | C35: 14.060619 | D35: 15.145142 | E35: 9.91135 | F35: 10.143078 | G35: 7.1135856 | H35: 6.0917455 | I35: 6.0306965 | J35: 9.1578676 | K35: 3.0142734 | L35: 4.0360275 | M35: 5.0647463 | N35: 3.0861565 | O35: 3.0861565 | P35: 4.1148753 | Q35: 2.0473775 | R35: 2.0473775 | S35: 2.3715391 | T35: 1.7670679 | U35: 2.2751505 | V35: 2.5843508 | W35: 2.9952709 | DA35: FEC.ktoe.LT.ES.Ser.Oil
A36: Natural gas | B36: 31.104901 | C36: 33.920894 | D36: 38.478074 | E36: 40.004299 | F36: 51.913156 | G36: 50.580396 | H36: 53.826311 | I36: 71.990542 | J36: 68.615649 | K36: 62.145314 | L36: 66.401548 | M36: 60.146174 | N36: 63.263113 | O36: 63.198624 | P36: 53.8908 | Q36: 61.50043 | R36: 65.477214 | S36: 68.852966 | T36: 73.107825 | U36: 72.593895 | V36: 69.345744 | W36: 72.463371 | DA36: FEC.ktoe.LT.ES.Ser.NG
A37: Renewable energies and wastes | B37: =SUM(B38:B42) -> 40.675494 | C37: =SUM(C38:C42) -> 39.672313 | D37: =SUM(D38:D42) -> 39.743938 | E37: =SUM(E38:E42) -> 34.417627 | F37: =SUM(F38:F42) -> 31.264918 | G37: =SUM(G38:G42) -> 31.724678 | H37: =SUM(H38:H42) -> 31.270851 | I37: =SUM(I38:I42) -> 29.766122 | ... W37: =SUM(W38:W42) -> 39.508942
A38: Biomass and waste | B38: 40.675494 | C38: 39.672313 | D38: 38.9319 | E38: 33.486156 | F38: 30.954428 | G38: 31.175322 | H38: 30.649871 | I38: 29.049613 | J38: 30.682115 | K38: 29.397163 | L38: 30.037231 | M38: 32.545142 | N38: 33.505331 | O38: 35.32055 | P38: 33.863629 | Q38: 33.763285 | R38: 34.694755 | S38: 30.759587 | T38: 31.792261 | U38: 31.307911 | V38: 33.529149 | W38: 33.752794 | DA38: FEC.ktoe.LT.ES.Ser.Biomass_Waste
A39: Biogas | B39: 0 | C39: 0 | D39: 0.81203783 | E39: 0.93147034 | F39: 0.31049011 | G39: 0.54935512 | H39: 0.62098022 | I39: 0.71650903 | J39: 0.83594153 | K39: 1.2419604 | L39: 1.6718831 | M39: 1.9346518 | N39: 1.8868444 | O39: 2.1018057 | P39: 4.4663801 | Q39: 4.5619948 | R39: 5.2546002 | S39: 4.7769561 | T39: 4.8485813 | U39: 4.6813414 | V39: 4.6575236 | W39: 5.7561479 | DA39: FEC.ktoe.LT.ES.Ser.Biogas
A40: Liquid biofuels | B40: 0 | C40: 0 | D40: 0 | E40: 0 | F40: 0 | G40: 0 | H40: 0 | I40: 0 | J40: 0 | K40: 0 | L40: 0 | M40: 0 | N40: 0 | O40: 0 | P40: 0 | Q40: 0 | R40: 0 | S40: 0 | T40: 0 | U40: 0 | V40: 0 | W40: 0 | DA40: FEC.ktoe.LT.ES.Ser.LiqBio
A41: Solar | B41: 0 | C41: 0 | D41: 0 | E41: 0 | F41: 0 | G41: 0 | H41: 0 | I41: 0 | J41: 0 | K41: 0 | L41: 0 | M41: 0 | N41: 0 | O41: 0 | P41: 0 | Q41: 0 | R41: 0 | S41: 0 | T41: 0 | U41: 0 | V41: 0 | W41: 0 | DA41: FEC.ktoe.LT.ES.Ser.Solar
A42: Geothermal | B42: 0 | C42: 0 | D42: 0 | E42: 0 | F42: 0 | G42: 0 | H42: 0 | I42: 0 | J42: 0 | K42: 0 | L42: 0 | M42: 0 | N42: 0 | O42: 0 | P42: 0 | Q42: 0 | R42: 0 | S42: 0 | T42: 0 | U42: 0 | V42: 0 | W42: 0 | DA42: FEC.ktoe.LT.ES.Ser.Geo
A43: Ambient heat | B43: 0.0016571062 | C43: 0.0028301713 | D43: 0.0048326509 | E43: 0.011208038 | F43: 0.017093407 | G43: 0.026671976 | H43: 0.037014749 | I43: 0.049835138 | J43: 0.093339487 | K43: 0.11019058 | L43: 0.12988281 | M43: 0.25427627 | N43: 0.41660091 | O43: 0.60685987 | P43: 1.0137212 | Q43: 1.1413728 | R43: 1.2303781 | S43: 1.2818034 | T43: 1.3613929 | U43: 1.4092003 | V43: 1.4092003 | W43: 2.9616509 | DA43: FEC.ktoe.LT.ES.Ser.Ambient
A44: Distributed heat | B44: 167.98031 | C44: 177.72519 | D44: 174.9307 | E44: 186.29983 | F44: 189.57197 | G44: 190.86174 | H44: 204.33267 | I44: 210.90095 | J44: 178.91943 | K44: 192.27094 | L44: 205.33586 | M44: 170.63147 | N44: 199.57962 | O44: 171.1331 | P44: 169.58057 | Q44: 174.30972 | R44: 173.71264 | S44: 202.15916 | T44: 201.6098 | U44: 175.12184 | V44: 157.82941 | W44: 197.50163 | DA44: FEC.ktoe.LT.ES.Ser.Steam_Distr
A45: Electricity | B45: 164.66036 | C45: 175.32244 | D45: 184.17885 | E45: 208.16853 | F45: 222.41515 | G45: 234.39183 | H45: 246.96838 | I45: 261.56717 | J45: 281.0417 | K45: 256.24744 | L45: 245.89488 | M45: 255.63592 | N45: 269.76228 | O45: 265.95876 | P45: 272.84586 | Q45: 263.03718 | R45: 277.75121 | S45: 279.36342 | T45: 289.17664 | U45: 295.86749 | V45: 276.07337 | W45: 295.14804 | DA45: FEC.ktoe.LT.ES.Ser.Elec
A47: Energy consumption by end-uses (ktoe) | B47: =SUM(B48,B53) -> 469.13121 | C47: =SUM(C48,C53) -> 477.73534 | D47: =SUM(D48,D53) -> 495.86071 | E47: =SUM(E48,E53) -> 522.72794 | F47: =SUM(F48,F53) -> 548.56064 | G47: =SUM(G48,G53) -> 565.3742 | H47: =SUM(H48,H53) -> 610.58325 | I47: =SUM(I48,I53) -> 632.20139 | ... W47: =SUM(W48,W53) -> 635.54262 | DA47: FEC.ktoe.LT.Ser
A48: Thermal uses | B48: =SUM(B49:B52) -> 363.55794 | C48: =SUM(C49:C52) -> 364.59995 | D48: =SUM(D49:D52) -> 373.92978 | E48: =SUM(E49:E52) -> 387.86885 | F48: =SUM(F49:F52) -> 402.75788 | G48: =SUM(G49:G52) -> 408.5766 | H48: =SUM(H49:H52) -> 444.79778 | I48: =SUM(I49:I52) -> 452.2568 | ... W48: =SUM(W49:W52) -> 414.81236 | DA48: FEC.ktoe.LT.Ser.Bld.Thermal
A49: Space heating | B49: 298.90577 | C49: 298.05987 | D49: 304.33582 | E49: 315.14549 | F49: 325.6978 | G49: 326.52385 | H49: 356.22845 | I49: 358.03543 | J49: 323.13767 | K49: 308.12038 | L49: 316.83982 | M49: 293.78963 | N49: 313.96846 | O49: 287.71701 | P49: 273.93713 | Q49: 261.44023 | R49: 281.26498 | S49: 304.96785 | T49: 318.87961 | U49: 289.78103 | V49: 261.43423 | W49: 311.53321 | DA49: FEC.ktoe.LT.Ser.Bld.Thermal.SH
A50: Cooling | B50: 1.1653528 | C50: 1.2864018 | D50: 1.468984 | E50: 1.3959411 | F50: 1.4727327 | G50: 1.5635674 | H50: 1.8294184 | I50: 1.7999062 | J50: 1.8533572 | K50: 1.9351536 | L50: 2.5037096 | M50: 2.0127903 | N50: 2.2016188 | O50: 2.0526802 | P50: 2.2837077 | Q50: 2.212246 | R50: 2.108072 | S50: 2.0847476 | T50: 2.2331341 | U50: 2.2013002 | V50: 2.1547339 | W50: 2.5695617 | DA50: FEC.ktoe.LT.Ser.Bld.Thermal.SC
A51: Hot water | B51: 31.374172 | C51: 32.535269 | D51: 33.960272 | E51: 35.773392 | F51: 38.898523 | G51: 41.763393 | H51: 44.839948 | I51: 47.768453 | J51: 50.277845 | K51: 50.311108 | L51: 51.231688 | M51: 52.458451 | N51: 53.380781 | O51: 54.084089 | P51: 54.750187 | Q51: 55.273059 | R51: 56.073522 | S51: 56.352219 | T51: 56.029508 | U51: 55.549752 | V51: 48.772157 | W51: 54.261988 | DA51: FEC.ktoe.LT.Ser.Bld.Thermal.HW
A52: Catering | B52: 32.112639 | C52: 32.718413 | D52: 34.164705 | E52: 35.554027 | F52: 36.688831 | G52: 38.725787 | H52: 41.899967 | I52: 44.653013 | J52: 45.44749 | K52: 44.662795 | L52: 43.927501 | M52: 43.785204 | N52: 44.800491 | O52: 42.932976 | P52: 42.777771 | Q52: 40.874163 | R52: 42.743362 | S52: 41.016408 | T52: 42.934015 | U52: 43.700417 | V52: 40.325682 | W52: 46.447606 | DA52: FEC.ktoe.LT.Ser.Bld.Thermal.CA
A53: Specific electricity uses | B53: 105.57327 | C53: 113.13539 | D53: 121.93093 | E53: 134.8591 | F53: 145.80275 | G53: 156.7976 | H53: 165.78547 | I53: 179.94459 | J53: 188.01906 | K53: 187.92085 | L53: 187.98167 | M53: 192.53018 | N53: 197.71893 | O53: 201.95438 | P53: 206.95794 | Q53: 210.74875 | R53: 214.99137 | S53: 223.65123 | T53: 223.41292 | U53: 225.25124 | V53: 214.21649 | W53: 220.73026 | DA53: FEC.ktoe.LT.Ser.SEU
A55: Shares of energy consumption in end-uses (in %) | B55: =IF(B47=0,0,B47/B$47) -> 1 | C55: =IF(C47=0,0,C47/C$47) -> 1 | D55: =IF(D47=0,0,D47/D$47) -> 1 | E55: =IF(E47=0,0,E47/E$47) -> 1 | F55: =IF(F47=0,0,F47/F$47) -> 1 | G55: =IF(G47=0,0,G47/G$47) -> 1 | H55: =IF(H47=0,0,H47/H$47) -> 1 | I55: =IF(I47=0,0,I47/I$47) -> 1 | ... W55: =IF(W47=0,0,W47/W$47) -> 1
A56: Thermal uses | B56: =IF(B48=0,0,B48/B$47) -> 0.77496003 | C56: =IF(C48=0,0,C48/C$47) -> 0.76318396 | D56: =IF(D48=0,0,D48/D$47) -> 0.75410246 | E56: =IF(E48=0,0,E48/E$47) -> 0.74200902 | F56: =IF(F48=0,0,F48/F$47) -> 0.7342085 | G56: =IF(G48=0,0,G48/G$47) -> 0.7226658 | H56: =IF(H48=0,0,H48/H$47) -> 0.72848015 | I56: =IF(I48=0,0,I48/I$47) -> 0.71536825 | ... W56: =IF(W48=0,0,W48/W$47) -> 0.65269008
A57: Space heating | B57: =IF(B49=0,0,B49/B$47) -> 0.63714749 | C57: =IF(C49=0,0,C49/C$47) -> 0.62390165 | D57: =IF(D49=0,0,D49/D$47) -> 0.61375264 | E57: =IF(E49=0,0,E49/E$47) -> 0.60288625 | F57: =IF(F49=0,0,F49/F$47) -> 0.59373162 | G57: =IF(G49=0,0,G49/G$47) -> 0.57753582 | H57: =IF(H49=0,0,H49/H$47) -> 0.58342322 | I57: =IF(I49=0,0,I49/I$47) -> 0.56633129 | ... W57: =IF(W49=0,0,W49/W$47) -> 0.4901846
A58: Cooling | B58: =IF(B50=0,0,B50/B$47) -> 0.0024840658 | C58: =IF(C50=0,0,C50/C$47) -> 0.002692708 | D58: =IF(D50=0,0,D50/D$47) -> 0.0029624933 | E58: =IF(E50=0,0,E50/E$47) -> 0.0026704926 | F58: =IF(F50=0,0,F50/F$47) -> 0.0026847218 | G58: =IF(G50=0,0,G50/G$47) -> 0.0027655442 | H58: =IF(H50=0,0,H50/H$47) -> 0.0029961818 | I58: =IF(I50=0,0,I50/I$47) -> 0.0028470457 | ... W58: =IF(W50=0,0,W50/W$47) -> 0.0040430989
A59: Hot water | B59: =IF(B51=0,0,B51/B$47) -> 0.06687718 | C59: =IF(C51=0,0,C51/C$47) -> 0.068103124 | D59: =IF(D51=0,0,D51/D$47) -> 0.068487524 | E59: =IF(E51=0,0,E51/E$47) -> 0.068435966 | F59: =IF(F51=0,0,F51/F$47) -> 0.070910161 | G59: =IF(G51=0,0,G51/G$47) -> 0.073868586 | H59: =IF(H51=0,0,H51/H$47) -> 0.073437894 | I59: =IF(I51=0,0,I51/I$47) -> 0.075558919 | ... W59: =IF(W51=0,0,W51/W$47) -> 0.085378991
A60: Catering | B60: =IF(B52=0,0,B52/B$47) -> 0.068451296 | C60: =IF(C52=0,0,C52/C$47) -> 0.068486483 | D60: =IF(D52=0,0,D52/D$47) -> 0.068899803 | E60: =IF(E52=0,0,E52/E$47) -> 0.068016312 | F60: =IF(F52=0,0,F52/F$47) -> 0.066881998 | G60: =IF(G52=0,0,G52/G$47) -> 0.068495851 | H60: =IF(H52=0,0,H52/H$47) -> 0.068622856 | I60: =IF(I52=0,0,I52/I$47) -> 0.070630994 | ... W60: =IF(W52=0,0,W52/W$47) -> 0.073083384
A61: Specific electricity uses | B61: =IF(B53=0,0,B53/B$47) -> 0.22503997 | C61: =IF(C53=0,0,C53/C$47) -> 0.23681604 | D61: =IF(D53=0,0,D53/D$47) -> 0.24589754 | E61: =IF(E53=0,0,E53/E$47) -> 0.25799098 | F61: =IF(F53=0,0,F53/F$47) -> 0.2657915 | G61: =IF(G53=0,0,G53/G$47) -> 0.2773342 | H61: =IF(H53=0,0,H53/H$47) -> 0.27151985 | I61: =IF(I53=0,0,I53/I$47) -> 0.28463175 | ... W61: =IF(W53=0,0,W53/W$47) -> 0.34730992
A63: Emissions
A65: Emissions by fuel - Eurostat structure (kt of CO2) | B65: 315.67891 | C65: 272.36534 | D65: 311.5897 | E65: 301.74478 | F65: 327.47221 | G65: 345.18161 | H65: 419.55001 | I65: 397.85393 | J65: 349.58853 | K65: 352.03592 | L65: 367.606 | M65: 393.08049 | N65: 324.88743 | O65: 352.51133 | P65: 309.77472 | Q65: 277.68165 | R65: 314.90964 | S65: 330.02766 | T65: 344.19285 | U65: 317.71727 | V65: 263.4485 | W65: 292.38061 | DA65: EMI.ktCO2.LT.ES.Ser
A66: Solids | B66: 180.21602 | C66: 149.00366 | D66: 174.37455 | E66: 176.55425 | F66: 174.1782 | G66: 204.35757 | H66: 274.27216 | I66: 209.88373 | J66: 160.02711 | K66: 196.58559 | L66: 198.9897 | M66: 235.96527 | N66: 166.72081 | O66: 194.49618 | P66: 170.43023 | Q66: 126.87794 | R66: 154.76528 | S66: 161.06079 | T66: 167.11785 | U66: 140.26424 | V66: 92.665423 | W66: 113.00955 | DA66: EMI.ktCO2.LT.ES.Ser.Solids
A67: Liquids | B67: =SUM(B68:B69) -> 62.403857 | C67: =SUM(C68:C69) -> 43.68846 | D67: =SUM(D68:D69) -> 46.838042 | E67: =SUM(E68:E69) -> 31.228641 | F67: =SUM(F68:F69) -> 31.360659 | G67: =SUM(G68:G69) -> 22.021071 | H67: =SUM(H68:H69) -> 18.850895 | I67: =SUM(I68:I69) -> 18.879195 | ... W67: =SUM(W68:W69) -> 9.169475
A68: Liquified petroleum gas (LPG) | B68: 0 | C68: 0 | D68: 0 | E68: 0 | F68: 0 | G68: 0 | H68: 0 | I68: 0 | J68: 0 | K68: 0 | L68: 0 | M68: 0 | N68: 0 | O68: 0 | P68: 0 | Q68: 0 | R68: 0 | S68: 0 | T68: 0 | U68: 0 | V68: 0 | W68: 0 | DA68: EMI.ktCO2.LT.ES.Ser.LPG
A69: Diesel oil and other liquids (without biofuels) | B69: 62.403857 | C69: 43.68846 | D69: 46.838042 | E69: 31.228641 | F69: 31.360659 | G69: 22.021071 | H69: 18.850895 | I69: 18.879195 | J69: 28.397345 | K69: 9.4837392 | L69: 12.652686 | M69: 15.844203 | N69: 9.5745499 | O69: 9.5745499 | P69: 12.766067 | Q69: 6.3518224 | R69: 6.3518224 | S69: 7.2453827 | T69: 5.3597268 | U69: 6.9448705 | V69: 7.9041568 | W69: 9.169475 | DA69: EMI.ktCO2.LT.ES.Ser.Oil
A70: Natural gas | B70: 73.05903 | C70: 79.67322 | D70: 90.3771 | E70: 93.96189 | F70: 121.93335 | G70: 118.80297 | H70: 126.42696 | I70: 169.09101 | J70: 161.16408 | K70: 145.96659 | L70: 155.96361 | M70: 141.27102 | N70: 148.59207 | O70: 148.4406 | P70: 126.57843 | Q70: 144.45189 | R70: 153.79254 | S70: 161.72149 | T70: 171.71528 | U70: 170.50816 | V70: 162.87892 | W70: 170.20159 | DA70: EMI.ktCO2.LT.ES.Ser.NG
A71: Renewable energies and wastes | B71: =SUM(B72:B76) -> 0 | C71: =SUM(C72:C76) -> 0 | D71: =SUM(D72:D76) -> 0 | E71: =SUM(E72:E76) -> 0 | F71: =SUM(F72:F76) -> 0 | G71: =SUM(G72:G76) -> 0 | H71: =SUM(H72:H76) -> 0 | I71: =SUM(I72:I76) -> 0 | ... W71: =SUM(W72:W76) -> 0
A72: Biomass and waste | B72: 0 | C72: 0 | D72: 0 | E72: 0 | F72: 0 | G72: 0 | H72: 0 | I72: 0 | J72: 0 | K72: 0 | L72: 0 | M72: 0 | N72: 0 | O72: 0 | P72: 0 | Q72: 0 | R72: 0 | S72: 0 | T72: 0 | U72: 0 | V72: 0 | W72: 0 | DA72: EMI.ktCO2.LT.ES.Ser.Biomass_Waste
A73: Biogas | B73: 0 | C73: 0 | D73: 0 | E73: 0 | F73: 0 | G73: 0 | H73: 0 | I73: 0 | J73: 0 | K73: 0 | L73: 0 | M73: 0 | N73: 0 | O73: 0 | P73: 0 | Q73: 0 | R73: 0 | S73: 0 | T73: 0 | U73: 0 | V73: 0 | W73: 0 | DA73: EMI.ktCO2.LT.ES.Ser.Biogas
A74: Liquid biofuels | B74: 0 | C74: 0 | D74: 0 | E74: 0 | F74: 0 | G74: 0 | H74: 0 | I74: 0 | J74: 0 | K74: 0 | L74: 0 | M74: 0 | N74: 0 | O74: 0 | P74: 0 | Q74: 0 | R74: 0 | S74: 0 | T74: 0 | U74: 0 | V74: 0 | W74: 0 | DA74: EMI.ktCO2.LT.ES.Ser.LiqBio
A75: Solar | B75: 0 | C75: 0 | D75: 0 | E75: 0 | F75: 0 | G75: 0 | H75: 0 | I75: 0 | J75: 0 | K75: 0 | L75: 0 | M75: 0 | N75: 0 | O75: 0 | P75: 0 | Q75: 0 | R75: 0 | S75: 0 | T75: 0 | U75: 0 | V75: 0 | W75: 0 | DA75: EMI.ktCO2.LT.ES.Ser.Solar
A76: Geothermal | B76: 0 | C76: 0 | D76: 0 | E76: 0 | F76: 0 | G76: 0 | H76: 0 | I76: 0 | J76: 0 | K76: 0 | L76: 0 | M76: 0 | N76: 0 | O76: 0 | P76: 0 | Q76: 0 | R76: 0 | S76: 0 | T76: 0 | U76: 0 | V76: 0 | W76: 0 | DA76: EMI.ktCO2.LT.ES.Ser.Geo
A77: Ambient heat | DA77: EMI.ktCO2.LT.ES.Ser.Ambient
A78: Distributed heat | B78: 0 | C78: 0 | D78: 0 | E78: 0 | F78: 0 | G78: 0 | H78: 0 | I78: 0 | J78: 0 | K78: 0 | L78: 0 | M78: 0 | N78: 0 | O78: 0 | P78: 0 | Q78: 0 | R78: 0 | S78: 0 | T78: 0 | U78: 0 | V78: 0 | W78: 0 | DA78: EMI.ktCO2.LT.ES.Ser.Steam_Distr
A79: Electricity | B79: 0 | C79: 0 | D79: 0 | E79: 0 | F79: 0 | G79: 0 | H79: 0 | I79: 0 | J79: 0 | K79: 0 | L79: 0 | M79: 0 | N79: 0 | O79: 0 | P79: 0 | Q79: 0 | R79: 0 | S79: 0 | T79: 0 | U79: 0 | V79: 0 | W79: 0 | DA79: EMI.ktCO2.LT.ES.Ser.Elec
A81: Emissions by end-uses (kt of CO2) | B81: =B82+B87 -> 315.67891 | C81: =C82+C87 -> 272.36534 | D81: =D82+D87 -> 311.5897 | E81: =E82+E87 -> 301.74478 | F81: =F82+F87 -> 327.47221 | G81: =G82+G87 -> 345.18161 | H81: =H82+H87 -> 419.55001 | I81: =I82+I87 -> 397.85393 | ... W81: =W82+W87 -> 292.38061 | DA81: EMI.ktCO2.LT.Ser
A82: Thermal uses | B82: =SUM(B83:B86) -> 315.67891 | C82: =SUM(C83:C86) -> 272.36534 | D82: =SUM(D83:D86) -> 311.5897 | E82: =SUM(E83:E86) -> 301.74478 | F82: =SUM(F83:F86) -> 327.47221 | G82: =SUM(G83:G86) -> 345.18161 | H82: =SUM(H83:H86) -> 419.55001 | I82: =SUM(I83:I86) -> 397.85393 | ... W82: =SUM(W83:W86) -> 292.38061 | DA82: EMI.ktCO2.LT.Ser.Bld.Thermal
A83: Space heating | B83: 285.10023 | C83: 242.99551 | D83: 279.76341 | E83: 269.59803 | F83: 295.33514 | G83: 311.9635 | H83: 384.00574 | I83: 351.34813 | J83: 299.44266 | K83: 303.69678 | L83: 322.29012 | M83: 349.62119 | N83: 285.44803 | O83: 317.54947 | P83: 279.25264 | Q83: 243.4648 | R83: 278.7761 | S83: 295.40263 | T83: 308.51184 | U83: 289.1477 | V83: 237.96555 | W83: 265.86425 | DA83: EMI.ktCO2.LT.Ser.Bld.Thermal.SH
A84: Cooling | B84: 0 | C84: 0 | D84: 0 | E84: 0 | F84: 0 | G84: 0 | H84: 0 | I84: 0 | J84: 0 | K84: 0 | L84: 0 | M84: 0 | N84: 0 | O84: 0 | P84: 0 | Q84: 0 | R84: 0 | S84: 0 | T84: 0 | U84: 0 | V84: 0 | W84: 0 | DA84: EMI.ktCO2.LT.Ser.Bld.Thermal.SC
A85: Hot water | B85: 10.395795 | C85: 7.7425694 | D85: 7.807245 | E85: 7.2538802 | F85: 8.9202945 | G85: 8.4691521 | H85: 9.5907027 | I85: 12.719953 | J85: 14.031644 | K85: 13.24914 | L85: 13.120449 | M85: 13.022657 | N85: 12.718058 | O85: 12.888263 | P85: 11.724384 | Q85: 12.673316 | R85: 13.362562 | S85: 13.58217 | T85: 13.763996 | U85: 14.290522 | V85: 14.551161 | W85: 15.190216 | DA85: EMI.ktCO2.LT.Ser.Bld.Thermal.HW
A86: Catering | B86: 20.182886 | C86: 21.627267 | D86: 24.019036 | E86: 24.892875 | F86: 23.216769 | G86: 24.748961 | H86: 25.953571 | I86: 33.785855 | J86: 36.114225 | K86: 35.090003 | L86: 32.195425 | M86: 30.436647 | N86: 26.721342 | O86: 22.073594 | P86: 18.797701 | Q86: 21.543537 | R86: 22.770978 | S86: 21.042861 | T86: 21.91702 | U86: 14.279053 | V86: 10.93179 | W86: 11.326143 | DA86: EMI.ktCO2.LT.Ser.Bld.Thermal.CA
A87: Specific electricity uses | B87: 0 | C87: 0 | D87: 0 | E87: 0 | F87: 0 | G87: 0 | H87: 0 | I87: 0 | J87: 0 | K87: 0 | L87: 0 | M87: 0 | N87: 0 | O87: 0 | P87: 0 | Q87: 0 | R87: 0 | S87: 0 | T87: 0 | U87: 0 | V87: 0 | W87: 0 | DA87: EMI.ktCO2.LT.Ser.SEU
A89: Share of emissions in end-uses (in %) | B89: =IF(B81=0,0,B81/B$81) -> 1 | C89: =IF(C81=0,0,C81/C$81) -> 1 | D89: =IF(D81=0,0,D81/D$81) -> 1 | E89: =IF(E81=0,0,E81/E$81) -> 1 | F89: =IF(F81=0,0,F81/F$81) -> 1 | G89: =IF(G81=0,0,G81/G$81) -> 1 | H89: =IF(H81=0,0,H81/H$81) -> 1 | I89: =IF(I81=0,0,I81/I$81) -> 1 | ... W89: =IF(W81=0,0,W81/W$81) -> 1
A90: Thermal uses | B90: =IF(B82=0,0,B82/B$81) -> 1 | C90: =IF(C82=0,0,C82/C$81) -> 1 | D90: =IF(D82=0,0,D82/D$81) -> 1 | E90: =IF(E82=0,0,E82/E$81) -> 1 | F90: =IF(F82=0,0,F82/F$81) -> 1 | G90: =IF(G82=0,0,G82/G$81) -> 1 | H90: =IF(H82=0,0,H82/H$81) -> 1 | I90: =IF(I82=0,0,I82/I$81) -> 1 | ... W90: =IF(W82=0,0,W82/W$81) -> 1
A91: Space heating | B91: =IF(B83=0,0,B83/B$81) -> 0.9031336 | C91: =IF(C83=0,0,C83/C$81) -> 0.8921675 | D91: =IF(D83=0,0,D83/D$81) -> 0.89785837 | E91: =IF(E83=0,0,E83/E$81) -> 0.89346376 | F91: =IF(F83=0,0,F83/F$81) -> 0.90186323 | G91: =IF(G83=0,0,G83/G$81) -> 0.90376627 | H91: =IF(H83=0,0,H83/H$81) -> 0.91528001 | I91: =IF(I83=0,0,I83/I$81) -> 0.88310834 | ... W91: =IF(W83=0,0,W83/W$81) -> 0.90930876
A92: Cooling | B92: =IF(B84=0,0,B84/B$81) -> 0 | C92: =IF(C84=0,0,C84/C$81) -> 0 | D92: =IF(D84=0,0,D84/D$81) -> 0 | E92: =IF(E84=0,0,E84/E$81) -> 0 | F92: =IF(F84=0,0,F84/F$81) -> 0 | G92: =IF(G84=0,0,G84/G$81) -> 0 | H92: =IF(H84=0,0,H84/H$81) -> 0 | I92: =IF(I84=0,0,I84/I$81) -> 0 | ... W92: =IF(W84=0,0,W84/W$81) -> 0
A93: Hot water | B93: =IF(B85=0,0,B85/B$81) -> 0.032931546 | C93: =IF(C85=0,0,C85/C$81) -> 0.028427146 | D93: =IF(D85=0,0,D85/D$81) -> 0.025056172 | E93: =IF(E85=0,0,E85/E$81) -> 0.024039787 | F93: =IF(F85=0,0,F85/F$81) -> 0.027239852 | G93: =IF(G85=0,0,G85/G$81) -> 0.024535351 | H93: =IF(H85=0,0,H85/H$81) -> 0.022859498 | I93: =IF(I85=0,0,I85/I$81) -> 0.031971413 | ... W93: =IF(W85=0,0,W85/W$81) -> 0.051953569
A94: Catering | B94: =IF(B86=0,0,B86/B$81) -> 0.063934858 | C94: =IF(C86=0,0,C86/C$81) -> 0.079405354 | D94: =IF(D86=0,0,D86/D$81) -> 0.077085463 | E94: =IF(E86=0,0,E86/E$81) -> 0.082496457 | F94: =IF(F86=0,0,F86/F$81) -> 0.070896916 | G94: =IF(G86=0,0,G86/G$81) -> 0.071698374 | H94: =IF(H86=0,0,H86/H$81) -> 0.061860495 | I94: =IF(I86=0,0,I86/I$81) -> 0.08492025 | ... W94: =IF(W86=0,0,W86/W$81) -> 0.038737668
A95: Specific electricity uses | B95: =IF(B87=0,0,B87/B$81) -> 0 | C95: =IF(C87=0,0,C87/C$81) -> 0 | D95: =IF(D87=0,0,D87/D$81) -> 0 | E95: =IF(E87=0,0,E87/E$81) -> 0 | F95: =IF(F87=0,0,F87/F$81) -> 0 | G95: =IF(G87=0,0,G87/G$81) -> 0 | H95: =IF(H87=0,0,H87/H$81) -> 0 | I95: =IF(I87=0,0,I87/I$81) -> 0 | ... W95: =IF(W87=0,0,W87/W$81) -> 0
A97: Additional building indicators
A99: Energy consumption per building (kWh / representative building cell) | B99: =B47*11630*1000/B$8 -> 185286.14 | C99: =C47*11630*1000/C$8 -> 180632.7 | D99: =D47*11630*1000/D$8 -> 178379.87 | E99: =E47*11630*1000/E$8 -> 175194.24 | F99: =F47*11630*1000/F$8 -> 173881.61 | G99: =G47*11630*1000/G$8 -> 168977.65 | H99: =H47*11630*1000/H$8 -> 175437.88 | I99: =I47*11630*1000/I$8 -> 164552.63 | ... W99: =W47*11630*1000/W$8 -> 142427.55
A100: Thermal uses | B100: =B48*11630*1000/B$8 -> 143589.35 | C100: =C48*11630*1000/C$8 -> 137855.98 | D100: =D48*11630*1000/D$8 -> 134516.7 | E100: =E48*11630*1000/E$8 -> 129995.7 | F100: =F48*11630*1000/F$8 -> 127665.36 | G100: =G48*11630*1000/G$8 -> 122114.37 | H100: =H48*11630*1000/H$8 -> 127803.01 | I100: =I48*11630*1000/I$8 -> 117715.73 | ... W100: =W48*11630*1000/W$8 -> 92961.048
A101: Space heating | B101: =B49*11630*1000/B$8 -> 118054.6 | C101: =C49*11630*1000/C$8 -> 112697.04 | D101: =D49*11630*1000/D$8 -> 109481.12 | E101: =E49*11630*1000/E$8 -> 105622.19 | F101: =F49*11630*1000/F$8 -> 103239.01 | G101: =G49*11630*1000/G$8 -> 97590.647 | H101: =H49*11630*1000/H$8 -> 102354.53 | I101: =I49*11630*1000/I$8 -> 93191.304 | ... W101: =W49*11630*1000/W$8 -> 69815.792
A102: Cooling | B102: =B50*11630*1000/B$8 -> 460.26296 | C102: =C50*11630*1000/C$8 -> 486.39112 | D102: =D50*11630*1000/D$8 -> 528.44918 | E102: =E50*11630*1000/E$8 -> 467.85491 | F102: =F50*11630*1000/F$8 -> 466.82377 | G102: =G50*11630*1000/G$8 -> 467.31517 | H102: =H50*11630*1000/H$8 -> 525.64378 | I102: =I50*11630*1000/I$8 -> 468.48886 | ... W102: =W50*11630*1000/W$8 -> 575.84867
A103: Hot water | B103: =B51*11630*1000/B$8 -> 12391.414 | C103: =C51*11630*1000/C$8 -> 12301.651 | D103: =D51*11630*1000/D$8 -> 12216.796 | E103: =E51*11630*1000/E$8 -> 11989.587 | F103: =F51*11630*1000/F$8 -> 12329.973 | G103: =G51*11630*1000/G$8 -> 12482.14 | H103: =H51*11630*1000/H$8 -> 12883.788 | I103: =I51*11630*1000/I$8 -> 12433.419 | ... W103: =W51*11630*1000/W$8 -> 12160.32
A104: Catering | B104: =B52*11630*1000/B$8 -> 12683.076 | C104: =C52*11630*1000/C$8 -> 12370.898 | D104: =D52*11630*1000/D$8 -> 12290.338 | E104: =E52*11630*1000/E$8 -> 11916.066 | F104: =F52*11630*1000/F$8 -> 11629.55 | G104: =G52*11630*1000/G$8 -> 11574.268 | H104: =H52*11630*1000/H$8 -> 12039.049 | I104: =I52*11630*1000/I$8 -> 11622.516 | ... W104: =W52*11630*1000/W$8 -> 10409.087
A105: Specific electricity uses | B105: =B53*11630*1000/B$8 -> 41696.787 | C105: =C53*11630*1000/C$8 -> 42776.72 | D105: =D53*11630*1000/D$8 -> 43863.172 | E105: =E53*11630*1000/E$8 -> 45198.533 | F105: =F53*11630*1000/F$8 -> 46216.255 | G105: =G53*11630*1000/G$8 -> 46863.282 | H105: =H53*11630*1000/H$8 -> 47634.867 | I105: =I53*11630*1000/I$8 -> 46836.904 | ... W105: =W53*11630*1000/W$8 -> 49466.501
A107: Thermal energy service per building (kWh useful / representative building cell) | B107: =SUM(B108:B111) -> 89233.62 | C107: =SUM(C108:C111) -> 87467.698 | D107: =SUM(D108:D111) -> 85463.9 | E107: =SUM(E108:E111) -> 84378.541 | F107: =SUM(F108:F111) -> 83466.534 | G107: =SUM(G108:G111) -> 80609.618 | H107: =SUM(H108:H111) -> 84964.561 | I107: =SUM(I108:I111) -> 79111.619 | ... W107: =SUM(W108:W111) -> 72635.829
A108: Space heating | B108: 71851.73 | C108: 70133.928 | D108: 68085.411 | E108: 67361.54 | F108: 66220.308 | G108: 63167.845 | H108: 66619.285 | I108: 61539.991 | J108: 53161.072 | K108: 51583.737 | L108: 52996.932 | M108: 47677.07 | N108: 51822.61 | O108: 46571.714 | P108: 44069.047 | Q108: 42207.39 | R108: 45200.398 | S108: 49664.986 | T108: 52113.234 | U108: 47376.455 | V108: 42882.312 | W108: 52482.098
A109: Cooling | B109: 907.08684 | C109: 1013.0567 | D109: 1165.5619 | E109: 1090.4644 | F109: 1148.558 | G109: 1212.0147 | H109: 1436.2801 | I109: 1349.8464 | J109: 1401.7483 | K109: 1492.3452 | L109: 1955.2377 | M109: 1589.0054 | N109: 1776.4221 | O109: 1694.2648 | P109: 1927.6481 | Q109: 1928.4473 | R109: 1899.6361 | S109: 1932.2896 | T109: 2123.897 | U109: 2139.8931 | V109: 2143.1289 | W109: 2615.6849
A110: Hot water | B110: 7815.0578 | C110: 7882.5607 | D110: 7858.4369 | E110: 7800.0627 | F110: 8074.4992 | G110: 8263.5048 | H110: 8579.9835 | I110: 8270.4222 | J110: 8387.0936 | K110: 8527.5881 | L110: 8696.4353 | M110: 8786.8951 | N110: 8942.5403 | O110: 9067.6229 | P110: 9082.0354 | Q110: 9222.5272 | R110: 9380.9558 | S110: 9501.7785 | T110: 9507.0756 | U110: 9516.0428 | V110: 8443.7401 | W110: 9537.6907
A111: Catering | B111: 8659.7452 | C111: 8438.1529 | D111: 8354.4893 | E111: 8126.4744 | F111: 8023.1692 | G111: 7966.2528 | H111: 8329.0118 | I111: 7951.3594 | J111: 7703.2614 | K111: 7640.8796 | L111: 7473.0307 | M111: 7337.2047 | N111: 7571.7456 | O111: 7255.8296 | P111: 7180.5135 | Q111: 6732.6464 | R111: 7021.662 | S111: 6737.3845 | T111: 7062.6501 | U111: 7376.3958 | V111: 6902.6935 | W111: 8000.3556
A113: Emissions per building (kg CO2 / representative building cell) | B113: =B81*1000000/B$8 -> 10720.486 | C113: =C81*1000000/C$8 -> 8854.8486 | D113: =D81*1000000/D$8 -> 9638.0578 | E113: =E81*1000000/E$8 -> 8695.692 | F113: =F81*1000000/F$8 -> 8925.3191 | G113: =G81*1000000/G$8 -> 8870.7681 | H113: =H81*1000000/H$8 -> 10365.315 | I113: =I81*1000000/I$8 -> 8904.1677 | ... W113: =W81*1000000/W$8 -> 5634.0172
A114: Thermal uses | B114: =B82*1000000/B$8 -> 10720.486 | C114: =C82*1000000/C$8 -> 8854.8486 | D114: =D82*1000000/D$8 -> 9638.0578 | E114: =E82*1000000/E$8 -> 8695.692 | F114: =F82*1000000/F$8 -> 8925.3191 | G114: =G82*1000000/G$8 -> 8870.7681 | H114: =H82*1000000/H$8 -> 10365.315 | I114: =I82*1000000/I$8 -> 8904.1677 | ... W114: =W82*1000000/W$8 -> 5634.0172
A115: Space heating | B115: =B83*1000000/B$8 -> 9682.0307 | C115: =C83*1000000/C$8 -> 7900.0081 | D115: =D83*1000000/D$8 -> 8653.6109 | E115: =E83*1000000/E$8 -> 7769.2857 | F115: =F83*1000000/F$8 -> 8049.4172 | G115: =G83*1000000/G$8 -> 8017.1011 | H115: =H83*1000000/H$8 -> 9487.1657 | I115: =I83*1000000/I$8 -> 7863.3448 | ... W115: =W83*1000000/W$8 -> 5123.0613
A116: Cooling | B116: =B84*1000000/B$8 -> 0 | C116: =C84*1000000/C$8 -> 0 | D116: =D84*1000000/D$8 -> 0 | E116: =E84*1000000/E$8 -> 0 | F116: =F84*1000000/F$8 -> 0 | G116: =G84*1000000/G$8 -> 0 | H116: =H84*1000000/H$8 -> 0 | I116: =I84*1000000/I$8 -> 0 | ... W116: =W84*1000000/W$8 -> 0
A117: Hot water | B117: =B85*1000000/B$8 -> 353.04216 | C117: =C85*1000000/C$8 -> 251.71807 | D117: =D85*1000000/D$8 -> 241.49283 | E117: =E85*1000000/E$8 -> 209.04258 | F117: =F85*1000000/F$8 -> 243.12437 | G117: =G85*1000000/G$8 -> 217.64741 | H117: =H85*1000000/H$8 -> 236.9459 | I117: =I85*1000000/I$8 -> 284.67883 | ... W117: =W85*1000000/W$8 -> 292.7073
...

Sheet SER_hh_num
A1: LT - Number of buildings | B1: 2000 | C1: 2001 | D1: 2002 | E1: 2003 | F1: 2004 | G1: 2005 | H1: 2006 | I1: 2007 | J1: 2008 | K1: 2009 | L1: 2010 | M1: 2011 | N1: 2012 | O1: 2013 | P1: 2014 | Q1: 2015 | R1: 2016 | S1: 2017 | T1: 2018 | U1: 2019 | V1: 2020 | W1: 2021 | DA1: Code
A3: Stock of buildings | B3: =B4 -> 29446.326 | C3: =C4 -> 30758.893 | D3: =D4 -> 32329.096 | E3: =E4 -> 34700.491 | F3: =F4 -> 36690.252 | G3: =G4 -> 38912.258 | H3: =H4 -> 40476.339 | I3: =I4 -> 44681.766 | ... W3: =W4 -> 51895.583 | DA3: NUM.number.LT.Ser.Bld.Thermal
A4: Space heating | B4: =SUM(B5:B14) -> 29446.326 | C4: =SUM(C5:C14) -> 30758.893 | D4: =SUM(D5:D14) -> 32329.096 | E4: =SUM(E5:E14) -> 34700.491 | F4: =SUM(F5:F14) -> 36690.252 | G4: =SUM(G5:G14) -> 38912.258 | H4: =SUM(H5:H14) -> 40476.339 | I4: =SUM(I5:I14) -> 44681.766 | ... W4: =SUM(W5:W14) -> 51895.583 | DA4: NUM.number.LT.Ser.Bld.Thermal.SH
A5: Solids | B5: 3411.8176 | C5: 3371.4869 | D5: 3673.2784 | E5: 3954.6031 | F5: 4461.3509 | G5: 5111.8978 | H5: 5459.8526 | I5: 5655.471 | J5: 5836.7352 | K5: 6213.3289 | L5: 6592.0186 | M5: 6711.9469 | N5: 6758.8188 | O5: 6738.9288 | P5: 6458.848 | Q5: 6065.2726 | R5: 5980.2118 | S5: 5851.5692 | T5: 5660.9556 | U5: 5196.9273 | V5: 4433.7508 | W5: 4085.9444 | DA5: NUM.number.LT.Ser.Bld.Thermal.SH.Solids
A6: Liquified petroleum gas (LPG) | B6: 0 | C6: 0 | D6: 0 | E6: 0 | F6: 0 | G6: 0 | H6: 0 | I6: 0 | J6: 0 | K6: 0 | L6: 0 | M6: 0 | N6: 0 | O6: 0 | P6: 0 | Q6: 0 | R6: 0 | S6: 0 | T6: 0 | U6: 0 | V6: 0 | W6: 0 | DA6: NUM.number.LT.Ser.Bld.Thermal.SH.LPG
A7: Diesel oil | B7: 1134.849 | C7: 1027.8253 | D7: 923.23566 | E7: 752.99664 | F7: 649.51367 | G7: 522.53869 | H7: 490.17854 | I7: 485.52209 | J7: 466.57638 | K7: 433.19601 | L7: 420.90558 | M7: 426.39518 | N7: 414.48034 | O7: 417.98659 | P7: 405.9043 | Q7: 335.23125 | R7: 281.39706 | S7: 247.52695 | T7: 243.94105 | U7: 279.47112 | V7: 331.66607 | W7: 345.78283 | DA7: NUM.number.LT.Ser.Bld.Thermal.SH.Oil
A8: Gas heat pumps | B8: 0 | C8: 0 | D8: 0 | E8: 0 | F8: 0 | G8: 0 | H8: 0 | I8: 0 | J8: 0 | K8: 0 | L8: 0 | M8: 0 | N8: 0 | O8: 0 | P8: 0 | Q8: 0 | R8: 0 | S8: 0 | T8: 0 | U8: 0 | V8: 0 | W8: 0 | DA8: NUM.number.LT.Ser.Bld.Thermal.SH.GasHP
A9: Conventional gas heaters | B9: 1695.784 | C9: 1922.3391 | D9: 2354.4071 | E9: 2804.2261 | F9: 3400.9811 | G9: 3895.0966 | H9: 4475.8514 | I9: 5266.4235 | J9: 5763.4659 | K9: 5955.4305 | L9: 6177.4577 | M9: 6419.0103 | N9: 6769.2197 | O9: 7358.2203 | P9: 7777.8132 | Q9: 8441.7794 | R9: 8772.0384 | S9: 9126.8071 | T9: 9643.8368 | U9: 10355.164 | V9: 10561.066 | W9: 10683.999 | DA9: NUM.number.LT.Ser.Bld.Thermal.SH.GasTH
A10: Biomass | B10: 2660.8538 | C10: 2695.6318 | D10: 2599.9023 | E10: 2448.8578 | F10: 2330.2148 | G10: 2288.3424 | H10: 2311.4934 | I10: 2445.1876 | J10: 2667.617 | K10: 2873.1016 | L10: 3056.0468 | M10: 3384.156 | N10: 3634.6743 | O10: 3972.1879 | P10: 4113.3386 | Q10: 4101.538 | R10: 3890.1056 | S10: 3544.7936 | T10: 3446.6217 | U10: 3477.4336 | V10: 3500.0345 | W10: 3508.7327 | DA10: NUM.number.LT.Ser.Bld.Thermal.SH.Biomass
A11: Geothermal | B11: 0 | C11: 0 | D11: 0 | E11: 0 | F11: 0 | G11: 0 | H11: 0 | I11: 0 | J11: 0 | K11: 0 | L11: 0 | M11: 0 | N11: 0 | O11: 0 | P11: 0 | Q11: 0 | R11: 0 | S11: 0 | T11: 0 | U11: 0 | V11: 0 | W11: 0 | DA11: NUM.number.LT.Ser.Bld.Thermal.SH.Geo
A12: Distributed heat | B12: 18109.777 | C12: 19216.465 | D12: 19873.084 | E12: 21310.902 | F12: 22124.548 | G12: 23192.17 | H12: 23589.509 | I12: 26666.888 | J12: 27882.12 | K12: 27601.763 | L12: 28051.924 | M12: 28529.591 | N12: 28278.24 | O12: 27999.573 | P12: 28588.681 | Q12: 28767.125 | R12: 29095.73 | S12: 29611.121 | T12: 29225.516 | U12: 28832.505 | V12: 29297.412 | W12: 29399.126 | DA12: NUM.number.LT.Ser.Bld.Thermal.SH.DistrHeat
A13: Advanced electric heating | B13: 1.5999375 | C13: 2.2518791 | D13: 4.2121854 | E13: 6.9390972 | F13: 10.066207 | G13: 13.994538 | H13: 19.826998 | I13: 28.491861 | J13: 40.965419 | K13: 55.644422 | L13: 77.855667 | M13: 122.19358 | N13: 190.9462 | O13: 286.77031 | P13: 396.64879 | Q13: 466.59336 | R13: 492.82094 | S13: 494.64692 | T13: 506.64659 | U13: 578.01833 | V13: 678.24904 | W13: 858.92991 | DA13: NUM.number.LT.Ser.Bld.Thermal.SH.AdvElc
A14: Conventional electric heating | B14: 2431.6451 | C14: 2522.8931 | D14: 2900.9759 | E14: 3421.9668 | F14: 3713.5774 | G14: 3888.2176 | H14: 4129.6274 | I14: 4133.7817 | J14: 3995.1936 | K14: 3428.8112 | L14: 2607.2821 | M14: 2357.8712 | N14: 2374.101 | O14: 2249.5685 | P14: 2120.8349 | Q14: 2072.2939 | R14: 2101.5383 | S14: 2157.4565 | T14: 2667.0383 | U14: 2943.2693 | V14: 3019.9937 | W14: 3013.0684 | DA14: NUM.number.LT.Ser.Bld.Thermal.SH.ConvElc
A15: Circulation, other electricity | B15: =SUM(B5:B12) -> 27013.081 | C15: =SUM(C5:C12) -> 28233.749 | D15: =SUM(D5:D12) -> 29423.908 | E15: =SUM(E5:E12) -> 31271.585 | F15: =SUM(F5:F12) -> 32966.608 | G15: =SUM(G5:G12) -> 35010.045 | H15: =SUM(H5:H12) -> 36326.885 | I15: =SUM(I5:I12) -> 40519.492 | ... W15: =SUM(W5:W12) -> 48023.585
A16: Space cooling | B16: =SUM(B17:B18) -> 1427.396 | C16: =SUM(C17:C18) -> 1586.9907 | D16: =SUM(D17:D18) -> 1785.6245 | E16: =SUM(E17:E18) -> 1999.3926 | F16: =SUM(F17:F18) -> 2239.114 | G16: =SUM(G17:G18) -> 2500.6159 | H16: =SUM(H17:H18) -> 2790.9835 | I16: =SUM(I17:I18) -> 3138.4858 | ... W16: =SUM(W17:W18) -> 5776.5763 | DA16: NUM.number.LT.Ser.Bld.Thermal.SC
A17: Gas heat pumps | B17: 0 | C17: 0 | D17: 0 | E17: 0 | F17: 0 | G17: 0 | H17: 0 | I17: 0 | J17: 0 | K17: 0 | L17: 0 | M17: 0 | N17: 0 | O17: 0 | P17: 0 | Q17: 0 | R17: 0 | S17: 0 | T17: 0 | U17: 0 | V17: 0 | W17: 0 | DA17: NUM.number.LT.Ser.Bld.Thermal.SC.GasHP
A18: Electric space cooling | B18: 1427.396 | C18: 1586.9907 | D18: 1785.6245 | E18: 1999.3926 | F18: 2239.114 | G18: 2500.6159 | H18: 2790.9835 | I18: 3138.4858 | J18: 3453.3559 | K18: 3661.2454 | L18: 3806.2275 | M18: 3975.5391 | N18: 4095.9493 | O18: 4250.2512 | P18: 4451.9628 | Q18: 4625.0074 | R18: 4835.1258 | S18: 4982.522 | T18: 5177.2592 | U18: 5378.5129 | V18: 5580.3326 | W18: 5776.5763 | DA18: NUM.number.LT.Ser.Bld.Thermal.SC.AC
A19: Hot water | B19: =SUM(B20:B26) -> 29446.326 | C19: =SUM(C20:C26) -> 30758.893 | D19: =SUM(D20:D26) -> 32329.096 | E19: =SUM(E20:E26) -> 34700.491 | F19: =SUM(F20:F26) -> 36690.252 | G19: =SUM(G20:G26) -> 38912.258 | H19: =SUM(H20:H26) -> 40476.339 | I19: =SUM(I20:I26) -> 44681.766 | ... W19: =SUM(W20:W26) -> 51895.583 | DA19: NUM.number.LT.Ser.Bld.Thermal.HW
A20: Solids | B20: 0 | C20: 0 | D20: 0 | E20: 0 | F20: 0 | G20: 0 | H20: 0 | I20: 0 | J20: 0 | K20: 0 | L20: 0 | M20: 0 | N20: 0 | O20: 0 | P20: 0 | Q20: 0 | R20: 0 | S20: 0 | T20: 0 | U20: 0 | V20: 0 | W20: 0 | DA20: NUM.number.LT.Ser.Bld.Thermal.HW.Solids
A21: Liquified petroleum gas (LPG) | B21: 0 | C21: 0 | D21: 0 | E21: 0 | F21: 0 | G21: 0 | H21: 0 | I21: 0 | J21: 0 | K21: 0 | L21: 0 | M21: 0 | N21: 0 | O21: 0 | P21: 0 | Q21: 0 | R21: 0 | S21: 0 | T21: 0 | U21: 0 | V21: 0 | W21: 0 | DA21: NUM.number.LT.Ser.Bld.Thermal.HW.LPG
A22: Diesel oil | B22: 1281.3197 | C22: 1007.5476 | D22: 849.92991 | E22: 713.75624 | F22: 683.48239 | G22: 619.51738 | H22: 588.72149 | I22: 540.85143 | J22: 496.5637 | K22: 416.27495 | L22: 351.33307 | M22: 295.70495 | N22: 261.08726 | O22: 250.88964 | P22: 248.5957 | Q22: 251.36217 | R22: 246.72754 | S22: 247.78618 | T22: 244.83236 | U22: 278.42796 | V22: 334.36373 | W22: 365.91127 | DA22: NUM.number.LT.Ser.Bld.Thermal.HW.Oil
A23: Natural gas | B23: 1159.5487 | C23: 1218.8168 | D23: 1353.9885 | E23: 1496.1277 | F23: 1700.1454 | G23: 1982.0384 | H23: 2438.023 | I23: 3085.7682 | J23: 3534.8246 | K23: 3743.1863 | L23: 3793.3401 | M23: 3821.2316 | N23: 3816.5618 | O23: 3835.179 | P23: 3861.477 | Q23: 4023.9201 | R23: 4237.5534 | S23: 4450.1658 | T23: 4770.1048 | U23: 5098.829 | V23: 5571.9466 | W23: 5674.7209 | DA23: NUM.number.LT.Ser.Bld.Thermal.HW.Gas
A24: Biomass | B24: 1124.9776 | C24: 1164.8078 | D24: 1194.161 | E24: 1237.6035 | F24: 1297.4074 | G24: 1360.177 | H24: 1423.2961 | I24: 1475.1885 | J24: 1519.725 | K24: 1555.2832 | L24: 1594.9906 | M24: 1644.5297 | N24: 1689.0027 | O24: 1731.0178 | P24: 1745.2338 | Q24: 1703.4677 | R24: 1606.9231 | S24: 1474.8362 | T24: 1431.758 | U24: 1411.7418 | V24: 1430.706 | W24: 1464.6491 | DA24: NUM.number.LT.Ser.Bld.Thermal.HW.Biomass
A25: Distributed heat | B25: 16032.853 | C25: 16876.76 | D25: 17626.457 | E25: 19308.126 | F25: 20659.641 | G25: 22011.677 | H25: 22667.93 | I25: 24991.204 | J25: 26299.059 | K25: 26552.139 | L25: 27491.442 | M25: 28679.016 | N25: 29272.44 | O25: 30319.79 | P25: 31661.237 | Q25: 32899.413 | R25: 33556.848 | S25: 33923.925 | T25: 33482.785 | U25: 32795.301 | V25: 31896.565 | W25: 31527.309 | DA25: NUM.number.LT.Ser.Bld.Thermal.HW.DistrHeat
A26: Electricity | B26: 9847.6273 | C26: 10490.961 | D26: 11304.559 | E26: 11944.877 | F26: 12349.575 | G26: 12938.848 | H26: 13358.369 | I26: 14588.754 | J26: 14802.501 | K26: 14294.392 | L26: 13752.385 | M26: 13510.682 | N26: 13381.388 | O26: 12886.36 | P26: 12345.525 | Q26: 11371.67 | R26: 10965.789 | S26: 10937.208 | T26: 11465.075 | U26: 12078.489 | V26: 12588.591 | W26: 12862.993 | DA26: NUM.number.LT.Ser.Bld.Thermal.HW.Elc
A27: Solar | B27: 0 | C27: 0 | D27: 0 | E27: 0 | F27: 0 | G27: 0 | H27: 0 | I27: 0 | J27: 0 | K27: 0 | L27: 0 | M27: 0 | N27: 0 | O27: 0 | P27: 0 | Q27: 0 | R27: 0 | S27: 0 | T27: 0 | U27: 0 | V27: 0 | W27: 0 | DA27: NUM.number.LT.Ser.Bld.Thermal.HW.Solar
A28: Solar
A29: Catering | B29: =SUM(B30:B33) -> 29446.326 | C29: =SUM(C30:C33) -> 30758.893 | D29: =SUM(D30:D33) -> 32329.096 | E29: =SUM(E30:E33) -> 34700.491 | F29: =SUM(F30:F33) -> 36690.252 | G29: =SUM(G30:G33) -> 38912.258 | H29: =SUM(H30:H33) -> 40476.339 | I29: =SUM(I30:I33) -> 44681.766 | ... W29: =SUM(W30:W33) -> 51895.583 | DA29: NUM.number.LT.Ser.Bld.Thermal.CA
A30: Liquified petroleum gas (LPG) | B30: 0 | C30: 0 | D30: 0 | E30: 0 | F30: 0 | G30: 0 | H30: 0 | I30: 0 | J30: 0 | K30: 0 | L30: 0 | M30: 0 | N30: 0 | O30: 0 | P30: 0 | Q30: 0 | R30: 0 | S30: 0 | T30: 0 | U30: 0 | V30: 0 | W30: 0 | DA30: NUM.number.LT.Ser.Bld.Thermal.CA.LPG
A31: Natural gas | B31: 6661.0198 | C31: 7197.5736 | D31: 7879.2837 | E31: 8327.6159 | F31: 8441.3457 | G31: 8975.4591 | H31: 9846.8605 | I31: 11464.669 | J31: 12538.425 | K31: 12880.972 | L31: 12429.753 | M31: 11613.242 | N31: 10370.607 | O31: 9414.7549 | P31: 8976.6771 | Q31: 9354.3934 | R31: 9603.675 | S31: 9274.5794 | T31: 8364.5846 | U31: 6624.2326 | V31: 5002.8279 | W31: 4545.795 | DA31: NUM.number.LT.Ser.Bld.Thermal.CA.Gas
A32: Biomass | B32: 0 | C32: 0 | D32: 0 | E32: 0 | F32: 0 | G32: 372.19073 | H32: 547.3892 | I32: 687.89105 | J32: 919.88573 | K32: 951.70083 | L32: 1100.9293 | M32: 1047.2984 | N32: 1052.0751 | O32: 1007.4366 | P32: 1095.3125 | Q32: 1222.4775 | R32: 1422.15 | S32: 1677.2604 | T32: 1901.4179 | U32: 2268.8885 | V32: 2619.343 | W32: 2954.7338 | DA32: NUM.number.LT.Ser.Bld.Thermal.CA.Biomass
A33: Electricity | B33: 22785.306 | C33: 23561.32 | D33: 24449.812 | E33: 26372.875 | F33: 28248.906 | G33: 29564.608 | H33: 30082.09 | I33: 32529.206 | J33: 33194.363 | K33: 32728.602 | L33: 33452.808 | M33: 35290.623 | N33: 36997.799 | O33: 38601.044 | P33: 39790.08 | Q33: 39672.962 | R33: 39588.017 | S33: 40082.082 | T33: 41128.553 | U33: 42769.667 | V33: 44200.001 | W33: 44395.054 | DA33: NUM.number.LT.Ser.Bld.Thermal.CA.Elc

Sheet SER_hh_fec
A1: LT - Final energy consumption | B1: 2000 | C1: 2001 | D1: 2002 | E1: 2003 | F1: 2004 | G1: 2005 | H1: 2006 | I1: 2007 | J1: 2008 | K1: 2009 | L1: 2010 | M1: 2011 | N1: 2012 | O1: 2013 | P1: 2014 | Q1: 2015 | R1: 2016 | S1: 2017 | T1: 2018 | U1: 2019 | V1: 2020 | W1: 2021 | DA1: Code
A3: Final energy consumption (ktoe) | B3: =SUM(B4,B16,B19,B29) -> 363.55794 | C3: =SUM(C4,C16,C19,C29) -> 364.59995 | D3: =SUM(D4,D16,D19,D29) -> 373.92978 | E3: =SUM(E4,E16,E19,E29) -> 387.86885 | F3: =SUM(F4,F16,F19,F29) -> 402.75788 | G3: =SUM(G4,G16,G19,G29) -> 408.5766 | H3: =SUM(H4,H16,H19,H29) -> 444.79778 | I3: =SUM(I4,I16,I19,I29) -> 452.2568 | ... W3: =SUM(W4,W16,W19,W29) -> 414.81236 | DA3: FEC.ktoe.LT.Ser.Bld.Thermal
A4: Space heating | B4: =SUM(B5:B15) -> 298.90577 | C4: =SUM(C5:C15) -> 298.05987 | D4: =SUM(D5:D15) -> 304.33582 | E4: =SUM(E5:E15) -> 315.14549 | F4: =SUM(F5:F15) -> 325.6978 | G4: =SUM(G5:G15) -> 326.52385 | H4: =SUM(H5:H15) -> 356.22845 | I4: =SUM(I5:I15) -> 358.03543 | ... W4: =SUM(W5:W15) -> 311.53321 | DA4: FEC.ktoe.LT.Ser.Bld.Thermal.SH
A5: Solids | B5: 44.818401 | C5: 37.033878 | D5: 43.384007 | E5: 43.926311 | F5: 43.252365 | G5: 50.701978 | H5: 68.093293 | I5: 51.945916 | J5: 39.482717 | K5: 48.63319 | L5: 49.106965 | M5: 58.618143 | N5: 40.98693 | O5: 47.942132 | P5: 41.944626 | Q5: 31.328461 | R5: 38.243508 | S5: 39.788822 | T5: 41.187016 | U5: 34.636113 | V5: 22.883749 | W5: 27.925365 | DA5: FEC.ktoe.LT.Ser.Bld.Thermal.SH.Solids.Solids
A6: Liquified petroleum gas (LPG) | B6: 0 | C6: 0 | D6: 0 | E6: 0 | F6: 0 | G6: 0 | H6: 0 | I6: 0 | J6: 0 | K6: 0 | L6: 0 | M6: 0 | N6: 0 | O6: 0 | P6: 0 | Q6: 0 | R6: 0 | S6: 0 | T6: 0 | U6: 0 | V6: 0 | W6: 0 | DA6: FEC.ktoe.LT.Ser.Bld.Thermal.SH.LPG.LPG
A7: Diesel oil | B7: 17.770031 | C7: 12.821287 | D7: 13.981719 | E7: 8.99804 | F7: 9.048947 | G7: 6.2286778 | H7: 5.1797118 | I7: 5.2098493 | J7: 8.3304366 | K7: 2.4159735 | L7: 3.4993713 | M7: 4.6169813 | N7: 2.7370072 | O7: 2.7328708 | P7: 3.7556309 | Q7: 1.6873406 | R7: 1.6912515 | S7: 1.9715201 | T7: 1.4777364 | U7: 1.9086737 | V7: 2.1666842 | W7: 2.5117831 | DA7: FEC.ktoe.LT.Ser.Bld.Thermal.SH.Oil.Oil_LiqBio
A8: Gas heat pumps | B8: 0 | C8: 0 | D8: 0 | E8: 0 | F8: 0 | G8: 0 | H8: 0 | I8: 0 | J8: 0 | K8: 0 | L8: 0 | M8: 0 | N8: 0 | O8: 0 | P8: 0 | Q8: 0 | R8: 0 | S8: 0 | T8: 0 | U8: 0 | V8: 0 | W8: 0 | DA8: FEC.ktoe.LT.Ser.Bld.Thermal.SH.GasHP.NG_Biogas
A9: Conventional gas heaters | B9: 20.919893 | C9: 23.056154 | D9: 27.018289 | E9: 28.184289 | F9: 39.908319 | G9: 38.012474 | H9: 40.355174 | I9: 53.815055 | J9: 48.947551 | K9: 43.213033 | L9: 49.028723 | M9: 43.598413 | N9: 48.332745 | O9: 50.402535 | P9: 44.799245 | Q9: 50.924807 | R9: 54.621523 | S9: 58.421961 | T9: 62.156117 | U9: 64.834334 | V9: 63.005599 | W9: 66.713613 | DA9: FEC.ktoe.LT.Ser.Bld.Thermal.SH.GasTH.NG_Biogas
A10: Biomass | B10: 38.64172 | C10: 37.917504 | D10: 37.137213 | E10: 31.618266 | F10: 29.02164 | G10: 28.511518 | H10: 27.849901 | I10: 26.329297 | J10: 27.100287 | K10: 26.557056 | L10: 26.442358 | M10: 28.901725 | N10: 30.59925 | O10: 32.377821 | P10: 30.886974 | Q10: 30.043671 | R10: 31.105563 | S10: 27.271511 | T10: 28.078126 | U10: 27.069869 | V10: 29.225866 | W10: 28.251941 | DA10: FEC.ktoe.LT.Ser.Bld.Thermal.SH.Biomass.Biomass_Waste
A11: Geothermal | B11: 0 | C11: 0 | D11: 0 | E11: 0 | F11: 0 | G11: 0 | H11: 0 | I11: 0 | J11: 0 | K11: 0 | L11: 0 | M11: 0 | N11: 0 | O11: 0 | P11: 0 | Q11: 0 | R11: 0 | S11: 0 | T11: 0 | U11: 0 | V11: 0 | W11: 0 | DA11: FEC.ktoe.LT.Ser.Bld.Thermal.SH.Geo.Geo
A12: Distributed heat | B12: 152.91526 | C12: 161.79131 | D12: 158.70176 | E12: 168.67848 | F12: 170.08784 | G12: 169.39747 | H12: 181.17214 | I12: 188.08692 | J12: 154.85962 | K12: 166.12242 | L12: 177.55218 | M12: 142.29499 | N12: 170.45011 | O12: 140.34199 | P12: 138.13289 | Q12: 140.23716 | R12: 138.94426 | S12: 166.40738 | T12: 167.04545 | U12: 141.66972 | V12: 129.26767 | W12: 165.78637 | DA12: FEC.ktoe.LT.Ser.Bld.Thermal.SH.DistrHeat.Steam_Distr
A13: Advanced electric heating | B13: 0.0063935651 | C13: 0.010398374 | D13: 0.014587031 | E13: 0.028252862 | F13: 0.037211192 | G13: 0.050660655 | H13: 0.060958136 | I13: 0.071450737 | J13: 0.11726194 | K13: 0.12385847 | L13: 0.13029503 | M13: 0.22304154 | N13: 0.32371739 | O13: 0.42513806 | P13: 0.65543528 | Q13: 0.70464007 | R13: 0.74345667 | S13: 0.76532215 | T13: 0.79771112 | U13: 0.79227415 | V13: 0.75950933 | W13: 1.5225516 | DA13: FEC.ktoe.LT.Ser.Bld.Thermal.SH.AdvElc.Elec
A14: Conventional electric heating | B14: 22.553871 | C14: 24.193266 | D14: 22.807621 | E14: 32.444372 | F14: 32.975209 | G14: 32.269093 | H14: 32.033814 | I14: 31.028648 | J14: 42.946563 | K14: 19.727561 | L14: 9.6509275 | M14: 14.20473 | N14: 19.166421 | O14: 12.149558 | P14: 12.509763 | Q14: 5.2674508 | R14: 14.593097 | S14: 8.8907347 | T14: 16.628424 | U14: 17.433296 | V14: 12.783265 | W14: 17.287841 | DA14: FEC.ktoe.LT.Ser.Bld.Thermal.SH.ConvElc.Elec
A15: Electricity in circulation and other use | B15: 1.2802021 | C15: 1.2360682 | D15: 1.2906257 | E15: 1.2674815 | F15: 1.3662657 | G15: 1.3519819 | H15: 1.4834531 | I15: 1.5482886 | J15: 1.3532337 | K15: 1.3272807 | L15: 1.4290052 | M15: 1.3316005 | N15: 1.3722721 | O15: 1.3449642 | P15: 1.2525635 | Q15: 1.2467017 | R15: 1.3223136 | S15: 1.4505958 | T15: 1.5090257 | U15: 1.4367538 | V15: 1.341889 | W15: 1.5337397 | DA15: FEC.ktoe.LT.Ser.Bld.Thermal.SH.TotalCirculation.Elec
A16: Space cooling | B16: =SUM(B17:B18) -> 1.1653528 | C16: =SUM(C17:C18) -> 1.2864018 | D16: =SUM(D17:D18) -> 1.468984 | E16: =SUM(E17:E18) -> 1.3959411 | F16: =SUM(F17:F18) -> 1.4727327 | G16: =SUM(G17:G18) -> 1.5635674 | H16: =SUM(H17:H18) -> 1.8294184 | I16: =SUM(I17:I18) -> 1.7999062 | ... W16: =SUM(W17:W18) -> 2.5695617 | DA16: FEC.ktoe.LT.Ser.Bld.Thermal.SC
A17: Gas heat pumps | B17: 0 | C17: 0 | D17: 0 | E17: 0 | F17: 0 | G17: 0 | H17: 0 | I17: 0 | J17: 0 | K17: 0 | L17: 0 | M17: 0 | N17: 0 | O17: 0 | P17: 0 | Q17: 0 | R17: 0 | S17: 0 | T17: 0 | U17: 0 | V17: 0 | W17: 0 | DA17: FEC.ktoe.LT.Ser.Bld.Thermal.SC.GasHP.NG_Biogas
A18: Electric space cooling | B18: 1.1653528 | C18: 1.2864018 | D18: 1.468984 | E18: 1.3959411 | F18: 1.4727327 | G18: 1.5635674 | H18: 1.8294184 | I18: 1.7999062 | J18: 1.8533572 | K18: 1.9351536 | L18: 2.5037096 | M18: 2.0127903 | N18: 2.2016188 | O18: 2.0526802 | P18: 2.2837077 | Q18: 2.212246 | R18: 2.108072 | S18: 2.0847476 | T18: 2.2331341 | U18: 2.2013002 | V18: 2.1547339 | W18: 2.5695617 | DA18: FEC.ktoe.LT.Ser.Bld.Thermal.SC.AC.Elec
A19: Hot water | B19: =SUM(B20:B27) -> 31.374172 | C19: =SUM(C20:C27) -> 32.535269 | D19: =SUM(D20:D27) -> 33.960272 | E19: =SUM(E20:E27) -> 35.773392 | F19: =SUM(F20:F27) -> 38.898523 | G19: =SUM(G20:G27) -> 41.763393 | H19: =SUM(H20:H27) -> 44.839948 | I19: =SUM(I20:I27) -> 47.768453 | ... W19: =SUM(W20:W27) -> 54.261988 | DA19: FEC.ktoe.LT.Ser.Bld.Thermal.HW
A20: Solids | B20: 0 | C20: 0 | D20: 0 | E20: 0 | F20: 0 | G20: 0 | H20: 0 | I20: 0 | J20: 0 | K20: 0 | L20: 0 | M20: 0 | N20: 0 | O20: 0 | P20: 0 | Q20: 0 | R20: 0 | S20: 0 | T20: 0 | U20: 0 | V20: 0 | W20: 0 | DA20: FEC.ktoe.LT.Ser.Bld.Thermal.HW.Solids.Solids
A21: Liquified petroleum gas (LPG) | B21: 0 | C21: 0 | D21: 0 | E21: 0 | F21: 0 | G21: 0 | H21: 0 | I21: 0 | J21: 0 | K21: 0 | L21: 0 | M21: 0 | N21: 0 | O21: 0 | P21: 0 | Q21: 0 | R21: 0 | S21: 0 | T21: 0 | U21: 0 | V21: 0 | W21: 0 | DA21: FEC.ktoe.LT.Ser.Bld.Thermal.HW.LPG.LPG
A22: Diesel oil | B22: 2.1217147 | C22: 1.2393319 | D22: 1.1634227 | E22: 0.91330998 | F22: 1.0941313 | G22: 0.88490775 | H22: 0.91203371 | I22: 0.82084713 | J22: 0.82743102 | K22: 0.59829991 | L22: 0.53665618 | M22: 0.44776505 | N22: 0.34914927 | O22: 0.3532857 | P22: 0.35924444 | Q22: 0.3600369 | R22: 0.35612595 | S22: 0.40001906 | T22: 0.28933149 | U22: 0.36647673 | V22: 0.41766661 | W22: 0.4834877 | DA22: FEC.ktoe.LT.Ser.Bld.Thermal.HW.Oil.Oil_LiqBio
A23: Natural gas | B23: 1.5921388 | C23: 1.6569257 | D23: 1.8299009 | E23: 1.9065625 | F23: 2.3716619 | G23: 2.4659589 | H23: 2.9148999 | I23: 4.3644941 | J23: 4.9410779 | K23: 4.9360991 | L23: 4.9923725 | M23: 5.1071842 | N23: 5.1012818 | O23: 5.1875109 | P23: 4.8915234 | Q23: 5.285076 | R23: 5.6375301 | S23: 5.6273904 | T23: 5.8502593 | U23: 5.9695574 | V23: 6.0308611 | W23: 6.3007517 | DA23: FEC.ktoe.LT.Ser.Bld.Thermal.HW.Gas.NG_Biogas
A24: Biomass | B24: 2.0337747 | C24: 1.7548092 | D24: 1.7946868 | E24: 1.8678906 | F24: 1.9327887 | G24: 2.0129877 | H24: 2.149153 | I24: 2.0694989 | J24: 2.1105475 | K24: 2.1044227 | L24: 2.1235924 | M24: 2.1721357 | N24: 2.1703971 | O24: 2.2070458 | P24: 2.2409713 | Q24: 2.2483328 | R24: 2.1179112 | S24: 1.7960732 | T24: 1.8014958 | U24: 1.663321 | V24: 1.7285622 | W24: 1.6754883 | DA24: FEC.ktoe.LT.Ser.Bld.Thermal.HW.Biomass.Biomass_Waste
A25: Distributed heat | B25: 15.065046 | C25: 15.933882 | D25: 16.228941 | E25: 17.621352 | F25: 19.484128 | G25: 21.464269 | H25: 23.160534 | I25: 22.814024 | J25: 24.059816 | K25: 26.148514 | L25: 27.783677 | M25: 28.336477 | N25: 29.12951 | O25: 30.791114 | P25: 31.447674 | Q25: 34.072559 | R25: 34.768376 | S25: 35.751774 | T25: 34.564351 | U25: 33.452119 | V25: 28.561737 | W25: 31.715259 | DA25: FEC.ktoe.LT.Ser.Bld.Thermal.HW.DistrHeat.Steam_Distr
A26: Electricity | B26: 10.561498 | C26: 11.95032 | D26: 12.943321 | E26: 13.464276 | F26: 14.015813 | G26: 14.93527 | H26: 15.703327 | I26: 17.699589 | J26: 18.338972 | K26: 16.523772 | L26: 15.795391 | M26: 16.39489 | N26: 16.630443 | O26: 15.545133 | P26: 15.810774 | Q26: 13.307054 | R26: 13.193579 | S26: 12.776962 | T26: 13.524071 | U26: 14.098277 | V26: 12.03333 | W26: 14.087001 | DA26: FEC.ktoe.LT.Ser.Bld.Thermal.HW.Elc.Elec
A27: Solar | B27: 0 | C27: 0 | D27: 0 | E27: 0 | F27: 0 | G27: 0 | H27: 0 | I27: 0 | J27: 0 | K27: 0 | L27: 0 | M27: 0 | N27: 0 | O27: 0 | P27: 0 | Q27: 0 | R27: 0 | S27: 0 | T27: 0 | U27: 0 | V27: 0 | W27: 0 | DA27: FEC.ktoe.LT.Ser.Bld.Thermal.HW.TotalSolar.Solar
A28: Solar
A29: Catering | B29: =SUM(B30:B33) -> 32.112639 | C29: =SUM(C30:C33) -> 32.718413 | D29: =SUM(D30:D33) -> 34.164705 | E29: =SUM(E30:E33) -> 35.554027 | F29: =SUM(F30:F33) -> 36.688831 | G29: =SUM(G30:G33) -> 38.725787 | H29: =SUM(H30:H33) -> 41.899967 | I29: =SUM(I30:I33) -> 44.653013 | ... W29: =SUM(W30:W33) -> 46.447606 | DA29: FEC.ktoe.LT.Ser.Bld.Thermal.CA
A30: Liquified petroleum gas (LPG) | B30: 0 | C30: 0 | D30: 0 | E30: 0 | F30: 0 | G30: 0 | H30: 0 | I30: 0 | J30: 0 | K30: 0 | L30: 0 | M30: 0 | N30: 0 | O30: 0 | P30: 0 | Q30: 0 | R30: 0 | S30: 0 | T30: 0 | U30: 0 | V30: 0 | W30: 0 | DA30: FEC.ktoe.LT.Ser.Bld.Thermal.CA.LPG
A31: Natural gas | B31: 8.5928692 | C31: 9.2078144 | D31: 10.441922 | E31: 10.844918 | F31: 9.9436646 | G31: 10.651318 | H31: 11.177218 | I31: 14.527501 | J31: 15.562962 | K31: 15.238142 | L31: 14.052336 | M31: 13.375228 | N31: 11.71593 | O31: 9.7103838 | P31: 8.6664118 | Q31: 9.8525418 | R31: 10.472761 | S31: 9.580571 | T31: 9.9500297 | U31: 6.4713454 | V31: 4.9668072 | W31: 5.2051538 | DA31: FEC.ktoe.LT.Ser.Bld.Thermal.CA.Gas.NG_Biogas
A32: Biomass | B32: 0 | C32: 0 | D32: 0 | E32: 0 | F32: 0 | G32: 0.65081685 | H32: 0.65081685 | I32: 0.65081685 | J32: 1.4712812 | K32: 0.73568358 | L32: 1.4712812 | M32: 1.4712812 | N32: 0.73568358 | O32: 0.73568358 | P32: 0.73568358 | Q32: 1.4712812 | R32: 1.4712812 | S32: 1.6920034 | T32: 1.9126397 | U32: 2.5747206 | V32: 2.5747206 | W32: 3.8253654 | DA32: FEC.ktoe.LT.Ser.Bld.Thermal.CA.Biomass.Biomass_Waste
A33: Electricity | B33: 23.51977 | C33: 23.510599 | D33: 23.722783 | E33: 24.709109 | F33: 26.745167 | G33: 27.423652 | H33: 30.071932 | I33: 29.474694 | J33: 28.413247 | K33: 28.688969 | L33: 28.403884 | M33: 28.938695 | N33: 32.348878 | O33: 32.486909 | P33: 33.375676 | Q33: 29.55034 | R33: 30.799319 | S33: 29.743834 | T33: 31.071346 | U33: 34.654351 | V33: 32.784154 | W33: 37.417087 | DA33: FEC.ktoe.LT.Ser.Bld.Thermal.CA.Elc.Elec

Sheet SER_hh_tes
A1: LT - Thermal energy service | B1: 2000 | C1: 2001 | D1: 2002 | E1: 2003 | F1: 2004 | G1: 2005 | H1: 2006 | I1: 2007 | J1: 2008 | K1: 2009 | L1: 2010 | M1: 2011 | N1: 2012 | O1: 2013 | P1: 2014 | Q1: 2015 | R1: 2016 | S1: 2017 | T1: 2018 | U1: 2019 | V1: 2020 | W1: 2021 | DA1: Code
A3: Thermal energy service (ktoe useful) | B3: =SUM(B4,B16,B19,B29) -> 225.93313 | C3: =SUM(C4,C16,C19,C29) -> 231.33359 | D3: =SUM(D4,D16,D19,D29) -> 237.57271 | E3: =SUM(E4,E16,E19,E29) -> 251.76069 | F3: =SUM(F4,F16,F19,F29) -> 263.3197 | G3: =SUM(G4,G16,G19,G29) -> 269.70784 | H3: =SUM(H4,H16,H19,H29) -> 295.70545 | I3: =SUM(I4,I16,I19,I29) -> 303.94212 | ... W3: =SUM(W4,W16,W19,W29) -> 324.11683 | DA3: TES.ktoe.LT.Ser.Bld.Thermal
A4: Space heating | B4: =SUM(B5:B15) -> 181.92343 | C4: =SUM(C5:C15) -> 185.48942 | D4: =SUM(D5:D15) -> 189.26395 | E4: =SUM(E5:E15) -> 200.98697 | F4: =SUM(F5:F15) -> 208.91141 | G4: =SUM(G5:G15) -> 211.35026 | H4: =SUM(H5:H15) -> 231.85768 | I4: =SUM(I5:I15) -> 236.43297 | ... W4: =SUM(W5:W15) -> 234.18651 | DA4: TES.ktoe.LT.Ser.Bld.Thermal.SH
A5: Solids | B5: 21.939276 | C5: 18.287317 | D5: 21.88943 | E5: 22.605957 | F5: 22.808449 | G5: 27.396865 | H5: 37.419471 | I5: 28.951088 | J5: 22.324563 | K5: 27.996338 | L5: 28.773066 | M5: 34.8593 | N5: 24.750157 | O5: 29.347368 | P5: 25.730389 | Q5: 19.266534 | R5: 23.725612 | S5: 24.984478 | T5: 26.233126 | U5: 22.295208 | V5: 14.852925 | W5: 18.341917 | DA5: TES.ktoe.LT.Ser.Bld.Thermal.SH.Solids.Solids
A6: Liquified petroleum gas (LPG) | B6: 0 | C6: 0 | D6: 0 | E6: 0 | F6: 0 | G6: 0 | H6: 0 | I6: 0 | J6: 0 | K6: 0 | L6: 0 | M6: 0 | N6: 0 | O6: 0 | P6: 0 | Q6: 0 | R6: 0 | S6: 0 | T6: 0 | U6: 0 | V6: 0 | W6: 0 | DA6: TES.ktoe.LT.Ser.Bld.Thermal.SH.LPG.LPG
A7: Diesel oil | B7: 7.5291032 | C7: 5.4323369 | D7: 5.9240081 | E7: 3.8124397 | F7: 3.8340089 | G7: 2.6390702 | H7: 2.1946267 | I7: 2.2073959 | J7: 3.5907581 | K7: 1.0725439 | L7: 1.6251849 | M7: 2.275673 | N7: 1.4416943 | O7: 1.5432692 | P7: 2.1214131 | Q7: 0.953183 | R7: 0.9553923 | S7: 1.1137167 | T7: 0.83477709 | U7: 1.1048661 | V7: 1.2900112 | W7: 1.5094907 | DA7: TES.ktoe.LT.Ser.Bld.Thermal.SH.Oil.Oil_LiqBio
A8: Gas heat pumps | B8: 0 | C8: 0 | D8: 0 | E8: 0 | F8: 0 | G8: 0 | H8: 0 | I8: 0 | J8: 0 | K8: 0 | L8: 0 | M8: 0 | N8: 0 | O8: 0 | P8: 0 | Q8: 0 | R8: 0 | S8: 0 | T8: 0 | U8: 0 | V8: 0 | W8: 0 | DA8: TES.ktoe.LT.Ser.Bld.Thermal.SH.GasHP.NG_Biogas
A9: Conventional gas heaters | B9: 9.7430768 | C9: 11.061608 | D9: 13.443071 | E9: 14.432865 | F9: 20.999175 | G9: 20.399361 | H9: 22.064462 | I9: 29.980406 | J9: 27.632253 | K9: 24.635968 | L9: 28.251811 | M9: 25.418992 | N9: 28.589309 | O9: 30.339195 | P9: 27.274964 | Q9: 31.528022 | R9: 34.298436 | S9: 37.292248 | T9: 40.389876 | U9: 42.884527 | V9: 42.221952 | W9: 45.217922 | DA9: TES.ktoe.LT.Ser.Bld.Thermal.SH.GasTH.NG_Biogas
A10: Biomass | B10: 16.162493 | C10: 16.112822 | D10: 15.912176 | E10: 13.624266 | F10: 12.611216 | G10: 12.562877 | H10: 12.494432 | I10: 12.078794 | J10: 12.727719 | K10: 12.732311 | L10: 12.906256 | M10: 14.353481 | N10: 15.418488 | O10: 16.487489 | P10: 15.731003 | Q10: 15.303606 | R10: 15.846016 | S10: 13.894518 | T10: 14.306654 | U10: 13.798 | V10: 14.903878 | W10: 14.414968 | DA10: TES.ktoe.LT.Ser.Bld.Thermal.SH.Biomass.Biomass_Waste
A11: Geothermal | B11: 0 | C11: 0 | D11: 0 | E11: 0 | F11: 0 | G11: 0 | H11: 0 | I11: 0 | J11: 0 | K11: 0 | L11: 0 | M11: 0 | N11: 0 | O11: 0 | P11: 0 | Q11: 0 | R11: 0 | S11: 0 | T11: 0 | U11: 0 | V11: 0 | W11: 0 | DA11: TES.ktoe.LT.Ser.Bld.Thermal.SH.Geo.Geo
A12: Distributed heat | B12: 110.74816 | C12: 117.68662 | D12: 115.8626 | E12: 123.73954 | F12: 125.26346 | G12: 125.29163 | H12: 134.4856 | I12: 140.51182 | J12: 116.19572 | K12: 125.06136 | L12: 134.25467 | M12: 108.12599 | N12: 130.17661 | O12: 107.75092 | P12: 106.43888 | Q12: 108.53237 | R12: 108.18845 | S12: 130.6347 | T12: 132.02976 | U12: 112.81247 | V12: 103.87288 | W12: 134.37309 | DA12: TES.ktoe.LT.Ser.Bld.Thermal.SH.DistrHeat.Steam_Distr
A13: Advanced electric heating | B13: 0.0080506713 | C13: 0.013228545 | D13: 0.019419682 | E13: 0.0394609 | F13: 0.054304599 | G13: 0.077332631 | H13: 0.097972884 | I13: 0.12128587 | J13: 0.21060143 | K13: 0.23404905 | L13: 0.26017784 | M13: 0.47731781 | N13: 0.74031829 | O13: 1.0319979 | P13: 1.6691565 | Q13: 1.8460129 | R13: 1.9738348 | S13: 2.0471256 | T13: 2.1591041 | U13: 2.2014745 | V13: 2.1687097 | W13: 4.4842025 | DA13: TES.ktoe.LT.Ser.Bld.Thermal.SH.AdvElc.Elec
A14: Conventional electric heating | B14: 14.513068 | C14: 15.65942 | D14: 14.922621 | E14: 21.464962 | F14: 21.97454 | G14: 21.631143 | H14: 21.617664 | I14: 21.033897 | J14: 29.215901 | K14: 13.458169 | L14: 6.5996488 | M14: 9.7329672 | N14: 13.270021 | O14: 8.4657313 | P14: 8.7217729 | Q14: 3.6893713 | R14: 10.402396 | S14: 6.5188983 | T14: 12.83316 | U14: 13.922404 | V14: 10.427246 | W14: 14.31118 | DA14: TES.ktoe.LT.Ser.Bld.Thermal.SH.ConvElc.Elec
A15: Electricity in circulation and other use | B15: 1.2802021 | C15: 1.2360682 | D15: 1.2906257 | E15: 1.2674815 | F15: 1.3662657 | G15: 1.3519819 | H15: 1.4834531 | I15: 1.5482886 | J15: 1.3532337 | K15: 1.3272807 | L15: 1.4290052 | M15: 1.3316005 | N15: 1.3722721 | O15: 1.3449642 | P15: 1.2525635 | Q15: 1.2467017 | R15: 1.3223136 | S15: 1.4505958 | T15: 1.5090257 | U15: 1.4367538 | V15: 1.341889 | W15: 1.5337397 | DA15: TES.ktoe.LT.Ser.Bld.Thermal.SH.TotalCirculation.Elec
A16: Space cooling | B16: =SUM(B17:B18) -> 2.2966788 | C16: =SUM(C17:C18) -> 2.679321 | D16: =SUM(D17:D18) -> 3.2400312 | E16: =SUM(E17:E18) -> 3.2536244 | F16: =SUM(F17:F18) -> 3.6234636 | G16: =SUM(G17:G18) -> 4.0552215 | H16: =SUM(H17:H18) -> 4.9987414 | I16: =SUM(I17:I18) -> 5.1860293 | ... W16: =SUM(W17:W18) -> 11.671754 | DA16: TES.ktoe.LT.Ser.Bld.Thermal.SC
A17: Gas heat pumps | B17: 0 | C17: 0 | D17: 0 | E17: 0 | F17: 0 | G17: 0 | H17: 0 | I17: 0 | J17: 0 | K17: 0 | L17: 0 | M17: 0 | N17: 0 | O17: 0 | P17: 0 | Q17: 0 | R17: 0 | S17: 0 | T17: 0 | U17: 0 | V17: 0 | W17: 0 | DA17: TES.ktoe.LT.Ser.Bld.Thermal.SC.GasHP.NG_Biogas
A18: Electric space cooling | B18: 2.2966788 | C18: 2.679321 | D18: 3.2400312 | E18: 3.2536244 | F18: 3.6234636 | G18: 4.0552215 | H18: 4.9987414 | I18: 5.1860293 | J18: 5.622984 | K18: 5.9746772 | L18: 7.8988728 | M18: 6.5515615 | N18: 7.3959768 | O18: 7.1417318 | P18: 8.2645332 | Q18: 8.3322574 | R18: 8.2672296 | S18: 8.4791328 | T18: 9.3857905 | U18: 9.5058336 | V18: 9.5495783 | W18: 11.671754 | DA18: TES.ktoe.LT.Ser.Bld.Thermal.SC.AC.Elec
A19: Hot water | B19: =SUM(B20:B27) -> 19.787166 | C19: =SUM(C20:C27) -> 20.847708 | D19: =SUM(D20:D27) -> 21.844898 | E19: =SUM(E20:E27) -> 23.273087 | F19: =SUM(F20:F27) -> 25.47338 | G19: =SUM(G20:G27) -> 27.648463 | H19: =SUM(H20:H27) -> 29.861249 | I19: =SUM(I20:I27) -> 31.774468 | ... W19: =SUM(W20:W27) -> 42.559245 | DA19: TES.ktoe.LT.Ser.Bld.Thermal.HW
A20: Solids | B20: 0 | C20: 0 | D20: 0 | E20: 0 | F20: 0 | G20: 0 | H20: 0 | I20: 0 | J20: 0 | K20: 0 | L20: 0 | M20: 0 | N20: 0 | O20: 0 | P20: 0 | Q20: 0 | R20: 0 | S20: 0 | T20: 0 | U20: 0 | V20: 0 | W20: 0 | DA20: TES.ktoe.LT.Ser.Bld.Thermal.HW.Solids.Solids
A21: Liquified petroleum gas (LPG) | B21: 0 | C21: 0 | D21: 0 | E21: 0 | F21: 0 | G21: 0 | H21: 0 | I21: 0 | J21: 0 | K21: 0 | L21: 0 | M21: 0 | N21: 0 | O21: 0 | P21: 0 | Q21: 0 | R21: 0 | S21: 0 | T21: 0 | U21: 0 | V21: 0 | W21: 0 | DA21: TES.ktoe.LT.Ser.Bld.Thermal.HW.LPG.LPG
A22: Diesel oil | B22: 1.0014097 | C22: 0.58494152 | D22: 0.54911376 | E22: 0.43106524 | F22: 0.51640952 | G22: 0.41765992 | H22: 0.43046286 | I22: 0.3874245 | J22: 0.39147808 | K22: 0.28435052 | L22: 0.25785775 | M22: 0.21983023 | N22: 0.17949254 | O22: 0.19404524 | P22: 0.19737047 | Q22: 0.19843748 | R22: 0.19639547 | S22: 0.22179855 | T22: 0.16129765 | U22: 0.21297522 | V22: 0.25576272 | W22: 0.30576013 | DA22: TES.ktoe.LT.Ser.Bld.Thermal.HW.Oil.Oil_LiqBio
A23: Natural gas | B23: 0.76770938 | C23: 0.8086667 | D23: 0.90866677 | E23: 0.96251503 | F23: 1.2194731 | G23: 1.2927036 | H23: 1.5612679 | I23: 2.3873337 | J23: 2.7409235 | K23: 2.7649843 | L23: 2.8181529 | M23: 2.9081497 | N23: 2.9343107 | O23: 3.0215968 | P23: 2.8776389 | Q23: 3.1731334 | R23: 3.4749812 | S23: 3.5744688 | T23: 3.849555 | U23: 4.0668894 | V23: 4.2629226 | W23: 4.5742642 | DA23: TES.ktoe.LT.Ser.Bld.Thermal.HW.Gas.NG_Biogas
A24: Biomass | B24: 0.86303187 | C24: 0.76216563 | D24: 0.79712075 | E24: 0.85109075 | F24: 0.90607943 | G24: 0.97139001 | H24: 1.0677301 | I24: 1.057422 | J24: 1.1091022 | K24: 1.1377525 | L24: 1.183309 | M24: 1.2502026 | N24: 1.2917281 | O24: 1.3529472 | P24: 1.3847224 | Q24: 1.3993355 | R24: 1.3273911 | S24: 1.1352901 | T24: 1.1571407 | U24: 1.0889786 | V24: 1.1573924 | W24: 1.1472006 | DA24: TES.ktoe.LT.Ser.Bld.Thermal.HW.Biomass.Biomass_Waste
A25: Distributed heat | B25: 10.87365 | C25: 11.548889 | D25: 11.810923 | E25: 12.896288 | F25: 14.328976 | G25: 15.860597 | H25: 17.181346 | I25: 17.024069 | J25: 18.037229 | K25: 19.67777 | L25: 21.010064 | M25: 21.548029 | N25: 22.278753 | O25: 23.706492 | P25: 24.327822 | Q25: 26.516583 | R25: 27.23121 | S25: 28.213758 | T25: 27.461619 | U25: 26.767614 | V25: 23.01259 | W25: 25.764659 | DA25: TES.ktoe.LT.Ser.Bld.Thermal.HW.DistrHeat.Steam_Distr
A26: Electricity | B26: 6.2813653 | C26: 7.1430453 | D26: 7.7790737 | E26: 8.1321285 | F26: 8.5024422 | G26: 9.1061128 | H26: 9.6204417 | I26: 10.918219 | J26: 11.365321 | K26: 10.27576 | L26: 9.8629364 | M26: 10.302666 | N26: 10.547194 | O26: 9.9471212 | P26: 10.150458 | Q26: 8.5603575 | R26: 8.5960081 | S26: 8.5496985 | T26: 9.3834506 | U26: 10.13571 | V26: 8.9358338 | W26: 10.767361 | DA26: TES.ktoe.LT.Ser.Bld.Thermal.HW.Elc.Elec
A27: Solar | B27: 0 | C27: 0 | D27: 0 | E27: 0 | F27: 0 | G27: 0 | H27: 0 | I27: 0 | J27: 0 | K27: 0 | L27: 0 | M27: 0 | N27: 0 | O27: 0 | P27: 0 | Q27: 0 | R27: 0 | S27: 0 | T27: 0 | U27: 0 | V27: 0 | W27: 0 | DA27: TES.ktoe.LT.Ser.Bld.Thermal.HW.TotalSolar.Solar
A28: Solar
A29: Catering | B29: =SUM(B30:B33) -> 21.925854 | C29: =SUM(C30:C33) -> 22.317132 | D29: =SUM(D30:D33) -> 23.223825 | E29: =SUM(E30:E33) -> 24.247004 | F29: =SUM(F30:F33) -> 25.311444 | G29: =SUM(G30:G33) -> 26.653902 | H29: =SUM(H30:H33) -> 28.987782 | I29: =SUM(I30:I33) -> 30.548648 | ... W29: =SUM(W30:W33) -> 35.699322 | DA29: TES.ktoe.LT.Ser.Bld.Thermal.CA
A30: Liquified petroleum gas (LPG) | B30: 0 | C30: 0 | D30: 0 | E30: 0 | F30: 0 | G30: 0 | H30: 0 | I30: 0 | J30: 0 | K30: 0 | L30: 0 | M30: 0 | N30: 0 | O30: 0 | P30: 0 | Q30: 0 | R30: 0 | S30: 0 | T30: 0 | U30: 0 | V30: 0 | W30: 0 | DA30: TES.ktoe.LT.Ser.Bld.Thermal.CA.LPG
A31: Natural gas | B31: 4.7967348 | C31: 5.1507353 | D31: 5.854721 | E31: 6.0930764 | F31: 5.596326 | G31: 6.0090283 | H31: 6.3233697 | I31: 8.2459216 | J31: 8.8568347 | K31: 8.6911141 | L31: 8.0253764 | M31: 7.6414999 | N31: 6.6970177 | O31: 5.5551999 | P31: 4.9647722 | Q31: 5.6532255 | R31: 6.0226101 | S31: 5.5258795 | T31: 5.7554554 | U31: 3.7492379 | V31: 2.8808736 | W31: 3.021101 | DA31: TES.ktoe.LT.Ser.Bld.Thermal.CA.Gas.NG_Biogas
A32: Biomass | B32: 0 | C32: 0 | D32: 0 | E32: 0 | F32: 0 | G32: 0.36864708 | H32: 0.36872304 | I32: 0.36880468 | J32: 0.8340608 | K32: 0.41708871 | L32: 0.83441315 | M32: 0.83443301 | N32: 0.4172807 | O32: 0.41732034 | P32: 0.41747781 | Q32: 0.83525435 | R32: 0.83601345 | S32: 0.9630327 | T32: 1.0903533 | U32: 1.4711299 | V32: 1.4743694 | W32: 2.1947903 | DA32: TES.ktoe.LT.Ser.Bld.Thermal.CA.Biomass.Biomass_Waste
A33: Electricity | B33: 17.129119 | C33: 17.166397 | D33: 17.369104 | E33: 18.153927 | F33: 19.715118 | G33: 20.276227 | H33: 22.29569 | I33: 21.933922 | J33: 21.210028 | K33: 21.482434 | L33: 21.330156 | M33: 21.775787 | N33: 24.409997 | O33: 24.61254 | P33: 25.403241 | Q33: 22.601319 | R33: 23.699699 | S33: 23.075589 | T33: 24.365005 | U33: 27.547059 | V33: 26.402502 | W33: 30.483431 | DA33: TES.ktoe.LT.Ser.Bld.Thermal.CA.Elc.Elec

Sheet SER_hh_eff
A1: LT - System efficiency indicator of total stock | B1: 2000 | C1: 2001 | D1: 2002 | E1: 2003 | F1: 2004 | G1: 2005 | H1: 2006 | I1: 2007 | J1: 2008 | K1: 2009 | L1: 2010 | M1: 2011 | N1: 2012 | O1: 2013 | P1: 2014 | Q1: 2015 | R1: 2016 | S1: 2017 | T1: 2018 | U1: 2019 | V1: 2020 | W1: 2021 | DA1: Code
A3: Ratio of energy service to energy consumption | B3: =IF(SER_hh_tes!B3=0,"",SER_hh_tes!B3/SER_hh_fec!B3) -> 0.62145012 | C3: =IF(SER_hh_tes!C3=0,"",SER_hh_tes!C3/SER_hh_fec!C3) -> 0.63448606 | D3: =IF(SER_hh_tes!D3=0,"",SER_hh_tes!D3/SER_hh_fec!D3) -> 0.63534044 | E3: =IF(SER_hh_tes!E3=0,"",SER_hh_tes!E3/SER_hh_fec!E3) -> 0.64908716 | F3: =IF(SER_hh_tes!F3=0,"",SER_hh_tes!F3/SER_hh_fec!F3) -> 0.65379155 | G3: =IF(SER_hh_tes!G3=0,"",SER_hh_tes!G3/SER_hh_fec!G3) -> 0.66011574 | H3: =IF(SER_hh_tes!H3=0,"",SER_hh_tes!H3/SER_hh_fec!H3) -> 0.66480874 | I3: =IF(SER_hh_tes!I3=0,"",SER_hh_tes!I3/SER_hh_fec!I3) -> 0.67205649 | ... W3: =IF(SER_hh_tes!W3=0,"",SER_hh_tes!W3/SER_hh_fec!W3) -> 0.78135768 | DA3: Eff.ratio.LT.Ser.Bld.Thermal
A4: Space heating | B4: =IF(SER_hh_tes!B4=0,"",SER_hh_tes!B4/SER_hh_fec!B4) -> 0.60863136 | C4: =IF(SER_hh_tes!C4=0,"",SER_hh_tes!C4/SER_hh_fec!C4) -> 0.62232271 | D4: =IF(SER_hh_tes!D4=0,"",SER_hh_tes!D4/SER_hh_fec!D4) -> 0.62189182 | E4: =IF(SER_hh_tes!E4=0,"",SER_hh_tes!E4/SER_hh_fec!E4) -> 0.63775933 | F4: =IF(SER_hh_tes!F4=0,"",SER_hh_tes!F4/SER_hh_fec!F4) -> 0.64142717 | G4: =IF(SER_hh_tes!G4=0,"",SER_hh_tes!G4/SER_hh_fec!G4) -> 0.64727356 | H4: =IF(SER_hh_tes!H4=0,"",SER_hh_tes!H4/SER_hh_fec!H4) -> 0.65086795 | I4: =IF(SER_hh_tes!I4=0,"",SER_hh_tes!I4/SER_hh_fec!I4) -> 0.66036195 | ... W4: =IF(SER_hh_tes!W4=0,"",SER_hh_tes!W4/SER_hh_fec!W4) -> 0.75172245 | DA4: Eff.ratio.LT.Ser.Bld.Thermal.SH
A5: Solids | B5: =IF(SER_hh_tes!B5=0,"",SER_hh_tes!B5/SER_hh_fec!B5) -> 0.48951493 | C5: =IF(SER_hh_tes!C5=0,"",SER_hh_tes!C5/SER_hh_fec!C5) -> 0.49379969 | D5: =IF(SER_hh_tes!D5=0,"",SER_hh_tes!D5/SER_hh_fec!D5) -> 0.50455067 | E5: =IF(SER_hh_tes!E5=0,"",SER_hh_tes!E5/SER_hh_fec!E5) -> 0.51463362 | F5: =IF(SER_hh_tes!F5=0,"",SER_hh_tes!F5/SER_hh_fec!F5) -> 0.52733416 | G5: =IF(SER_hh_tes!G5=0,"",SER_hh_tes!G5/SER_hh_fec!G5) -> 0.54035101 | H5: =IF(SER_hh_tes!H5=0,"",SER_hh_tes!H5/SER_hh_fec!H5) -> 0.54953241 | I5: =IF(SER_hh_tes!I5=0,"",SER_hh_tes!I5/SER_hh_fec!I5) -> 0.55733137 | ... W5: =IF(SER_hh_tes!W5=0,"",SER_hh_tes!W5/SER_hh_fec!W5) -> 0.65681922 | DA5: Eff.ratio.LT.Ser.Bld.Thermal.SH.Solids.Solids
A6: Liquified petroleum gas (LPG) | B6: =IF(SER_hh_tes!B6=0,"",SER_hh_tes!B6/SER_hh_fec!B6) | C6: =IF(SER_hh_tes!C6=0,"",SER_hh_tes!C6/SER_hh_fec!C6) | D6: =IF(SER_hh_tes!D6=0,"",SER_hh_tes!D6/SER_hh_fec!D6) | E6: =IF(SER_hh_tes!E6=0,"",SER_hh_tes!E6/SER_hh_fec!E6) | F6: =IF(SER_hh_tes!F6=0,"",SER_hh_tes!F6/SER_hh_fec!F6) | G6: =IF(SER_hh_tes!G6=0,"",SER_hh_tes!G6/SER_hh_fec!G6) | H6: =IF(SER_hh_tes!H6=0,"",SER_hh_tes!H6/SER_hh_fec!H6) | I6: =IF(SER_hh_tes!I6=0,"",SER_hh_tes!I6/SER_hh_fec!I6) | ... W6: =IF(SER_hh_tes!W6=0,"",SER_hh_tes!W6/SER_hh_fec!W6) | DA6: Eff.ratio.LT.Ser.Bld.Thermal.SH.LPG.LPG
A7: Diesel oil | B7: =IF(SER_hh_tes!B7=0,"",SER_hh_tes!B7/SER_hh_fec!B7) -> 0.42369669 | C7: =IF(SER_hh_tes!C7=0,"",SER_hh_tes!C7/SER_hh_fec!C7) -> 0.42369669 | D7: =IF(SER_hh_tes!D7=0,"",SER_hh_tes!D7/SER_hh_fec!D7) -> 0.42369669 | E7: =IF(SER_hh_tes!E7=0,"",SER_hh_tes!E7/SER_hh_fec!E7) -> 0.42369669 | F7: =IF(SER_hh_tes!F7=0,"",SER_hh_tes!F7/SER_hh_fec!F7) -> 0.42369669 | G7: =IF(SER_hh_tes!G7=0,"",SER_hh_tes!G7/SER_hh_fec!G7) -> 0.42369669 | H7: =IF(SER_hh_tes!H7=0,"",SER_hh_tes!H7/SER_hh_fec!H7) -> 0.42369669 | I7: =IF(SER_hh_tes!I7=0,"",SER_hh_tes!I7/SER_hh_fec!I7) -> 0.42369669 | ... W7: =IF(SER_hh_tes!W7=0,"",SER_hh_tes!W7/SER_hh_fec!W7) -> 0.60096379 | DA7: Eff.ratio.LT.Ser.Bld.Thermal.SH.Oil.Oil_LiqBio
A8: Gas heat pumps | B8: =IF(SER_hh_tes!B8=0,"",SER_hh_tes!B8/SER_hh_fec!B8) | C8: =IF(SER_hh_tes!C8=0,"",SER_hh_tes!C8/SER_hh_fec!C8) | D8: =IF(SER_hh_tes!D8=0,"",SER_hh_tes!D8/SER_hh_fec!D8) | E8: =IF(SER_hh_tes!E8=0,"",SER_hh_tes!E8/SER_hh_fec!E8) | F8: =IF(SER_hh_tes!F8=0,"",SER_hh_tes!F8/SER_hh_fec!F8) | G8: =IF(SER_hh_tes!G8=0,"",SER_hh_tes!G8/SER_hh_fec!G8) | H8: =IF(SER_hh_tes!H8=0,"",SER_hh_tes!H8/SER_hh_fec!H8) | I8: =IF(SER_hh_tes!I8=0,"",SER_hh_tes!I8/SER_hh_fec!I8) | ... W8: =IF(SER_hh_tes!W8=0,"",SER_hh_tes!W8/SER_hh_fec!W8) | DA8: Eff.ratio.LT.Ser.Bld.Thermal.SH.GasHP.NG_Biogas
A9: Conventional gas heaters | B9: =IF(SER_hh_tes!B9=0,"",SER_hh_tes!B9/SER_hh_fec!B9) -> 0.46573263 | C9: =IF(SER_hh_tes!C9=0,"",SER_hh_tes!C9/SER_hh_fec!C9) -> 0.47976815 | D9: =IF(SER_hh_tes!D9=0,"",SER_hh_tes!D9/SER_hh_fec!D9) -> 0.49755448 | E9: =IF(SER_hh_tes!E9=0,"",SER_hh_tes!E9/SER_hh_fec!E9) -> 0.51208902 | F9: =IF(SER_hh_tes!F9=0,"",SER_hh_tes!F9/SER_hh_fec!F9) -> 0.52618541 | G9: =IF(SER_hh_tes!G9=0,"",SER_hh_tes!G9/SER_hh_fec!G9) -> 0.53664911 | H9: =IF(SER_hh_tes!H9=0,"",SER_hh_tes!H9/SER_hh_fec!H9) -> 0.5467567 | I9: =IF(SER_hh_tes!I9=0,"",SER_hh_tes!I9/SER_hh_fec!I9) -> 0.55710072 | ... W9: =IF(SER_hh_tes!W9=0,"",SER_hh_tes!W9/SER_hh_fec!W9) -> 0.67779153 | DA9: Eff.ratio.LT.Ser.Bld.Thermal.SH.GasTH.NG_Biogas
A10: Biomass | B10: =IF(SER_hh_tes!B10=0,"",SER_hh_tes!B10/SER_hh_fec!B10) -> 0.41826538 | C10: =IF(SER_hh_tes!C10=0,"",SER_hh_tes!C10/SER_hh_fec!C10) -> 0.42494417 | D10: =IF(SER_hh_tes!D10=0,"",SER_hh_tes!D10/SER_hh_fec!D10) -> 0.42846985 | E10: =IF(SER_hh_tes!E10=0,"",SER_hh_tes!E10/SER_hh_fec!E10) -> 0.43089859 | F10: =IF(SER_hh_tes!F10=0,"",SER_hh_tes!F10/SER_hh_fec!F10) -> 0.43454525 | G10: =IF(SER_hh_tes!G10=0,"",SER_hh_tes!G10/SER_hh_fec!G10) -> 0.44062462 | H10: =IF(SER_hh_tes!H10=0,"",SER_hh_tes!H10/SER_hh_fec!H10) -> 0.44863471 | I10: =IF(SER_hh_tes!I10=0,"",SER_hh_tes!I10/SER_hh_fec!I10) -> 0.4587587 | ... W10: =IF(SER_hh_tes!W10=0,"",SER_hh_tes!W10/SER_hh_fec!W10) -> 0.51022929 | DA10: Eff.ratio.LT.Ser.Bld.Thermal.SH.Biomass.Biomass_Waste
A11: Geothermal | B11: =IF(SER_hh_tes!B11=0,"",SER_hh_tes!B11/SER_hh_fec!B11) | C11: =IF(SER_hh_tes!C11=0,"",SER_hh_tes!C11/SER_hh_fec!C11) | D11: =IF(SER_hh_tes!D11=0,"",SER_hh_tes!D11/SER_hh_fec!D11) | E11: =IF(SER_hh_tes!E11=0,"",SER_hh_tes!E11/SER_hh_fec!E11) | F11: =IF(SER_hh_tes!F11=0,"",SER_hh_tes!F11/SER_hh_fec!F11) | G11: =IF(SER_hh_tes!G11=0,"",SER_hh_tes!G11/SER_hh_fec!G11) | H11: =IF(SER_hh_tes!H11=0,"",SER_hh_tes!H11/SER_hh_fec!H11) | I11: =IF(SER_hh_tes!I11=0,"",SER_hh_tes!I11/SER_hh_fec!I11) | ... W11: =IF(SER_hh_tes!W11=0,"",SER_hh_tes!W11/SER_hh_fec!W11) | DA11: Eff.ratio.LT.Ser.Bld.Thermal.SH.Geo.Geo
A12: Distributed heat | B12: =IF(SER_hh_tes!B12=0,"",SER_hh_tes!B12/SER_hh_fec!B12) -> 0.72424527 | C12: =IF(SER_hh_tes!C12=0,"",SER_hh_tes!C12/SER_hh_fec!C12) -> 0.72739767 | D12: =IF(SER_hh_tes!D12=0,"",SER_hh_tes!D12/SER_hh_fec!D12) -> 0.73006504 | E12: =IF(SER_hh_tes!E12=0,"",SER_hh_tes!E12/SER_hh_fec!E12) -> 0.73358229 | F12: =IF(SER_hh_tes!F12=0,"",SER_hh_tes!F12/SER_hh_fec!F12) -> 0.73646331 | G12: =IF(SER_hh_tes!G12=0,"",SER_hh_tes!G12/SER_hh_fec!G12) -> 0.73963104 | H12: =IF(SER_hh_tes!H12=0,"",SER_hh_tes!H12/SER_hh_fec!H12) -> 0.74230837 | I12: =IF(SER_hh_tes!I12=0,"",SER_hh_tes!I12/SER_hh_fec!I12) -> 0.74705787 | ... W12: =IF(SER_hh_tes!W12=0,"",SER_hh_tes!W12/SER_hh_fec!W12) -> 0.81051949 | DA12: Eff.ratio.LT.Ser.Bld.Thermal.SH.DistrHeat.Steam_Distr
A13: Advanced electric heating | B13: =IF(SER_hh_tes!B13=0,"",SER_hh_tes!B13/SER_hh_fec!B13) -> 1.2591834 | C13: =IF(SER_hh_tes!C13=0,"",SER_hh_tes!C13/SER_hh_fec!C13) -> 1.2721744 | D13: =IF(SER_hh_tes!D13=0,"",SER_hh_tes!D13/SER_hh_fec!D13) -> 1.3312978 | E13: =IF(SER_hh_tes!E13=0,"",SER_hh_tes!E13/SER_hh_fec!E13) -> 1.3967045 | F13: =IF(SER_hh_tes!F13=0,"",SER_hh_tes!F13/SER_hh_fec!F13) -> 1.459362 | G13: =IF(SER_hh_tes!G13=0,"",SER_hh_tes!G13/SER_hh_fec!G13) -> 1.5264831 | H13: =IF(SER_hh_tes!H13=0,"",SER_hh_tes!H13/SER_hh_fec!H13) -> 1.6072159 | I13: =IF(SER_hh_tes!I13=0,"",SER_hh_tes!I13/SER_hh_fec!I13) -> 1.6974755 | ... W13: =IF(SER_hh_tes!W13=0,"",SER_hh_tes!W13/SER_hh_fec!W13) -> 2.9451892 | DA13: Eff.ratio.LT.Ser.Bld.Thermal.SH.AdvElc.Elec
A14: Conventional electric heating | B14: =IF(SER_hh_tes!B14=0,"",SER_hh_tes!B14/SER_hh_fec!B14) -> 0.64348458 | C14: =IF(SER_hh_tes!C14=0,"",SER_hh_tes!C14/SER_hh_fec!C14) -> 0.64726361 | D14: =IF(SER_hh_tes!D14=0,"",SER_hh_tes!D14/SER_hh_fec!D14) -> 0.65428224 | E14: =IF(SER_hh_tes!E14=0,"",SER_hh_tes!E14/SER_hh_fec!E14) -> 0.66159278 | F14: =IF(SER_hh_tes!F14=0,"",SER_hh_tes!F14/SER_hh_fec!F14) -> 0.66639578 | G14: =IF(SER_hh_tes!G14=0,"",SER_hh_tes!G14/SER_hh_fec!G14) -> 0.67033625 | H14: =IF(SER_hh_tes!H14=0,"",SER_hh_tes!H14/SER_hh_fec!H14) -> 0.67483891 | I14: =IF(SER_hh_tes!I14=0,"",SER_hh_tes!I14/SER_hh_fec!I14) -> 0.67788635 | ... W14: =IF(SER_hh_tes!W14=0,"",SER_hh_tes!W14/SER_hh_fec!W14) -> 0.82781763 | DA14: Eff.ratio.LT.Ser.Bld.Thermal.SH.ConvElc.Elec
... A27: Solar | B27: =IF(SER_hh_tes!B27=0,"",SER_hh_tes!B27/SER_hh_fec!B27) | C27: =IF(SER_hh_tes!C27=0,"",SER_hh_tes!C27/SER_hh_fec!C27) | D27: =IF(SER_hh_tes!D27=0,"",SER_hh_tes!D27/SER_hh_fec!D27) | E27: =IF(SER_hh_tes!E27=0,"",SER_hh_tes!E27/SER_hh_fec!E27) | F27: =IF(SER_hh_tes!F27=0,"",SER_hh_tes!F27/SER_hh_fec!F27) | G27: =IF(SER_hh_tes!G27=0,"",SER_hh_tes!G27/SER_hh_fec!G27) | H27: =IF(SER_hh_tes!H27=0,"",SER_hh_tes!H27/SER_hh_fec!H27) | I27: =IF(SER_hh_tes!I27=0,"",SER_hh_tes!I27/SER_hh_fec!I27) | ... W27: =IF(SER_hh_tes!W27=0,"",SER_hh_tes!W27/SER_hh_fec!W27) | DA27: Eff.ratio.LT.Ser.Bld.Thermal.HW.TotalSolar.Solar
A28: Solar
A29: Catering | B29: =IF(SER_hh_tes!B29=0,"",SER_hh_tes!B29/SER_hh_fec!B29) -> 0.68277956 | C29: =IF(SER_hh_tes!C29=0,"",SER_hh_tes!C29/SER_hh_fec!C29) -> 0.68209702 | D29: =IF(SER_hh_tes!D29=0,"",SER_hh_tes!D29/SER_hh_fec!D29) -> 0.67976075 | E29: =IF(SER_hh_tes!E29=0,"",SER_hh_tes!E29/SER_hh_fec!E29) -> 0.6819763 | F29: =IF(SER_hh_tes!F29=0,"",SER_hh_tes!F29/SER_hh_fec!F29) -> 0.68989508 | G29: =IF(SER_hh_tes!G29=0,"",SER_hh_tes!G29/SER_hh_fec!G29) -> 0.6882727 | H29: =IF(SER_hh_tes!H29=0,"",SER_hh_tes!H29/SER_hh_fec!H29) -> 0.69183306 | I29: =IF(SER_hh_tes!I29=0,"",SER_hh_tes!I29/SER_hh_fec!I29) -> 0.68413409 | ... W29: =IF(SER_hh_tes!W29=0,"",SER_hh_tes!W29/SER_hh_fec!W29) -> 0.76859338 | DA29: Eff.ratio.LT.Ser.Bld.Thermal.CA
A30: Liquified petroleum gas (LPG) | B30: =IF(SER_hh_tes!B30=0,"",SER_hh_tes!B30/SER_hh_fec!B30) | C30: =IF(SER_hh_tes!C30=0,"",SER_hh_tes!C30/SER_hh_fec!C30) | D30: =IF(SER_hh_tes!D30=0,"",SER_hh_tes!D30/SER_hh_fec!D30) | E30: =IF(SER_hh_tes!E30=0,"",SER_hh_tes!E30/SER_hh_fec!E30) | F30: =IF(SER_hh_tes!F30=0,"",SER_hh_tes!F30/SER_hh_fec!F30) | G30: =IF(SER_hh_tes!G30=0,"",SER_hh_tes!G30/SER_hh_fec!G30) | H30: =IF(SER_hh_tes!H30=0,"",SER_hh_tes!H30/SER_hh_fec!H30) | I30: =IF(SER_hh_tes!I30=0,"",SER_hh_tes!I30/SER_hh_fec!I30) | ... W30: =IF(SER_hh_tes!W30=0,"",SER_hh_tes!W30/SER_hh_fec!W30) | DA30: Eff.ratio.LT.Ser.Bld.Thermal.CA.LPG
A31: Natural gas | B31: =IF(SER_hh_tes!B31=0,"",SER_hh_tes!B31/SER_hh_fec!B31) -> 0.55822272 | C31: =IF(SER_hh_tes!C31=0,"",SER_hh_tes!C31/SER_hh_fec!C31) -> 0.5593874 | D31: =IF(SER_hh_tes!D31=0,"",SER_hh_tes!D31/SER_hh_fec!D31) -> 0.56069382 | E31: =IF(SER_hh_tes!E31=0,"",SER_hh_tes!E31/SER_hh_fec!E31) -> 0.56183701 | F31: =IF(SER_hh_tes!F31=0,"",SER_hh_tes!F31/SER_hh_fec!F31) -> 0.56280318 | G31: =IF(SER_hh_tes!G31=0,"",SER_hh_tes!G31/SER_hh_fec!G31) -> 0.5641582 | H31: =IF(SER_hh_tes!H31=0,"",SER_hh_tes!H31/SER_hh_fec!H31) -> 0.56573736 | I31: =IF(SER_hh_tes!I31=0,"",SER_hh_tes!I31/SER_hh_fec!I31) -> 0.56760769 | ... W31: =IF(SER_hh_tes!W31=0,"",SER_hh_tes!W31/SER_hh_fec!W31) -> 0.5804057 | DA31: Eff.ratio.LT.Ser.Bld.Thermal.CA.Gas.NG_Biogas
A32: Biomass | B32: =IF(SER_hh_tes!B32=0,"",SER_hh_tes!B32/SER_hh_fec!B32) | C32: =IF(SER_hh_tes!C32=0,"",SER_hh_tes!C32/SER_hh_fec!C32) | D32: =IF(SER_hh_tes!D32=0,"",SER_hh_tes!D32/SER_hh_fec!D32) | E32: =IF(SER_hh_tes!E32=0,"",SER_hh_tes!E32/SER_hh_fec!E32) | F32: =IF(SER_hh_tes!F32=0,"",SER_hh_tes!F32/SER_hh_fec!F32) | G32: =IF(SER_hh_tes!G32=0,"",SER_hh_tes!G32/SER_hh_fec!G32) -> 0.56643751 | H32: =IF(SER_hh_tes!H32=0,"",SER_hh_tes!H32/SER_hh_fec!H32) -> 0.56655423 | I32: =IF(SER_hh_tes!I32=0,"",SER_hh_tes!I32/SER_hh_fec!I32) -> 0.56667967 | ... W32: =IF(SER_hh_tes!W32=0,"",SER_hh_tes!W32/SER_hh_fec!W32) -> 0.57374656 | DA32: Eff.ratio.LT.Ser.Bld.Thermal.CA.Biomass.Biomass_Waste
A33: Electricity | B33: =IF(SER_hh_tes!B33=0,"",SER_hh_tes!B33/SER_hh_fec!B33) -> 0.72828598 | C33: =IF(SER_hh_tes!C33=0,"",SER_hh_tes!C33/SER_hh_fec!C33) -> 0.73015567 | D33: =IF(SER_hh_tes!D33=0,"",SER_hh_tes!D33/SER_hh_fec!D33) -> 0.73216975 | E33: =IF(SER_hh_tes!E33=0,"",SER_hh_tes!E33/SER_hh_fec!E33) -> 0.73470588 | F33: =IF(SER_hh_tes!F33=0,"",SER_hh_tes!F33/SER_hh_fec!F33) -> 0.73714696 | G33: =IF(SER_hh_tes!G33=0,"",SER_hh_tes!G33/SER_hh_fec!G33) -> 0.73937003 | H33: =IF(SER_hh_tes!H33=0,"",SER_hh_tes!H33/SER_hh_fec!H33) -> 0.74141194 | I33: =IF(SER_hh_tes!I33=0,"",SER_hh_tes!I33/SER_hh_fec!I33) -> 0.74416113 | ... W33: =IF(SER_hh_tes!W33=0,"",SER_hh_tes!W33/SER_hh_fec!W33) -> 0.8146928 | DA33: Eff.ratio.LT.Ser.Bld.Thermal.CA.Elc.Elec

Sheet SER_hh_emi
A1: LT - CO2 emissions | B1: 2000 | C1: 2001 | D1: 2002 | E1: 2003 | F1: 2004 | G1: 2005 | H1: 2006 | I1: 2007 | J1: 2008 | K1: 2009 | L1: 2010 | M1: 2011 | N1: 2012 | O1: 2013 | P1: 2014 | Q1: 2015 | R1: 2016 | S1: 2017 | T1: 2018 | U1: 2019 | V1: 2020 | W1: 2021 | DA1: Code
A3: CO2 emissions (kt CO2) | B3: =SUM(B4,B16,B19,B29) -> 315.67891 | C3: =SUM(C4,C16,C19,C29) -> 272.36534 | D3: =SUM(D4,D16,D19,D29) -> 311.5897 | E3: =SUM(E4,E16,E19,E29) -> 301.74478 | F3: =SUM(F4,F16,F19,F29) -> 327.47221 | G3: =SUM(G4,G16,G19,G29) -> 345.18161 | H3: =SUM(H4,H16,H19,H29) -> 419.55001 | I3: =SUM(I4,I16,I19,I29) -> 397.85393 | ... W3: =SUM(W4,W16,W19,W29) -> 292.38061 | DA3: EMI.ktCO2.LT.Ser.Bld.Thermal
A4: Space heating | B4: =SUM(B5:B15) -> 285.10023 | C4: =SUM(C5:C15) -> 242.99551 | D4: =SUM(D5:D15) -> 279.76341 | E4: =SUM(E5:E15) -> 269.59803 | F4: =SUM(F5:F15) -> 295.33514 | G4: =SUM(G5:G15) -> 311.9635 | H4: =SUM(H5:H15) -> 384.00574 | I4: =SUM(I5:I15) -> 351.34813 | ... W4: =SUM(W5:W15) -> 265.86425 | DA4: EMI.ktCO2.LT.Ser.Bld.Thermal.SH
A5: Solids | B5: 180.21602 | C5: 149.00366 | D5: 174.37455 | E5: 176.55425 | F5: 174.1782 | G5: 204.35757 | H5: 274.27216 | I5: 209.88373 | J5: 160.02711 | K5: 196.58559 | L5: 198.9897 | M5: 235.96527 | N5: 166.72081 | O5: 194.49618 | P5: 170.43023 | Q5: 126.87794 | R5: 154.76528 | S5: 161.06079 | T5: 167.11785 | U5: 140.26424 | V5: 92.665423 | W5: 113.00955 | DA5: EMI.ktCO2.LT.Ser.Bld.Thermal.SH.Solids.Solids
A6: Liquified petroleum gas (LPG) | B6: 0 | C6: 0 | D6: 0 | E6: 0 | F6: 0 | G6: 0 | H6: 0 | I6: 0 | J6: 0 | K6: 0 | L6: 0 | M6: 0 | N6: 0 | O6: 0 | P6: 0 | Q6: 0 | R6: 0 | S6: 0 | T6: 0 | U6: 0 | V6: 0 | W6: 0 | DA6: EMI.ktCO2.LT.Ser.Bld.Thermal.SH.LPG.LPG
A7: Diesel oil | B7: 55.74767 | C7: 39.837669 | D7: 43.240027 | E7: 28.350988 | F7: 27.977793 | G7: 19.281719 | H7: 16.028608 | I7: 16.309519 | J7: 25.83159 | K7: 7.6013219 | L7: 10.970303 | M7: 14.443445 | N7: 8.4913426 | O7: 8.4785097 | P7: 11.65154 | Q7: 5.2348371 | R7: 5.2469705 | S7: 6.0232687 | T7: 4.4821501 | U7: 5.8262045 | V7: 6.6267364 | W7: 7.6893657 | DA7: EMI.ktCO2.LT.Ser.Bld.Thermal.SH.Oil.Oil_LiqBio
A8: Gas heat pumps | B8: 0 | C8: 0 | D8: 0 | E8: 0 | F8: 0 | G8: 0 | H8: 0 | I8: 0 | J8: 0 | K8: 0 | L8: 0 | M8: 0 | N8: 0 | O8: 0 | P8: 0 | Q8: 0 | R8: 0 | S8: 0 | T8: 0 | U8: 0 | V8: 0 | W8: 0 | DA8: EMI.ktCO2.LT.Ser.Bld.Thermal.SH.GasHP.NG_Biogas
A9: Conventional gas heaters | B9: 49.136536 | C9: 54.154175 | D9: 62.148834 | E9: 64.692788 | F9: 93.179153 | G9: 88.32421 | H9: 93.704972 | I9: 125.15488 | J9: 113.58396 | K9: 99.509865 | L9: 112.33012 | M9: 99.212474 | N9: 110.23588 | O9: 114.57478 | P9: 97.170872 | Q9: 111.35202 | R9: 118.76385 | S9: 128.31857 | T9: 136.91184 | U9: 143.05725 | V9: 138.67339 | W9: 145.16534 | DA9: EMI.ktCO2.LT.Ser.Bld.Thermal.SH.GasTH.NG_Biogas
A10: Biomass | B10: 0 | C10: 0 | D10: 0 | E10: 0 | F10: 0 | G10: 0 | H10: 0 | I10: 0 | J10: 0 | K10: 0 | L10: 0 | M10: 0 | N10: 0 | O10: 0 | P10: 0 | Q10: 0 | R10: 0 | S10: 0 | T10: 0 | U10: 0 | V10: 0 | W10: 0 | DA10: EMI.ktCO2.LT.Ser.Bld.Thermal.SH.Biomass.Biomass_Waste
A11: Geothermal | B11: 0 | C11: 0 | D11: 0 | E11: 0 | F11: 0 | G11: 0 | H11: 0 | I11: 0 | J11: 0 | K11: 0 | L11: 0 | M11: 0 | N11: 0 | O11: 0 | P11: 0 | Q11: 0 | R11: 0 | S11: 0 | T11: 0 | U11: 0 | V11: 0 | W11: 0 | DA11: EMI.ktCO2.LT.Ser.Bld.Thermal.SH.Geo.Geo
A12: Distributed heat | B12: 0 | C12: 0 | D12: 0 | E12: 0 | F12: 0 | G12: 0 | H12: 0 | I12: 0 | J12: 0 | K12: 0 | L12: 0 | M12: 0 | N12: 0 | O12: 0 | P12: 0 | Q12: 0 | R12: 0 | S12: 0 | T12: 0 | U12: 0 | V12: 0 | W12: 0 | DA12: EMI.ktCO2.LT.Ser.Bld.Thermal.SH.DistrHeat.Steam_Distr
A13: Advanced electric heating | B13: 0 | C13: 0 | D13: 0 | E13: 0 | F13: 0 | G13: 0 | H13: 0 | I13: 0 | J13: 0 | K13: 0 | L13: 0 | M13: 0 | N13: 0 | O13: 0 | P13: 0 | Q13: 0 | R13: 0 | S13: 0 | T13: 0 | U13: 0 | V13: 0 | W13: 0 | DA13: EMI.ktCO2.LT.Ser.Bld.Thermal.SH.AdvElc.Elec
A14: Conventional electric heating | B14: 0 | C14: 0 | D14: 0 | E14: 0 | F14: 0 | G14: 0 | H14: 0 | I14: 0 | J14: 0 | K14: 0 | L14: 0 | M14: 0 | N14: 0 | O14: 0 | P14: 0 | Q14: 0 | R14: 0 | S14: 0 | T14: 0 | U14: 0 | V14: 0 | W14: 0 | DA14: EMI.ktCO2.LT.Ser.Bld.Thermal.SH.ConvElc.Elec
A15: Electricity in circulation and other use | B15: 0 | C15: 0 | D15: 0 | E15: 0 | F15: 0 | G15: 0 | H15: 0 | I15: 0 | J15: 0 | K15: 0 | L15: 0 | M15: 0 | N15: 0 | O15: 0 | P15: 0 | Q15: 0 | R15: 0 | S15: 0 | T15: 0 | U15: 0 | V15: 0 | W15: 0 | DA15: EMI.ktCO2.LT.Ser.Bld.Thermal.SH.TotalCirculation.Elec
A16: Space cooling | B16: =SUM(B17:B18) -> 0 | C16: =SUM(C17:C18) -> 0 | D16: =SUM(D17:D18) -> 0 | E16: =SUM(E17:E18) -> 0 | F16: =SUM(F17:F18) -> 0 | G16: =SUM(G17:G18) -> 0 | H16: =SUM(H17:H18) -> 0 | I16: =SUM(I17:I18) -> 0 | ... W16: =SUM(W17:W18) -> 0 | DA16: EMI.ktCO2.LT.Ser.Bld.Thermal.SC
A17: Gas heat pumps | B17: 0 | C17: 0 | D17: 0 | E17: 0 | F17: 0 | G17: 0 | H17: 0 | I17: 0 | J17: 0 | K17: 0 | L17: 0 | M17: 0 | N17: 0 | O17: 0 | P17: 0 | Q17: 0 | R17: 0 | S17: 0 | T17: 0 | U17: 0 | V17: 0 | W17: 0 | DA17: EMI.ktCO2.LT.Ser.Bld.Thermal.SC.GasHP.NG_Biogas
A18: Electric space cooling | B18: 0 | C18: 0 | D18: 0 | E18: 0 | F18: 0 | G18: 0 | H18: 0 | I18: 0 | J18: 0 | K18: 0 | L18: 0 | M18: 0 | N18: 0 | O18: 0 | P18: 0 | Q18: 0 | R18: 0 | S18: 0 | T18: 0 | U18: 0 | V18: 0 | W18: 0 | DA18: EMI.ktCO2.LT.Ser.Bld.Thermal.SC.AC.Elec
A19: Hot water | B19: =SUM(B20:B27) -> 10.395795 | C19: =SUM(C20:C27) -> 7.7425694 | D19: =SUM(D20:D27) -> 7.807245 | E19: =SUM(E20:E27) -> 7.2538802 | F19: =SUM(F20:F27) -> 8.9202945 | G19: =SUM(G20:G27) -> 8.4691521 | H19: =SUM(H20:H27) -> 9.5907027 | I19: =SUM(I20:I27) -> 12.719953 | ... W19: =SUM(W20:W27) -> 15.190216 | DA19: EMI.ktCO2.LT.Ser.Bld.Thermal.HW
A20: Solids | B20: 0 | C20: 0 | D20: 0 | E20: 0 | F20: 0 | G20: 0 | H20: 0 | I20: 0 | J20: 0 | K20: 0 | L20: 0 | M20: 0 | N20: 0 | O20: 0 | P20: 0 | Q20: 0 | R20: 0 | S20: 0 | T20: 0 | U20: 0 | V20: 0 | W20: 0 | DA20: EMI.ktCO2.LT.Ser.Bld.Thermal.HW.Solids.Solids
A21: Liquified petroleum gas (LPG) | B21: 0 | C21: 0 | D21: 0 | E21: 0 | F21: 0 | G21: 0 | H21: 0 | I21: 0 | J21: 0 | K21: 0 | L21: 0 | M21: 0 | N21: 0 | O21: 0 | P21: 0 | Q21: 0 | R21: 0 | S21: 0 | T21: 0 | U21: 0 | V21: 0 | W21: 0 | DA21: EMI.ktCO2.LT.Ser.Bld.Thermal.HW.LPG.LPG
A22: Diesel oil | B22: 6.6561872 | C22: 3.8507909 | D22: 3.5980145 | E22: 2.8776534 | F22: 3.3828664 | G22: 2.7393522 | H22: 2.8222866 | I22: 2.5696754 | J22: 2.5657549 | K22: 1.8824173 | L22: 1.6823825 | M22: 1.4007573 | N22: 1.0832073 | O22: 1.0960402 | P22: 1.1145267 | Q22: 1.1169852 | R22: 1.1048519 | S22: 1.222114 | T22: 0.87757675 | U22: 1.118666 | V22: 1.2774204 | W22: 1.4801094 | DA22: EMI.ktCO2.LT.Ser.Bld.Thermal.HW.Oil.Oil_LiqBio
A23: Natural gas | B23: 3.7396073 | C23: 3.8917785 | D23: 4.2092305 | E23: 4.3762268 | F23: 5.537428 | G23: 5.7297999 | H23: 6.7684161 | I23: 10.150277 | J23: 11.46589 | K23: 11.366722 | L23: 11.438067 | M23: 11.6219 | N23: 11.634851 | O23: 11.792223 | P23: 10.609857 | Q23: 11.556331 | R23: 12.25771 | S23: 12.360056 | T23: 12.886419 | U23: 13.171856 | V23: 13.27374 | W23: 13.710107 | DA23: EMI.ktCO2.LT.Ser.Bld.Thermal.HW.Gas.NG_Biogas
A24: Biomass | B24: 0 | C24: 0 | D24: 0 | E24: 0 | F24: 0 | G24: 0 | H24: 0 | I24: 0 | J24: 0 | K24: 0 | L24: 0 | M24: 0 | N24: 0 | O24: 0 | P24: 0 | Q24: 0 | R24: 0 | S24: 0 | T24: 0 | U24: 0 | V24: 0 | W24: 0 | DA24: EMI.ktCO2.LT.Ser.Bld.Thermal.HW.Biomass.Biomass_Waste
A25: Distributed heat | B25: 0 | C25: 0 | D25: 0 | E25: 0 | F25: 0 | G25: 0 | H25: 0 | I25: 0 | J25: 0 | K25: 0 | L25: 0 | M25: 0 | N25: 0 | O25: 0 | P25: 0 | Q25: 0 | R25: 0 | S25: 0 | T25: 0 | U25: 0 | V25: 0 | W25: 0 | DA25: EMI.ktCO2.LT.Ser.Bld.Thermal.HW.DistrHeat.Steam_Distr
A26: Electricity | B26: 0 | C26: 0 | D26: 0 | E26: 0 | F26: 0 | G26: 0 | H26: 0 | I26: 0 | J26: 0 | K26: 0 | L26: 0 | M26: 0 | N26: 0 | O26: 0 | P26: 0 | Q26: 0 | R26: 0 | S26: 0 | T26: 0 | U26: 0 | V26: 0 | W26: 0 | DA26: EMI.ktCO2.LT.Ser.Bld.Thermal.HW.Elc.Elec
A27: Solar | B27: 0 | C27: 0 | D27: 0 | E27: 0 | F27: 0 | G27: 0 | H27: 0 | I27: 0 | J27: 0 | K27: 0 | L27: 0 | M27: 0 | N27: 0 | O27: 0 | P27: 0 | Q27: 0 | R27: 0 | S27: 0 | T27: 0 | U27: 0 | V27: 0 | W27: 0 | DA27: EMI.ktCO2.LT.Ser.Bld.Thermal.HW.TotalSolar.Solar
A28: Solar
A29: Catering | B29: =SUM(B30:B33) -> 20.182886 | C29: =SUM(C30:C33) -> 21.627267 | D29: =SUM(D30:D33) -> 24.019036 | E29: =SUM(E30:E33) -> 24.892875 | F29: =SUM(F30:F33) -> 23.216769 | G29: =SUM(G30:G33) -> 24.748961 | H29: =SUM(H30:H33) -> 25.953571 | I29: =SUM(I30:I33) -> 33.785855 | ... W29: =SUM(W30:W33) -> 11.326143 | DA29: EMI.ktCO2.LT.Ser.Bld.Thermal.CA
A30: Liquified petroleum gas (LPG) | B30: 0 | C30: 0 | D30: 0 | E30: 0 | F30: 0 | G30: 0 | H30: 0 | I30: 0 | J30: 0 | K30: 0 | L30: 0 | M30: 0 | N30: 0 | O30: 0 | P30: 0 | Q30: 0 | R30: 0 | S30: 0 | T30: 0 | U30: 0 | V30: 0 | W30: 0 | DA30: EMI.ktCO2.LT.Ser.Bld.Thermal.CA.LPG
A31: Natural gas | B31: 20.182886 | C31: 21.627267 | D31: 24.019036 | E31: 24.892875 | F31: 23.216769 | G31: 24.748961 | H31: 25.953571 | I31: 33.785855 | J31: 36.114225 | K31: 35.090003 | L31: 32.195425 | M31: 30.436647 | N31: 26.721342 | O31: 22.073594 | P31: 18.797701 | Q31: 21.543537 | R31: 22.770978 | S31: 21.042861 | T31: 21.91702 | U31: 14.279053 | V31: 10.93179 | W31: 11.326143 | DA31: EMI.ktCO2.LT.Ser.Bld.Thermal.CA.Gas.NG_Biogas
A32: Biomass | B32: 0 | C32: 0 | D32: 0 | E32: 0 | F32: 0 | G32: 0 | H32: 0 | I32: 0 | J32: 0 | K32: 0 | L32: 0 | M32: 0 | N32: 0 | O32: 0 | P32: 0 | Q32: 0 | R32: 0 | S32: 0 | T32: 0 | U32: 0 | V32: 0 | W32: 0 | DA32: EMI.ktCO2.LT.Ser.Bld.Thermal.CA.Biomass.Biomass_Waste
A33: Electricity | B33: 0 | C33: 0 | D33: 0 | E33: 0 | F33: 0 | G33: 0 | H33: 0 | I33: 0 | J33: 0 | K33: 0 | L33: 0 | M33: 0 | N33: 0 | O33: 0 | P33: 0 | Q33: 0 | R33: 0 | S33: 0 | T33: 0 | U33: 0 | V33: 0 | W33: 0 | DA33: EMI.ktCO2.LT.Ser.Bld.Thermal.CA.Elc.Elec

Sheet SER_hh_fech
A1: LT - Final energy consumption per building | B1: 2000 | C1: 2001 | D1: 2002 | E1: 2003 | F1: 2004 | G1: 2005 | H1: 2006 | I1: 2007 | J1: 2008 | K1: 2009 | L1: 2010 | M1: 2011 | N1: 2012 | O1: 2013 | P1: 2014 | Q1: 2015 | R1: 2016 | S1: 2017 | T1: 2018 | U1: 2019 | V1: 2020 | W1: 2021 | DA1: Code
A3: Final energy consumption (kWh / representative building cell) | B3: =IF(SER_hh_fec!B3=0,0,11630*1000*SER_hh_fec!B3/SER_hh_num!B3) -> 143589.35 | C3: =IF(SER_hh_fec!C3=0,0,11630*1000*SER_hh_fec!C3/SER_hh_num!C3) -> 137855.98 | D3: =IF(SER_hh_fec!D3=0,0,11630*1000*SER_hh_fec!D3/SER_hh_num!D3) -> 134516.7 | E3: =IF(SER_hh_fec!E3=0,0,11630*1000*SER_hh_fec!E3/SER_hh_num!E3) -> 129995.7 | F3: =IF(SER_hh_fec!F3=0,0,11630*1000*SER_hh_fec!F3/SER_hh_num!F3) -> 127665.36 | G3: =IF(SER_hh_fec!G3=0,0,11630*1000*SER_hh_fec!G3/SER_hh_num!G3) -> 122114.37 | H3: =IF(SER_hh_fec!H3=0,0,11630*1000*SER_hh_fec!H3/SER_hh_num!H3) -> 127803.01 | I3: =IF(SER_hh_fec!I3=0,0,11630*1000*SER_hh_fec!I3/SER_hh_num!I3) -> 117715.73 | ... W3: =IF(SER_hh_fec!W3=0,0,11630*1000*SER_hh_fec!W3/SER_hh_num!W3) -> 92961.048 | DA3: FEC_per_building.kWh.LT.Ser.Bld.Thermal
A4: Space heating | B4: =IF(SER_hh_fec!B4=0,0,11630*1000*SER_hh_fec!B4/SER_hh_num!B4) -> 118054.6 | C4: =IF(SER_hh_fec!C4=0,0,11630*1000*SER_hh_fec!C4/SER_hh_num!C4) -> 112697.04 | D4: =IF(SER_hh_fec!D4=0,0,11630*1000*SER_hh_fec!D4/SER_hh_num!D4) -> 109481.12 | E4: =IF(SER_hh_fec!E4=0,0,11630*1000*SER_hh_fec!E4/SER_hh_num!E4) -> 105622.19 | F4: =IF(SER_hh_fec!F4=0,0,11630*1000*SER_hh_fec!F4/SER_hh_num!F4) -> 103239.01 | G4: =IF(SER_hh_fec!G4=0,0,11630*1000*SER_hh_fec!G4/SER_hh_num!G4) -> 97590.647 | H4: =IF(SER_hh_fec!H4=0,0,11630*1000*SER_hh_fec!H4/SER_hh_num!H4) -> 102354.53 | I4: =IF(SER_hh_fec!I4=0,0,11630*1000*SER_hh_fec!I4/SER_hh_num!I4) -> 93191.304 | ... W4: =IF(SER_hh_fec!W4=0,0,11630*1000*SER_hh_fec!W4/SER_hh_num!W4) -> 69815.792 | DA4: FEC_per_building.kWh.LT.Ser.Bld.Thermal.SH
A5: Solids | B5: =IF(SER_hh_fec!B5=0,0,11630*1000*SER_hh_fec!B5/SER_hh_num!B5) -> 152774.29 | C5: =IF(SER_hh_fec!C5=0,0,11630*1000*SER_hh_fec!C5/SER_hh_num!C5) -> 127748.98 | D5: =IF(SER_hh_fec!D5=0,0,11630*1000*SER_hh_fec!D5/SER_hh_num!D5) -> 137358.5 | E5: =IF(SER_hh_fec!E5=0,0,11630*1000*SER_hh_fec!E5/SER_hh_num!E5) -> 129181.86 | F5: =IF(SER_hh_fec!F5=0,0,11630*1000*SER_hh_fec!F5/SER_hh_num!F5) -> 112751.72 | G5: =IF(SER_hh_fec!G5=0,0,11630*1000*SER_hh_fec!G5/SER_hh_num!G5) -> 115351.29 | H5: =IF(SER_hh_fec!H5=0,0,11630*1000*SER_hh_fec!H5/SER_hh_num!H5) -> 145045.12 | I5: =IF(SER_hh_fec!I5=0,0,11630*1000*SER_hh_fec!I5/SER_hh_num!I5) -> 106822.4 | ... W5: =IF(SER_hh_fec!W5=0,0,11630*1000*SER_hh_fec!W5/SER_hh_num!W5) -> 79485.174 | DA5: FEC_per_building.kWh.LT.Ser.Bld.Thermal.SH.Solids.Solids
A6: Liquified petroleum gas (LPG) | B6: =IF(SER_hh_fec!B6=0,0,11630*1000*SER_hh_fec!B6/SER_hh_num!B6) -> 0 | C6: =IF(SER_hh_fec!C6=0,0,11630*1000*SER_hh_fec!C6/SER_hh_num!C6) -> 0 | D6: =IF(SER_hh_fec!D6=0,0,11630*1000*SER_hh_fec!D6/SER_hh_num!D6) -> 0 | E6: =IF(SER_hh_fec!E6=0,0,11630*1000*SER_hh_fec!E6/SER_hh_num!E6) -> 0 | F6: =IF(SER_hh_fec!F6=0,0,11630*1000*SER_hh_fec!F6/SER_hh_num!F6) -> 0 | G6: =IF(SER_hh_fec!G6=0,0,11630*1000*SER_hh_fec!G6/SER_hh_num!G6) -> 0 | H6: =IF(SER_hh_fec!H6=0,0,11630*1000*SER_hh_fec!H6/SER_hh_num!H6) -> 0 | I6: =IF(SER_hh_fec!I6=0,0,11630*1000*SER_hh_fec!I6/SER_hh_num!I6) -> 0 | ... W6: =IF(SER_hh_fec!W6=0,0,11630*1000*SER_hh_fec!W6/SER_hh_num!W6) -> 0 | DA6: FEC_per_building.kWh.LT.Ser.Bld.Thermal.SH.LPG.LPG
A7: Diesel oil | B7: =IF(SER_hh_fec!B7=0,0,11630*1000*SER_hh_fec!B7/SER_hh_num!B7) -> 182108.34 | C7: =IF(SER_hh_fec!C7=0,0,11630*1000*SER_hh_fec!C7/SER_hh_num!C7) -> 145074.82 | D7: =IF(SER_hh_fec!D7=0,0,11630*1000*SER_hh_fec!D7/SER_hh_num!D7) -> 176127.72 | E7: =IF(SER_hh_fec!E7=0,0,11630*1000*SER_hh_fec!E7/SER_hh_num!E7) -> 138974.33 | F7: =IF(SER_hh_fec!F7=0,0,11630*1000*SER_hh_fec!F7/SER_hh_num!F7) -> 162027.77 | G7: =IF(SER_hh_fec!G7=0,0,11630*1000*SER_hh_fec!G7/SER_hh_num!G7) -> 138629.97 | H7: =IF(SER_hh_fec!H7=0,0,11630*1000*SER_hh_fec!H7/SER_hh_num!H7) -> 122894.1 | I7: =IF(SER_hh_fec!I7=0,0,11630*1000*SER_hh_fec!I7/SER_hh_num!I7) -> 124794.63 | ... W7: =IF(SER_hh_fec!W7=0,0,11630*1000*SER_hh_fec!W7/SER_hh_num!W7) -> 84480.881 | DA7: FEC_per_building.kWh.LT.Ser.Bld.Thermal.SH.Oil.Oil_LiqBio
A8: Gas heat pumps | B8: =IF(SER_hh_fec!B8=0,0,11630*1000*SER_hh_fec!B8/SER_hh_num!B8) -> 0 | C8: =IF(SER_hh_fec!C8=0,0,11630*1000*SER_hh_fec!C8/SER_hh_num!C8) -> 0 | D8: =IF(SER_hh_fec!D8=0,0,11630*1000*SER_hh_fec!D8/SER_hh_num!D8) -> 0 | E8: =IF(SER_hh_fec!E8=0,0,11630*1000*SER_hh_fec!E8/SER_hh_num!E8) -> 0 | F8: =IF(SER_hh_fec!F8=0,0,11630*1000*SER_hh_fec!F8/SER_hh_num!F8) -> 0 | G8: =IF(SER_hh_fec!G8=0,0,11630*1000*SER_hh_fec!G8/SER_hh_num!G8) -> 0 | H8: =IF(SER_hh_fec!H8=0,0,11630*1000*SER_hh_fec!H8/SER_hh_num!H8) -> 0 | I8: =IF(SER_hh_fec!I8=0,0,11630*1000*SER_hh_fec!I8/SER_hh_num!I8) -> 0 | ... W8: =IF(SER_hh_fec!W8=0,0,11630*1000*SER_hh_fec!W8/SER_hh_num!W8) -> 0 | DA8: FEC_per_building.kWh.LT.Ser.Bld.Thermal.SH.GasHP.NG_Biogas
A9: Conventional gas heaters | B9: =IF(SER_hh_fec!B9=0,0,11630*1000*SER_hh_fec!B9/SER_hh_num!B9) -> 143472.49 | C9: =IF(SER_hh_fec!C9=0,0,11630*1000*SER_hh_fec!C9/SER_hh_num!C9) -> 139487.92 | D9: =IF(SER_hh_fec!D9=0,0,11630*1000*SER_hh_fec!D9/SER_hh_num!D9) -> 133461.5 | E9: =IF(SER_hh_fec!E9=0,0,11630*1000*SER_hh_fec!E9/SER_hh_num!E9) -> 116889.03 | F9: =IF(SER_hh_fec!F9=0,0,11630*1000*SER_hh_fec!F9/SER_hh_num!F9) -> 136470.55 | G9: =IF(SER_hh_fec!G9=0,0,11630*1000*SER_hh_fec!G9/SER_hh_num!G9) -> 113497.85 | H9: =IF(SER_hh_fec!H9=0,0,11630*1000*SER_hh_fec!H9/SER_hh_num!H9) -> 104858.41 | I9: =IF(SER_hh_fec!I9=0,0,11630*1000*SER_hh_fec!I9/SER_hh_num!I9) -> 118841.39 | ... W9: =IF(SER_hh_fec!W9=0,0,11630*1000*SER_hh_fec!W9/SER_hh_num!W9) -> 72620.685 | DA9: FEC_per_building.kWh.LT.Ser.Bld.Thermal.SH.GasTH.NG_Biogas
A10: Biomass | B10: =IF(SER_hh_fec!B10=0,0,11630*1000*SER_hh_fec!B10/SER_hh_num!B10) -> 168894.36 | C10: =IF(SER_hh_fec!C10=0,0,11630*1000*SER_hh_fec!C10/SER_hh_num!C10) -> 163590.8 | D10: =IF(SER_hh_fec!D10=0,0,11630*1000*SER_hh_fec!D10/SER_hh_num!D10) -> 166123.86 | E10: =IF(SER_hh_fec!E10=0,0,11630*1000*SER_hh_fec!E10/SER_hh_num!E10) -> 150159.98 | F10: =IF(SER_hh_fec!F10=0,0,11630*1000*SER_hh_fec!F10/SER_hh_num!F10) -> 144845.73 | G10: =IF(SER_hh_fec!G10=0,0,11630*1000*SER_hh_fec!G10/SER_hh_num!G10) -> 144903.56 | H10: =IF(SER_hh_fec!H10=0,0,11630*1000*SER_hh_fec!H10/SER_hh_num!H10) -> 140123.42 | I10: =IF(SER_hh_fec!I10=0,0,11630*1000*SER_hh_fec!I10/SER_hh_num!I10) -> 125229.54 | ... W10: =IF(SER_hh_fec!W10=0,0,11630*1000*SER_hh_fec!W10/SER_hh_num!W10) -> 93643.517 | DA10: FEC_per_building.kWh.LT.Ser.Bld.Thermal.SH.Biomass.Biomass_Waste
A11: Geothermal | B11: =IF(SER_hh_fec!B11=0,0,11630*1000*SER_hh_fec!B11/SER_hh_num!B11) -> 0 | C11: =IF(SER_hh_fec!C11=0,0,11630*1000*SER_hh_fec!C11/SER_hh_num!C11) -> 0 | D11: =IF(SER_hh_fec!D11=0,0,11630*1000*SER_hh_fec!D11/SER_hh_num!D11) -> 0 | E11: =IF(SER_hh_fec!E11=0,0,11630*1000*SER_hh_fec!E11/SER_hh_num!E11) -> 0 | F11: =IF(SER_hh_fec!F11=0,0,11630*1000*SER_hh_fec!F11/SER_hh_num!F11) -> 0 | G11: =IF(SER_hh_fec!G11=0,0,11630*1000*SER_hh_fec!G11/SER_hh_num!G11) -> 0 | H11: =IF(SER_hh_fec!H11=0,0,11630*1000*SER_hh_fec!H11/SER_hh_num!H11) -> 0 | I11: =IF(SER_hh_fec!I11=0,0,11630*1000*SER_hh_fec!I11/SER_hh_num!I11) -> 0 | ... W11: =IF(SER_hh_fec!W11=0,0,11630*1000*SER_hh_fec!W11/SER_hh_num!W11) -> 0 | DA11: FEC_per_building.kWh.LT.Ser.Bld.Thermal.SH.Geo.Geo
A12: Distributed heat | B12: =IF(SER_hh_fec!B12=0,0,11630*1000*SER_hh_fec!B12/SER_hh_num!B12) -> 98201.351 | C12: =IF(SER_hh_fec!C12=0,0,11630*1000*SER_hh_fec!C12/SER_hh_num!C12) -> 97917.745 | D12: =IF(SER_hh_fec!D12=0,0,11630*1000*SER_hh_fec!D12/SER_hh_num!D12) -> 92874.432 | E12: =IF(SER_hh_fec!E12=0,0,11630*1000*SER_hh_fec!E12/SER_hh_num!E12) -> 92052.918 | F12: =IF(SER_hh_fec!F12=0,0,11630*1000*SER_hh_fec!F12/SER_hh_num!F12) -> 89408.454 | G12: =IF(SER_hh_fec!G12=0,0,11630*1000*SER_hh_fec!G12/SER_hh_num!G12) -> 84946.452 | H12: =IF(SER_hh_fec!H12=0,0,11630*1000*SER_hh_fec!H12/SER_hh_num!H12) -> 89320.723 | I12: =IF(SER_hh_fec!I12=0,0,11630*1000*SER_hh_fec!I12/SER_hh_num!I12) -> 82028.729 | ... W12: =IF(SER_hh_fec!W12=0,0,11630*1000*SER_hh_fec!W12/SER_hh_num!W12) -> 65583.43 | DA12: FEC_per_building.kWh.LT.Ser.Bld.Thermal.SH.DistrHeat.Steam_Distr
A13: Advanced electric heating | B13: =IF(SER_hh_fec!B13=0,0,11630*1000*SER_hh_fec!B13/SER_hh_num!B13) -> 46475.043 | C13: =IF(SER_hh_fec!C13=0,0,11630*1000*SER_hh_fec!C13/SER_hh_num!C13) -> 53703.188 | D13: =IF(SER_hh_fec!D13=0,0,11630*1000*SER_hh_fec!D13/SER_hh_num!D13) -> 40275.333 | E13: =IF(SER_hh_fec!E13=0,0,11630*1000*SER_hh_fec!E13/SER_hh_num!E13) -> 47352.094 | F13: =IF(SER_hh_fec!F13=0,0,11630*1000*SER_hh_fec!F13/SER_hh_num!F13) -> 42991.979 | G13: =IF(SER_hh_fec!G13=0,0,11630*1000*SER_hh_fec!G13/SER_hh_num!G13) -> 42100.956 | H13: =IF(SER_hh_fec!H13=0,0,11630*1000*SER_hh_fec!H13/SER_hh_num!H13) -> 35756.452 | I13: =IF(SER_hh_fec!I13=0,0,11630*1000*SER_hh_fec!I13/SER_hh_num!I13) -> 29165.244 | ... W13: =IF(SER_hh_fec!W13=0,0,11630*1000*SER_hh_fec!W13/SER_hh_num!W13) -> 20615.507 | DA13: FEC_per_building.kWh.LT.Ser.Bld.Thermal.SH.AdvElc.Elec
A14: Conventional electric heating | B14: =IF(SER_hh_fec!B14=0,0,11630*1000*SER_hh_fec!B14/SER_hh_num!B14) -> 107869.99 | C14: =IF(SER_hh_fec!C14=0,0,11630*1000*SER_hh_fec!C14/SER_hh_num!C14) -> 111525.8 | D14: =IF(SER_hh_fec!D14=0,0,11630*1000*SER_hh_fec!D14/SER_hh_num!D14) -> 91435.654 | E14: =IF(SER_hh_fec!E14=0,0,11630*1000*SER_hh_fec!E14/SER_hh_num!E14) -> 110266.42 | F14: =IF(SER_hh_fec!F14=0,0,11630*1000*SER_hh_fec!F14/SER_hh_num!F14) -> 103270.15 | G14: =IF(SER_hh_fec!G14=0,0,11630*1000*SER_hh_fec!G14/SER_hh_num!G14) -> 96519.688 | H14: =IF(SER_hh_fec!H14=0,0,11630*1000*SER_hh_fec!H14/SER_hh_num!H14) -> 90214.737 | I14: =IF(SER_hh_fec!I14=0,0,11630*1000*SER_hh_fec!I14/SER_hh_num!I14) -> 87296.138 | ... W14: =IF(SER_hh_fec!W14=0,0,11630*1000*SER_hh_fec!W14/SER_hh_num!W14) -> 66728.521 | DA14: FEC_per_building.kWh.LT.Ser.Bld.Thermal.SH.ConvElc.Elec
... A26: Electricity | B26: =IF(SER_hh_fec!B26=0,0,11630*1000*SER_hh_fec!B26/SER_hh_num!B26) -> 12473.078 | C26: =IF(SER_hh_fec!C26=0,0,11630*1000*SER_hh_fec!C26/SER_hh_num!C26) -> 13247.807 | D26: =IF(SER_hh_fec!D26=0,0,11630*1000*SER_hh_fec!D26/SER_hh_num!D26) -> 13315.939 | E26: =IF(SER_hh_fec!E26=0,0,11630*1000*SER_hh_fec!E26/SER_hh_num!E26) -> 13109.347 | F26: =IF(SER_hh_fec!F26=0,0,11630*1000*SER_hh_fec!F26/SER_hh_num!F26) -> 13199.151 | G26: =IF(SER_hh_fec!G26=0,0,11630*1000*SER_hh_fec!G26/SER_hh_num!G26) -> 13424.471 | H26: =IF(SER_hh_fec!H26=0,0,11630*1000*SER_hh_fec!H26/SER_hh_num!H26) -> 13671.557 | I26: =IF(SER_hh_fec!I26=0,0,11630*1000*SER_hh_fec!I26/SER_hh_num!I26) -> 14109.925 | ... W26: =IF(SER_hh_fec!W26=0,0,11630*1000*SER_hh_fec!W26/SER_hh_num!W26) -> 12736.68 | DA26: FEC_per_building.kWh.LT.Ser.Bld.Thermal.HW.Elc.Elec
A27: Solar (as of total) | B27: =IF(SER_hh_fec!B27=0,0,11630*1000*SER_hh_fec!B27/SER_hh_num!B19) -> 0 | C27: =IF(SER_hh_fec!C27=0,0,11630*1000*SER_hh_fec!C27/SER_hh_num!C19) -> 0 | D27: =IF(SER_hh_fec!D27=0,0,11630*1000*SER_hh_fec!D27/SER_hh_num!D19) -> 0 | E27: =IF(SER_hh_fec!E27=0,0,11630*1000*SER_hh_fec!E27/SER_hh_num!E19) -> 0 | F27: =IF(SER_hh_fec!F27=0,0,11630*1000*SER_hh_fec!F27/SER_hh_num!F19) -> 0 | G27: =IF(SER_hh_fec!G27=0,0,11630*1000*SER_hh_fec!G27/SER_hh_num!G19) -> 0 | H27: =IF(SER_hh_fec!H27=0,0,11630*1000*SER_hh_fec!H27/SER_hh_num!H19) -> 0 | I27: =IF(SER_hh_fec!I27=0,0,11630*1000*SER_hh_fec!I27/SER_hh_num!I19) -> 0 | ... W27: =IF(SER_hh_fec!W27=0,0,11630*1000*SER_hh_fec!W27/SER_hh_num!W19) -> 0 | DA27: FEC_per_building.kWh.LT.Ser.Bld.Thermal.HW.TotalSolar.Solar
A28: Solar (as of solar equiped buildings) | B28: =IF(SER_hh_fec!B27=0,0,11630*1000*SER_hh_fec!B27/SER_hh_num!B27) -> 0 | C28: =IF(SER_hh_fec!C27=0,0,11630*1000*SER_hh_fec!C27/SER_hh_num!C27) -> 0 | D28: =IF(SER_hh_fec!D27=0,0,11630*1000*SER_hh_fec!D27/SER_hh_num!D27) -> 0 | E28: =IF(SER_hh_fec!E27=0,0,11630*1000*SER_hh_fec!E27/SER_hh_num!E27) -> 0 | F28: =IF(SER_hh_fec!F27=0,0,11630*1000*SER_hh_fec!F27/SER_hh_num!F27) -> 0 | G28: =IF(SER_hh_fec!G27=0,0,11630*1000*SER_hh_fec!G27/SER_hh_num!G27) -> 0 | H28: =IF(SER_hh_fec!H27=0,0,11630*1000*SER_hh_fec!H27/SER_hh_num!H27) -> 0 | I28: =IF(SER_hh_fec!I27=0,0,11630*1000*SER_hh_fec!I27/SER_hh_num!I27) -> 0 | ... W28: =IF(SER_hh_fec!W27=0,0,11630*1000*SER_hh_fec!W27/SER_hh_num!W27) -> 0
A29: Catering | B29: =IF(SER_hh_fec!B29=0,0,11630*1000*SER_hh_fec!B29/SER_hh_num!B29) -> 12683.076 | C29: =IF(SER_hh_fec!C29=0,0,11630*1000*SER_hh_fec!C29/SER_hh_num!C29) -> 12370.898 | D29: =IF(SER_hh_fec!D29=0,0,11630*1000*SER_hh_fec!D29/SER_hh_num!D29) -> 12290.338 | E29: =IF(SER_hh_fec!E29=0,0,11630*1000*SER_hh_fec!E29/SER_hh_num!E29) -> 11916.066 | F29: =IF(SER_hh_fec!F29=0,0,11630*1000*SER_hh_fec!F29/SER_hh_num!F29) -> 11629.55 | G29: =IF(SER_hh_fec!G29=0,0,11630*1000*SER_hh_fec!G29/SER_hh_num!G29) -> 11574.268 | H29: =IF(SER_hh_fec!H29=0,0,11630*1000*SER_hh_fec!H29/SER_hh_num!H29) -> 12039.049 | I29: =IF(SER_hh_fec!I29=0,0,11630*1000*SER_hh_fec!I29/SER_hh_num!I29) -> 11622.516 | ... W29: =IF(SER_hh_fec!W29=0,0,11630*1000*SER_hh_fec!W29/SER_hh_num!W29) -> 10409.087 | DA29: FEC_per_building.kWh.LT.Ser.Bld.Thermal.CA
A30: Liquified petroleum gas (LPG) | B30: =IF(SER_hh_fec!B30=0,0,11630*1000*SER_hh_fec!B30/SER_hh_num!B30) -> 0 | C30: =IF(SER_hh_fec!C30=0,0,11630*1000*SER_hh_fec!C30/SER_hh_num!C30) -> 0 | D30: =IF(SER_hh_fec!D30=0,0,11630*1000*SER_hh_fec!D30/SER_hh_num!D30) -> 0 | E30: =IF(SER_hh_fec!E30=0,0,11630*1000*SER_hh_fec!E30/SER_hh_num!E30) -> 0 | F30: =IF(SER_hh_fec!F30=0,0,11630*1000*SER_hh_fec!F30/SER_hh_num!F30) -> 0 | G30: =IF(SER_hh_fec!G30=0,0,11630*1000*SER_hh_fec!G30/SER_hh_num!G30) -> 0 | H30: =IF(SER_hh_fec!H30=0,0,11630*1000*SER_hh_fec!H30/SER_hh_num!H30) -> 0 | I30: =IF(SER_hh_fec!I30=0,0,11630*1000*SER_hh_fec!I30/SER_hh_num!I30) -> 0 | ... W30: =IF(SER_hh_fec!W30=0,0,11630*1000*SER_hh_fec!W30/SER_hh_num!W30) -> 0 | DA30: FEC_per_building.kWh.LT.Ser.Bld.Thermal.CA.LPG
A31: Natural gas | B31: =IF(SER_hh_fec!B31=0,0,11630*1000*SER_hh_fec!B31/SER_hh_num!B31) -> 15002.968 | C31: =IF(SER_hh_fec!C31=0,0,11630*1000*SER_hh_fec!C31/SER_hh_num!C31) -> 14878.192 | D31: =IF(SER_hh_fec!D31=0,0,11630*1000*SER_hh_fec!D31/SER_hh_num!D31) -> 15412.511 | E31: =IF(SER_hh_fec!E31=0,0,11630*1000*SER_hh_fec!E31/SER_hh_num!E31) -> 15145.559 | F31: =IF(SER_hh_fec!F31=0,0,11630*1000*SER_hh_fec!F31/SER_hh_num!F31) -> 13699.809 | G31: =IF(SER_hh_fec!G31=0,0,11630*1000*SER_hh_fec!G31/SER_hh_num!G31) -> 13801.503 | H31: =IF(SER_hh_fec!H31=0,0,11630*1000*SER_hh_fec!H31/SER_hh_num!H31) -> 13201.268 | I31: =IF(SER_hh_fec!I31=0,0,11630*1000*SER_hh_fec!I31/SER_hh_num!I31) -> 14737.002 | ... W31: =IF(SER_hh_fec!W31=0,0,11630*1000*SER_hh_fec!W31/SER_hh_num!W31) -> 13316.909 | DA31: FEC_per_building.kWh.LT.Ser.Bld.Thermal.CA.Gas.NG_Biogas
A32: Biomass | B32: =IF(SER_hh_fec!B32=0,0,11630*1000*SER_hh_fec!B32/SER_hh_num!B32) -> 0 | C32: =IF(SER_hh_fec!C32=0,0,11630*1000*SER_hh_fec!C32/SER_hh_num!C32) -> 0 | D32: =IF(SER_hh_fec!D32=0,0,11630*1000*SER_hh_fec!D32/SER_hh_num!D32) -> 0 | E32: =IF(SER_hh_fec!E32=0,0,11630*1000*SER_hh_fec!E32/SER_hh_num!E32) -> 0 | F32: =IF(SER_hh_fec!F32=0,0,11630*1000*SER_hh_fec!F32/SER_hh_num!F32) -> 0 | G32: =IF(SER_hh_fec!G32=0,0,11630*1000*SER_hh_fec!G32/SER_hh_num!G32) -> 20336.348 | H32: =IF(SER_hh_fec!H32=0,0,11630*1000*SER_hh_fec!H32/SER_hh_num!H32) -> 13827.456 | I32: =IF(SER_hh_fec!I32=0,0,11630*1000*SER_hh_fec!I32/SER_hh_num!I32) -> 11003.196 | ... W32: =IF(SER_hh_fec!W32=0,0,11630*1000*SER_hh_fec!W32/SER_hh_num!W32) -> 15056.856 | DA32: FEC_per_building.kWh.LT.Ser.Bld.Thermal.CA.Biomass.Biomass_Waste
A33: Electricity | B33: =IF(SER_hh_fec!B33=0,0,11630*1000*SER_hh_fec!B33/SER_hh_num!B33) -> 12004.883 | C33: =IF(SER_hh_fec!C33=0,0,11630*1000*SER_hh_fec!C33/SER_hh_num!C33) -> 11604.964 | D33: =IF(SER_hh_fec!D33=0,0,11630*1000*SER_hh_fec!D33/SER_hh_num!D33) -> 11284.175 | E33: =IF(SER_hh_fec!E33=0,0,11630*1000*SER_hh_fec!E33/SER_hh_num!E33) -> 10896.307 | F33: =IF(SER_hh_fec!F33=0,0,11630*1000*SER_hh_fec!F33/SER_hh_num!F33) -> 11010.914 | G33: =IF(SER_hh_fec!G33=0,0,11630*1000*SER_hh_fec!G33/SER_hh_num!G33) -> 10787.8 | H33: =IF(SER_hh_fec!H33=0,0,11630*1000*SER_hh_fec!H33/SER_hh_num!H33) -> 11626.073 | I33: =IF(SER_hh_fec!I33=0,0,11630*1000*SER_hh_fec!I33/SER_hh_num!I33) -> 10537.936 | ... W33: =IF(SER_hh_fec!W33=0,0,11630*1000*SER_hh_fec!W33/SER_hh_num!W33) -> 9802.0089 | DA33: FEC_per_building.kWh.LT.Ser.Bld.Thermal.CA.Elc.Elec

Sheet SER_hh_tesh
A1: LT - Thermal energy service per building | B1: 2000 | C1: 2001 | D1: 2002 | E1: 2003 | F1: 2004 | G1: 2005 | H1: 2006 | I1: 2007 | J1: 2008 | K1: 2009 | L1: 2010 | M1: 2011 | N1: 2012 | O1: 2013 | P1: 2014 | Q1: 2015 | R1: 2016 | S1: 2017 | T1: 2018 | U1: 2019 | V1: 2020 | W1: 2021 | DA1: Code
A3: Thermal energy service (kWh useful / representative building cell) | B3: =IF(SER_hh_tes!B3=0,0,11630*1000*SER_hh_tes!B3/SER_hh_num!B3) -> 89233.62 | C3: =IF(SER_hh_tes!C3=0,0,11630*1000*SER_hh_tes!C3/SER_hh_num!C3) -> 87467.698 | D3: =IF(SER_hh_tes!D3=0,0,11630*1000*SER_hh_tes!D3/SER_hh_num!D3) -> 85463.9 | E3: =IF(SER_hh_tes!E3=0,0,11630*1000*SER_hh_tes!E3/SER_hh_num!E3) -> 84378.541 | F3: =IF(SER_hh_tes!F3=0,0,11630*1000*SER_hh_tes!F3/SER_hh_num!F3) -> 83466.534 | G3: =IF(SER_hh_tes!G3=0,0,11630*1000*SER_hh_tes!G3/SER_hh_num!G3) -> 80609.618 | H3: =IF(SER_hh_tes!H3=0,0,11630*1000*SER_hh_tes!H3/SER_hh_num!H3) -> 84964.561 | I3: =IF(SER_hh_tes!I3=0,0,11630*1000*SER_hh_tes!I3/SER_hh_num!I3) -> 79111.619 | ... W3: =IF(SER_hh_tes!W3=0,0,11630*1000*SER_hh_tes!W3/SER_hh_num!W3) -> 72635.829 | DA3: TES_per_building.kWh.LT.Ser.Bld.Thermal
A4: Space heating | B4: =IF(SER_hh_tes!B4=0,0,11630*1000*SER_hh_tes!B4/SER_hh_num!B4) -> 71851.73 | C4: =IF(SER_hh_tes!C4=0,0,11630*1000*SER_hh_tes!C4/SER_hh_num!C4) -> 70133.928 | D4: =IF(SER_hh_tes!D4=0,0,11630*1000*SER_hh_tes!D4/SER_hh_num!D4) -> 68085.411 | E4: =IF(SER_hh_tes!E4=0,0,11630*1000*SER_hh_tes!E4/SER_hh_num!E4) -> 67361.54 | F4: =IF(SER_hh_tes!F4=0,0,11630*1000*SER_hh_tes!F4/SER_hh_num!F4) -> 66220.308 | G4: =IF(SER_hh_tes!G4=0,0,11630*1000*SER_hh_tes!G4/SER_hh_num!G4) -> 63167.845 | H4: =IF(SER_hh_tes!H4=0,0,11630*1000*SER_hh_tes!H4/SER_hh_num!H4) -> 66619.285 | I4: =IF(SER_hh_tes!I4=0,0,11630*1000*SER_hh_tes!I4/SER_hh_num!I4) -> 61539.991 | ... W4: =IF(SER_hh_tes!W4=0,0,11630*1000*SER_hh_tes!W4/SER_hh_num!W4) -> 52482.098 | DA4: TES_per_building.kWh.LT.Ser.Bld.Thermal.SH
A5: Solids | B5: =IF(SER_hh_tes!B5=0,0,11630*1000*SER_hh_tes!B5/SER_hh_num!B5) -> 74785.294 | C5: =IF(SER_hh_tes!C5=0,0,11630*1000*SER_hh_tes!C5/SER_hh_num!C5) -> 63082.404 | D5: =IF(SER_hh_tes!D5=0,0,11630*1000*SER_hh_tes!D5/SER_hh_num!D5) -> 69304.322 | E5: =IF(SER_hh_tes!E5=0,0,11630*1000*SER_hh_tes!E5/SER_hh_num!E5) -> 66481.33 | F5: =IF(SER_hh_tes!F5=0,0,11630*1000*SER_hh_tes!F5/SER_hh_num!F5) -> 59457.835 | G5: =IF(SER_hh_tes!G5=0,0,11630*1000*SER_hh_tes!G5/SER_hh_num!G5) -> 62330.186 | H5: =IF(SER_hh_tes!H5=0,0,11630*1000*SER_hh_tes!H5/SER_hh_num!H5) -> 79706.996 | I5: =IF(SER_hh_tes!I5=0,0,11630*1000*SER_hh_tes!I5/SER_hh_num!I5) -> 59535.476 | ... W5: =IF(SER_hh_tes!W5=0,0,11630*1000*SER_hh_tes!W5/SER_hh_num!W5) -> 52207.39 | DA5: TES_per_building.kWh.LT.Ser.Bld.Thermal.SH.Solids.Solids
A6: Liquified petroleum gas (LPG) | B6: =IF(SER_hh_tes!B6=0,0,11630*1000*SER_hh_tes!B6/SER_hh_num!B6) -> 0 | C6: =IF(SER_hh_tes!C6=0,0,11630*1000*SER_hh_tes!C6/SER_hh_num!C6) -> 0 | D6: =IF(SER_hh_tes!D6=0,0,11630*1000*SER_hh_tes!D6/SER_hh_num!D6) -> 0 | E6: =IF(SER_hh_tes!E6=0,0,11630*1000*SER_hh_tes!E6/SER_hh_num!E6) -> 0 | F6: =IF(SER_hh_tes!F6=0,0,11630*1000*SER_hh_tes!F6/SER_hh_num!F6) -> 0 | G6: =IF(SER_hh_tes!G6=0,0,11630*1000*SER_hh_tes!G6/SER_hh_num!G6) -> 0 | H6: =IF(SER_hh_tes!H6=0,0,11630*1000*SER_hh_tes!H6/SER_hh_num!H6) -> 0 | I6: =IF(SER_hh_tes!I6=0,0,11630*1000*SER_hh_tes!I6/SER_hh_num!I6) -> 0 | ... W6: =IF(SER_hh_tes!W6=0,0,11630*1000*SER_hh_tes!W6/SER_hh_num!W6) -> 0 | DA6: TES_per_building.kWh.LT.Ser.Bld.Thermal.SH.LPG.LPG
A7: Diesel oil | B7: =IF(SER_hh_tes!B7=0,0,11630*1000*SER_hh_tes!B7/SER_hh_num!B7) -> 77158.699 | C7: =IF(SER_hh_tes!C7=0,0,11630*1000*SER_hh_tes!C7/SER_hh_num!C7) -> 61467.719 | D7: =IF(SER_hh_tes!D7=0,0,11630*1000*SER_hh_tes!D7/SER_hh_num!D7) -> 74624.732 | E7: =IF(SER_hh_tes!E7=0,0,11630*1000*SER_hh_tes!E7/SER_hh_num!E7) -> 58882.964 | F7: =IF(SER_hh_tes!F7=0,0,11630*1000*SER_hh_tes!F7/SER_hh_num!F7) -> 68650.63 | G7: =IF(SER_hh_tes!G7=0,0,11630*1000*SER_hh_tes!G7/SER_hh_num!G7) -> 58737.059 | H7: =IF(SER_hh_tes!H7=0,0,11630*1000*SER_hh_tes!H7/SER_hh_num!H7) -> 52069.821 | I7: =IF(SER_hh_tes!I7=0,0,11630*1000*SER_hh_tes!I7/SER_hh_num!I7) -> 52875.07 | ... W7: =IF(SER_hh_tes!W7=0,0,11630*1000*SER_hh_tes!W7/SER_hh_num!W7) -> 50769.95 | DA7: TES_per_building.kWh.LT.Ser.Bld.Thermal.SH.Oil.Oil_LiqBio
A8: Gas heat pumps | B8: =IF(SER_hh_tes!B8=0,0,11630*1000*SER_hh_tes!B8/SER_hh_num!B8) -> 0 | C8: =IF(SER_hh_tes!C8=0,0,11630*1000*SER_hh_tes!C8/SER_hh_num!C8) -> 0 | D8: =IF(SER_hh_tes!D8=0,0,11630*1000*SER_hh_tes!D8/SER_hh_num!D8) -> 0 | E8: =IF(SER_hh_tes!E8=0,0,11630*1000*SER_hh_tes!E8/SER_hh_num!E8) -> 0 | F8: =IF(SER_hh_tes!F8=0,0,11630*1000*SER_hh_tes!F8/SER_hh_num!F8) -> 0 | G8: =IF(SER_hh_tes!G8=0,0,11630*1000*SER_hh_tes!G8/SER_hh_num!G8) -> 0 | H8: =IF(SER_hh_tes!H8=0,0,11630*1000*SER_hh_tes!H8/SER_hh_num!H8) -> 0 | I8: =IF(SER_hh_tes!I8=0,0,11630*1000*SER_hh_tes!I8/SER_hh_num!I8) -> 0 | ... W8: =IF(SER_hh_tes!W8=0,0,11630*1000*SER_hh_tes!W8/SER_hh_num!W8) -> 0 | DA8: TES_per_building.kWh.LT.Ser.Bld.Thermal.SH.GasHP.NG_Biogas
A9: Conventional gas heaters | B9: =IF(SER_hh_tes!B9=0,0,11630*1000*SER_hh_tes!B9/SER_hh_num!B9) -> 66819.821 | C9: =IF(SER_hh_tes!C9=0,0,11630*1000*SER_hh_tes!C9/SER_hh_num!C9) -> 66921.859 | D9: =IF(SER_hh_tes!D9=0,0,11630*1000*SER_hh_tes!D9/SER_hh_num!D9) -> 66404.367 | E9: =IF(SER_hh_tes!E9=0,0,11630*1000*SER_hh_tes!E9/SER_hh_num!E9) -> 59857.59 | F9: =IF(SER_hh_tes!F9=0,0,11630*1000*SER_hh_tes!F9/SER_hh_num!F9) -> 71808.811 | G9: =IF(SER_hh_tes!G9=0,0,11630*1000*SER_hh_tes!G9/SER_hh_num!G9) -> 60908.518 | H9: =IF(SER_hh_tes!H9=0,0,11630*1000*SER_hh_tes!H9/SER_hh_num!H9) -> 57332.04 | I9: =IF(SER_hh_tes!I9=0,0,11630*1000*SER_hh_tes!I9/SER_hh_num!I9) -> 66206.625 | ... W9: =IF(SER_hh_tes!W9=0,0,11630*1000*SER_hh_tes!W9/SER_hh_num!W9) -> 49221.686 | DA9: TES_per_building.kWh.LT.Ser.Bld.Thermal.SH.GasTH.NG_Biogas
A10: Biomass | B10: =IF(SER_hh_tes!B10=0,0,11630*1000*SER_hh_tes!B10/SER_hh_num!B10) -> 70642.664 | C10: =IF(SER_hh_tes!C10=0,0,11630*1000*SER_hh_tes!C10/SER_hh_num!C10) -> 69516.957 | D10: =IF(SER_hh_tes!D10=0,0,11630*1000*SER_hh_tes!D10/SER_hh_num!D10) -> 71179.064 | E10: =IF(SER_hh_tes!E10=0,0,11630*1000*SER_hh_tes!E10/SER_hh_num!E10) -> 64703.723 | F10: =IF(SER_hh_tes!F10=0,0,11630*1000*SER_hh_tes!F10/SER_hh_num!F10) -> 62942.025 | G10: =IF(SER_hh_tes!G10=0,0,11630*1000*SER_hh_tes!G10/SER_hh_num!G10) -> 63848.075 | H10: =IF(SER_hh_tes!H10=0,0,11630*1000*SER_hh_tes!H10/SER_hh_num!H10) -> 62864.23 | I10: =IF(SER_hh_tes!I10=0,0,11630*1000*SER_hh_tes!I10/SER_hh_num!I10) -> 57450.142 | ... W10: =IF(SER_hh_tes!W10=0,0,11630*1000*SER_hh_tes!W10/SER_hh_num!W10) -> 47779.665 | DA10: TES_per_building.kWh.LT.Ser.Bld.Thermal.SH.Biomass.Biomass_Waste
A11: Geothermal | B11: =IF(SER_hh_tes!B11=0,0,11630*1000*SER_hh_tes!B11/SER_hh_num!B11) -> 0 | C11: =IF(SER_hh_tes!C11=0,0,11630*1000*SER_hh_tes!C11/SER_hh_num!C11) -> 0 | D11: =IF(SER_hh_tes!D11=0,0,11630*1000*SER_hh_tes!D11/SER_hh_num!D11) -> 0 | E11: =IF(SER_hh_tes!E11=0,0,11630*1000*SER_hh_tes!E11/SER_hh_num!E11) -> 0 | F11: =IF(SER_hh_tes!F11=0,0,11630*1000*SER_hh_tes!F11/SER_hh_num!F11) -> 0 | G11: =IF(SER_hh_tes!G11=0,0,11630*1000*SER_hh_tes!G11/SER_hh_num!G11) -> 0 | H11: =IF(SER_hh_tes!H11=0,0,11630*1000*SER_hh_tes!H11/SER_hh_num!H11) -> 0 | I11: =IF(SER_hh_tes!I11=0,0,11630*1000*SER_hh_tes!I11/SER_hh_num!I11) -> 0 | ... W11: =IF(SER_hh_tes!W11=0,0,11630*1000*SER_hh_tes!W11/SER_hh_num!W11) -> 0 | DA11: TES_per_building.kWh.LT.Ser.Bld.Thermal.SH.Geo.Geo
A12: Distributed heat | B12: =IF(SER_hh_tes!B12=0,0,11630*1000*SER_hh_tes!B12/SER_hh_num!B12) -> 71121.864 | C12: =IF(SER_hh_tes!C12=0,0,11630*1000*SER_hh_tes!C12/SER_hh_num!C12) -> 71225.139 | D12: =IF(SER_hh_tes!D12=0,0,11630*1000*SER_hh_tes!D12/SER_hh_num!D12) -> 67804.376 | E12: =IF(SER_hh_tes!E12=0,0,11630*1000*SER_hh_tes!E12/SER_hh_num!E12) -> 67528.391 | F12: =IF(SER_hh_tes!F12=0,0,11630*1000*SER_hh_tes!F12/SER_hh_num!F12) -> 65846.046 | G12: =IF(SER_hh_tes!G12=0,0,11630*1000*SER_hh_tes!G12/SER_hh_num!G12) -> 62829.033 | H12: =IF(SER_hh_tes!H12=0,0,11630*1000*SER_hh_tes!H12/SER_hh_num!H12) -> 66303.52 | I12: =IF(SER_hh_tes!I12=0,0,11630*1000*SER_hh_tes!I12/SER_hh_num!I12) -> 61280.207 | ... W12: =IF(SER_hh_tes!W12=0,0,11630*1000*SER_hh_tes!W12/SER_hh_num!W12) -> 53156.649 | DA12: TES_per_building.kWh.LT.Ser.Bld.Thermal.SH.DistrHeat.Steam_Distr
A13: Advanced electric heating | B13: =IF(SER_hh_tes!B13=0,0,11630*1000*SER_hh_tes!B13/SER_hh_num!B13) -> 58520.605 | C13: =IF(SER_hh_tes!C13=0,0,11630*1000*SER_hh_tes!C13/SER_hh_num!C13) -> 68319.822 | D13: =IF(SER_hh_tes!D13=0,0,11630*1000*SER_hh_tes!D13/SER_hh_num!D13) -> 53618.462 | E13: =IF(SER_hh_tes!E13=0,0,11630*1000*SER_hh_tes!E13/SER_hh_num!E13) -> 66136.884 | F13: =IF(SER_hh_tes!F13=0,0,11630*1000*SER_hh_tes!F13/SER_hh_num!F13) -> 62740.86 | G13: =IF(SER_hh_tes!G13=0,0,11630*1000*SER_hh_tes!G13/SER_hh_num!G13) -> 64266.396 | H13: =IF(SER_hh_tes!H13=0,0,11630*1000*SER_hh_tes!H13/SER_hh_num!H13) -> 57468.338 | I13: =IF(SER_hh_tes!I13=0,0,11630*1000*SER_hh_tes!I13/SER_hh_num!I13) -> 49507.286 | ... W13: =IF(SER_hh_tes!W13=0,0,11630*1000*SER_hh_tes!W13/SER_hh_num!W13) -> 60716.567 | DA13: TES_per_building.kWh.LT.Ser.Bld.Thermal.SH.AdvElc.Elec
A14: Conventional electric heating | B14: =IF(SER_hh_tes!B14=0,0,11630*1000*SER_hh_tes!B14/SER_hh_num!B14) -> 69412.673 | C14: =IF(SER_hh_tes!C14=0,0,11630*1000*SER_hh_tes!C14/SER_hh_num!C14) -> 72186.594 | D14: =IF(SER_hh_tes!D14=0,0,11630*1000*SER_hh_tes!D14/SER_hh_num!D14) -> 59824.724 | E14: =IF(SER_hh_tes!E14=0,0,11630*1000*SER_hh_tes!E14/SER_hh_num!E14) -> 72951.469 | F14: =IF(SER_hh_tes!F14=0,0,11630*1000*SER_hh_tes!F14/SER_hh_num!F14) -> 68818.79 | G14: =IF(SER_hh_tes!G14=0,0,11630*1000*SER_hh_tes!G14/SER_hh_num!G14) -> 64700.646 | H14: =IF(SER_hh_tes!H14=0,0,11630*1000*SER_hh_tes!H14/SER_hh_num!H14) -> 60880.415 | I14: =IF(SER_hh_tes!I14=0,0,11630*1000*SER_hh_tes!I14/SER_hh_num!I14) -> 59176.86 | ... W14: =IF(SER_hh_tes!W14=0,0,11630*1000*SER_hh_tes!W14/SER_hh_num!W14) -> 55239.046 | DA14: TES_per_building.kWh.LT.Ser.Bld.Thermal.SH.ConvElc.Elec
... A26: Electricity | B26: =IF(SER_hh_tes!B26=0,0,11630*1000*SER_hh_tes!B26/SER_hh_num!B26) -> 7418.2619 | C26: =IF(SER_hh_tes!C26=0,0,11630*1000*SER_hh_tes!C26/SER_hh_num!C26) -> 7918.5898 | D26: =IF(SER_hh_tes!D26=0,0,11630*1000*SER_hh_tes!D26/SER_hh_num!D26) -> 8003.0212 | E26: =IF(SER_hh_tes!E26=0,0,11630*1000*SER_hh_tes!E26/SER_hh_num!E26) -> 7917.7586 | F26: =IF(SER_hh_tes!F26=0,0,11630*1000*SER_hh_tes!F26/SER_hh_num!F26) -> 8007.0286 | G26: =IF(SER_hh_tes!G26=0,0,11630*1000*SER_hh_tes!G26/SER_hh_num!G26) -> 8184.9706 | H26: =IF(SER_hh_tes!H26=0,0,11630*1000*SER_hh_tes!H26/SER_hh_num!H26) -> 8375.7035 | I26: =IF(SER_hh_tes!I26=0,0,11630*1000*SER_hh_tes!I26/SER_hh_num!I26) -> 8703.8889 | ... W26: =IF(SER_hh_tes!W26=0,0,11630*1000*SER_hh_tes!W26/SER_hh_num!W26) -> 9735.2467 | DA26: TES_per_building.kWh.LT.Ser.Bld.Thermal.HW.Elc.Elec
A27: Solar (as of total) | B27: =IF(SER_hh_tes!B27=0,0,11630*1000*SER_hh_tes!B27/SER_hh_num!B19) -> 0 | C27: =IF(SER_hh_tes!C27=0,0,11630*1000*SER_hh_tes!C27/SER_hh_num!C19) -> 0 | D27: =IF(SER_hh_tes!D27=0,0,11630*1000*SER_hh_tes!D27/SER_hh_num!D19) -> 0 | E27: =IF(SER_hh_tes!E27=0,0,11630*1000*SER_hh_tes!E27/SER_hh_num!E19) -> 0 | F27: =IF(SER_hh_tes!F27=0,0,11630*1000*SER_hh_tes!F27/SER_hh_num!F19) -> 0 | G27: =IF(SER_hh_tes!G27=0,0,11630*1000*SER_hh_tes!G27/SER_hh_num!G19) -> 0 | H27: =IF(SER_hh_tes!H27=0,0,11630*1000*SER_hh_tes!H27/SER_hh_num!H19) -> 0 | I27: =IF(SER_hh_tes!I27=0,0,11630*1000*SER_hh_tes!I27/SER_hh_num!I19) -> 0 | ... W27: =IF(SER_hh_tes!W27=0,0,11630*1000*SER_hh_tes!W27/SER_hh_num!W19) -> 0 | DA27: TES_per_building.kWh.LT.Ser.Bld.Thermal.HW.TotalSolar.Solar
A28: Solar (as of solar equiped buildings) | B28: =IF(SER_hh_tes!B27=0,0,11630*1000*SER_hh_tes!B27/SER_hh_num!B27) -> 0 | C28: =IF(SER_hh_tes!C27=0,0,11630*1000*SER_hh_tes!C27/SER_hh_num!C27) -> 0 | D28: =IF(SER_hh_tes!D27=0,0,11630*1000*SER_hh_tes!D27/SER_hh_num!D27) -> 0 | E28: =IF(SER_hh_tes!E27=0,0,11630*1000*SER_hh_tes!E27/SER_hh_num!E27) -> 0 | F28: =IF(SER_hh_tes!F27=0,0,11630*1000*SER_hh_tes!F27/SER_hh_num!F27) -> 0 | G28: =IF(SER_hh_tes!G27=0,0,11630*1000*SER_hh_tes!G27/SER_hh_num!G27) -> 0 | H28: =IF(SER_hh_tes!H27=0,0,11630*1000*SER_hh_tes!H27/SER_hh_num!H27) -> 0 | I28: =IF(SER_hh_tes!I27=0,0,11630*1000*SER_hh_tes!I27/SER_hh_num!I27) -> 0 | ... W28: =IF(SER_hh_tes!W27=0,0,11630*1000*SER_hh_tes!W27/SER_hh_num!W27) -> 0
A29: Catering | B29: =IF(SER_hh_tes!B29=0,0,11630*1000*SER_hh_tes!B29/SER_hh_num!B29) -> 8659.7452 | C29: =IF(SER_hh_tes!C29=0,0,11630*1000*SER_hh_tes!C29/SER_hh_num!C29) -> 8438.1529 | D29: =IF(SER_hh_tes!D29=0,0,11630*1000*SER_hh_tes!D29/SER_hh_num!D29) -> 8354.4893 | E29: =IF(SER_hh_tes!E29=0,0,11630*1000*SER_hh_tes!E29/SER_hh_num!E29) -> 8126.4744 | F29: =IF(SER_hh_tes!F29=0,0,11630*1000*SER_hh_tes!F29/SER_hh_num!F29) -> 8023.1692 | G29: =IF(SER_hh_tes!G29=0,0,11630*1000*SER_hh_tes!G29/SER_hh_num!G29) -> 7966.2528 | H29: =IF(SER_hh_tes!H29=0,0,11630*1000*SER_hh_tes!H29/SER_hh_num!H29) -> 8329.0118 | I29: =IF(SER_hh_tes!I29=0,0,11630*1000*SER_hh_tes!I29/SER_hh_num!I29) -> 7951.3594 | ... W29: =IF(SER_hh_tes!W29=0,0,11630*1000*SER_hh_tes!W29/SER_hh_num!W29) -> 8000.3556 | DA29: TES_per_building.kWh.LT.Ser.Bld.Thermal.CA
A30: Liquified petroleum gas (LPG) | B30: =IF(SER_hh_tes!B30=0,0,11630*1000*SER_hh_tes!B30/SER_hh_num!B30) -> 0 | C30: =IF(SER_hh_tes!C30=0,0,11630*1000*SER_hh_tes!C30/SER_hh_num!C30) -> 0 | D30: =IF(SER_hh_tes!D30=0,0,11630*1000*SER_hh_tes!D30/SER_hh_num!D30) -> 0 | E30: =IF(SER_hh_tes!E30=0,0,11630*1000*SER_hh_tes!E30/SER_hh_num!E30) -> 0 | F30: =IF(SER_hh_tes!F30=0,0,11630*1000*SER_hh_tes!F30/SER_hh_num!F30) -> 0 | G30: =IF(SER_hh_tes!G30=0,0,11630*1000*SER_hh_tes!G30/SER_hh_num!G30) -> 0 | H30: =IF(SER_hh_tes!H30=0,0,11630*1000*SER_hh_tes!H30/SER_hh_num!H30) -> 0 | I30: =IF(SER_hh_tes!I30=0,0,11630*1000*SER_hh_tes!I30/SER_hh_num!I30) -> 0 | ... W30: =IF(SER_hh_tes!W30=0,0,11630*1000*SER_hh_tes!W30/SER_hh_num!W30) -> 0 | DA30: TES_per_building.kWh.LT.Ser.Bld.Thermal.CA.LPG
A31: Natural gas | B31: =IF(SER_hh_tes!B31=0,0,11630*1000*SER_hh_tes!B31/SER_hh_num!B31) -> 8374.9978 | C31: =IF(SER_hh_tes!C31=0,0,11630*1000*SER_hh_tes!C31/SER_hh_num!C31) -> 8322.673 | D31: =IF(SER_hh_tes!D31=0,0,11630*1000*SER_hh_tes!D31/SER_hh_num!D31) -> 8641.6999 | E31: =IF(SER_hh_tes!E31=0,0,11630*1000*SER_hh_tes!E31/SER_hh_num!E31) -> 8509.3356 | F31: =IF(SER_hh_tes!F31=0,0,11630*1000*SER_hh_tes!F31/SER_hh_num!F31) -> 7710.2958 | G31: =IF(SER_hh_tes!G31=0,0,11630*1000*SER_hh_tes!G31/SER_hh_num!G31) -> 7786.2311 | H31: =IF(SER_hh_tes!H31=0,0,11630*1000*SER_hh_tes!H31/SER_hh_num!H31) -> 7468.4505 | I31: =IF(SER_hh_tes!I31=0,0,11630*1000*SER_hh_tes!I31/SER_hh_num!I31) -> 8364.8356 | ... W31: =IF(SER_hh_tes!W31=0,0,11630*1000*SER_hh_tes!W31/SER_hh_num!W31) -> 7729.21 | DA31: TES_per_building.kWh.LT.Ser.Bld.Thermal.CA.Gas.NG_Biogas
A32: Biomass | B32: =IF(SER_hh_tes!B32=0,0,11630*1000*SER_hh_tes!B32/SER_hh_num!B32) -> 0 | C32: =IF(SER_hh_tes!C32=0,0,11630*1000*SER_hh_tes!C32/SER_hh_num!C32) -> 0 | D32: =IF(SER_hh_tes!D32=0,0,11630*1000*SER_hh_tes!D32/SER_hh_num!D32) -> 0 | E32: =IF(SER_hh_tes!E32=0,0,11630*1000*SER_hh_tes!E32/SER_hh_num!E32) -> 0 | F32: =IF(SER_hh_tes!F32=0,0,11630*1000*SER_hh_tes!F32/SER_hh_num!F32) -> 0 | G32: =IF(SER_hh_tes!G32=0,0,11630*1000*SER_hh_tes!G32/SER_hh_num!G32) -> 11519.27 | H32: =IF(SER_hh_tes!H32=0,0,11630*1000*SER_hh_tes!H32/SER_hh_num!H32) -> 7834.0036 | I32: =IF(SER_hh_tes!I32=0,0,11630*1000*SER_hh_tes!I32/SER_hh_num!I32) -> 6235.2874 | ... W32: =IF(SER_hh_tes!W32=0,0,11630*1000*SER_hh_tes!W32/SER_hh_num!W32) -> 8638.8191 | DA32: TES_per_building.kWh.LT.Ser.Bld.Thermal.CA.Biomass.Biomass_Waste
A33: Electricity | B33: =IF(SER_hh_tes!B33=0,0,11630*1000*SER_hh_tes!B33/SER_hh_num!B33) -> 8742.9878 | C33: =IF(SER_hh_tes!C33=0,0,11630*1000*SER_hh_tes!C33/SER_hh_num!C33) -> 8473.43 | D33: =IF(SER_hh_tes!D33=0,0,11630*1000*SER_hh_tes!D33/SER_hh_num!D33) -> 8261.9318 | E33: =IF(SER_hh_tes!E33=0,0,11630*1000*SER_hh_tes!E33/SER_hh_num!E33) -> 8005.5805 | F33: =IF(SER_hh_tes!F33=0,0,11630*1000*SER_hh_tes!F33/SER_hh_num!F33) -> 8116.6621 | G33: =IF(SER_hh_tes!G33=0,0,11630*1000*SER_hh_tes!G33/SER_hh_num!G33) -> 7976.176 | H33: =IF(SER_hh_tes!H33=0,0,11630*1000*SER_hh_tes!H33/SER_hh_num!H33) -> 8619.7094 | I33: =IF(SER_hh_tes!I33=0,0,11630*1000*SER_hh_tes!I33/SER_hh_num!I33) -> 7841.9225 | ... W33: =IF(SER_hh_tes!W33=0,0,11630*1000*SER_hh_tes!W33/SER_hh_num!W33) -> 7985.6261 | DA33: TES_per_building.kWh.LT.Ser.Bld.Thermal.CA.Elc.Elec

Sheet SER_hh_emih
A1: LT - CO2 emissions per building | B1: 2000 | C1: 2001 | D1: 2002 | E1: 2003 | F1: 2004 | G1: 2005 | H1: 2006 | I1: 2007 | J1: 2008 | K1: 2009 | L1: 2010 | M1: 2011 | N1: 2012 | O1: 2013 | P1: 2014 | Q1: 2015 | R1: 2016 | S1: 2017 | T1: 2018 | U1: 2019 | V1: 2020 | W1: 2021 | DA1: Code
A3: CO2 emissions (kg CO2 / representative building cell) | B3: =IF(SER_hh_emi!B3=0,0,1000000*SER_hh_emi!B3/SER_hh_num!B3) -> 10720.486 | C3: =IF(SER_hh_emi!C3=0,0,1000000*SER_hh_emi!C3/SER_hh_num!C3) -> 8854.8486 | D3: =IF(SER_hh_emi!D3=0,0,1000000*SER_hh_emi!D3/SER_hh_num!D3) -> 9638.0578 | E3: =IF(SER_hh_emi!E3=0,0,1000000*SER_hh_emi!E3/SER_hh_num!E3) -> 8695.692 | F3: =IF(SER_hh_emi!F3=0,0,1000000*SER_hh_emi!F3/SER_hh_num!F3) -> 8925.3191 | G3: =IF(SER_hh_emi!G3=0,0,1000000*SER_hh_emi!G3/SER_hh_num!G3) -> 8870.7681 | H3: =IF(SER_hh_emi!H3=0,0,1000000*SER_hh_emi!H3/SER_hh_num!H3) -> 10365.315 | I3: =IF(SER_hh_emi!I3=0,0,1000000*SER_hh_emi!I3/SER_hh_num!I3) -> 8904.1677 | ... W3: =IF(SER_hh_emi!W3=0,0,1000000*SER_hh_emi!W3/SER_hh_num!W3) -> 5634.0172 | DA3: EMI_per_building.kgCO2.LT.Ser.Bld.Thermal
A4: Space heating | B4: =IF(SER_hh_emi!B4=0,0,1000000*SER_hh_emi!B4/SER_hh_num!B4) -> 9682.0307 | C4: =IF(SER_hh_emi!C4=0,0,1000000*SER_hh_emi!C4/SER_hh_num!C4) -> 7900.0081 | D4: =IF(SER_hh_emi!D4=0,0,1000000*SER_hh_emi!D4/SER_hh_num!D4) -> 8653.6109 | E4: =IF(SER_hh_emi!E4=0,0,1000000*SER_hh_emi!E4/SER_hh_num!E4) -> 7769.2857 | F4: =IF(SER_hh_emi!F4=0,0,1000000*SER_hh_emi!F4/SER_hh_num!F4) -> 8049.4172 | G4: =IF(SER_hh_emi!G4=0,0,1000000*SER_hh_emi!G4/SER_hh_num!G4) -> 8017.1011 | H4: =IF(SER_hh_emi!H4=0,0,1000000*SER_hh_emi!H4/SER_hh_num!H4) -> 9487.1657 | I4: =IF(SER_hh_emi!I4=0,0,1000000*SER_hh_emi!I4/SER_hh_num!I4) -> 7863.3448 | ... W4: =IF(SER_hh_emi!W4=0,0,1000000*SER_hh_emi!W4/SER_hh_num!W4) -> 5123.0613 | DA4: EMI_per_building.kgCO2.LT.Ser.Bld.Thermal.SH
A5: Solids | B5: =IF(SER_hh_emi!B5=0,0,1000000*SER_hh_emi!B5/SER_hh_num!B5) -> 52821.12 | C5: =IF(SER_hh_emi!C5=0,0,1000000*SER_hh_emi!C5/SER_hh_num!C5) -> 44195.237 | D5: =IF(SER_hh_emi!D5=0,0,1000000*SER_hh_emi!D5/SER_hh_num!D5) -> 47471.096 | E5: =IF(SER_hh_emi!E5=0,0,1000000*SER_hh_emi!E5/SER_hh_num!E5) -> 44645.252 | F5: =IF(SER_hh_emi!F5=0,0,1000000*SER_hh_emi!F5/SER_hh_num!F5) -> 39041.582 | G5: =IF(SER_hh_emi!G5=0,0,1000000*SER_hh_emi!G5/SER_hh_num!G5) -> 39976.851 | H5: =IF(SER_hh_emi!H5=0,0,1000000*SER_hh_emi!H5/SER_hh_num!H5) -> 50234.352 | I5: =IF(SER_hh_emi!I5=0,0,1000000*SER_hh_emi!I5/SER_hh_num!I5) -> 37111.627 | ... W5: =IF(SER_hh_emi!W5=0,0,1000000*SER_hh_emi!W5/SER_hh_num!W5) -> 27658.122 | DA5: EMI_per_building.kgCO2.LT.Ser.Bld.Thermal.SH.Solids.Solids
A6: Liquified petroleum gas (LPG) | B6: =IF(SER_hh_emi!B6=0,0,1000000*SER_hh_emi!B6/SER_hh_num!B6) -> 0 | C6: =IF(SER_hh_emi!C6=0,0,1000000*SER_hh_emi!C6/SER_hh_num!C6) -> 0 | D6: =IF(SER_hh_emi!D6=0,0,1000000*SER_hh_emi!D6/SER_hh_num!D6) -> 0 | E6: =IF(SER_hh_emi!E6=0,0,1000000*SER_hh_emi!E6/SER_hh_num!E6) -> 0 | F6: =IF(SER_hh_emi!F6=0,0,1000000*SER_hh_emi!F6/SER_hh_num!F6) -> 0 | G6: =IF(SER_hh_emi!G6=0,0,1000000*SER_hh_emi!G6/SER_hh_num!G6) -> 0 | H6: =IF(SER_hh_emi!H6=0,0,1000000*SER_hh_emi!H6/SER_hh_num!H6) -> 0 | I6: =IF(SER_hh_emi!I6=0,0,1000000*SER_hh_emi!I6/SER_hh_num!I6) -> 0 | ... W6: =IF(SER_hh_emi!W6=0,0,1000000*SER_hh_emi!W6/SER_hh_num!W6) -> 0 | DA6: EMI_per_building.kgCO2.LT.Ser.Bld.Thermal.SH.LPG.LPG
A7: Diesel oil | B7: =IF(SER_hh_emi!B7=0,0,1000000*SER_hh_emi!B7/SER_hh_num!B7) -> 49123.426 | C7: =IF(SER_hh_emi!C7=0,0,1000000*SER_hh_emi!C7/SER_hh_num!C7) -> 38759.182 | D7: =IF(SER_hh_emi!D7=0,0,1000000*SER_hh_emi!D7/SER_hh_num!D7) -> 46835.309 | E7: =IF(SER_hh_emi!E7=0,0,1000000*SER_hh_emi!E7/SER_hh_num!E7) -> 37650.882 | F7: =IF(SER_hh_emi!F7=0,0,1000000*SER_hh_emi!F7/SER_hh_num!F7) -> 43074.987 | G7: =IF(SER_hh_emi!G7=0,0,1000000*SER_hh_emi!G7/SER_hh_num!G7) -> 36900.078 | H7: =IF(SER_hh_emi!H7=0,0,1000000*SER_hh_emi!H7/SER_hh_num!H7) -> 32699.531 | I7: =IF(SER_hh_emi!I7=0,0,1000000*SER_hh_emi!I7/SER_hh_num!I7) -> 33591.714 | ... W7: =IF(SER_hh_emi!W7=0,0,1000000*SER_hh_emi!W7/SER_hh_num!W7) -> 22237.558 | DA7: EMI_per_building.kgCO2.LT.Ser.Bld.Thermal.SH.Oil.Oil_LiqBio
A8: Gas heat pumps | B8: =IF(SER_hh_emi!B8=0,0,1000000*SER_hh_emi!B8/SER_hh_num!B8) -> 0 | C8: =IF(SER_hh_emi!C8=0,0,1000000*SER_hh_emi!C8/SER_hh_num!C8) -> 0 | D8: =IF(SER_hh_emi!D8=0,0,1000000*SER_hh_emi!D8/SER_hh_num!D8) -> 0 | E8: =IF(SER_hh_emi!E8=0,0,1000000*SER_hh_emi!E8/SER_hh_num!E8) -> 0 | F8: =IF(SER_hh_emi!F8=0,0,1000000*SER_hh_emi!F8/SER_hh_num!F8) -> 0 | G8: =IF(SER_hh_emi!G8=0,0,1000000*SER_hh_emi!G8/SER_hh_num!G8) -> 0 | H8: =IF(SER_hh_emi!H8=0,0,1000000*SER_hh_emi!H8/SER_hh_num!H8) -> 0 | I8: =IF(SER_hh_emi!I8=0,0,1000000*SER_hh_emi!I8/SER_hh_num!I8) -> 0 | ... W8: =IF(SER_hh_emi!W8=0,0,1000000*SER_hh_emi!W8/SER_hh_num!W8) -> 0 | DA8: EMI_per_building.kgCO2.LT.Ser.Bld.Thermal.SH.GasHP.NG_Biogas
A9: Conventional gas heaters | B9: =IF(SER_hh_emi!B9=0,0,1000000*SER_hh_emi!B9/SER_hh_num!B9) -> 28975.705 | C9: =IF(SER_hh_emi!C9=0,0,1000000*SER_hh_emi!C9/SER_hh_num!C9) -> 28170.98 | D9: =IF(SER_hh_emi!D9=0,0,1000000*SER_hh_emi!D9/SER_hh_num!D9) -> 26396.809 | E9: =IF(SER_hh_emi!E9=0,0,1000000*SER_hh_emi!E9/SER_hh_num!E9) -> 23069.747 | F9: =IF(SER_hh_emi!F9=0,0,1000000*SER_hh_emi!F9/SER_hh_num!F9) -> 27397.727 | G9: =IF(SER_hh_emi!G9=0,0,1000000*SER_hh_emi!G9/SER_hh_num!G9) -> 22675.743 | H9: =IF(SER_hh_emi!H9=0,0,1000000*SER_hh_emi!H9/SER_hh_num!H9) -> 20935.675 | I9: =IF(SER_hh_emi!I9=0,0,1000000*SER_hh_emi!I9/SER_hh_num!I9) -> 23764.682 | ... W9: =IF(SER_hh_emi!W9=0,0,1000000*SER_hh_emi!W9/SER_hh_num!W9) -> 13587.173 | DA9: EMI_per_building.kgCO2.LT.Ser.Bld.Thermal.SH.GasTH.NG_Biogas
A10: Biomass | B10: =IF(SER_hh_emi!B10=0,0,1000000*SER_hh_emi!B10/SER_hh_num!B10) -> 0 | C10: =IF(SER_hh_emi!C10=0,0,1000000*SER_hh_emi!C10/SER_hh_num!C10) -> 0 | D10: =IF(SER_hh_emi!D10=0,0,1000000*SER_hh_emi!D10/SER_hh_num!D10) -> 0 | E10: =IF(SER_hh_emi!E10=0,0,1000000*SER_hh_emi!E10/SER_hh_num!E10) -> 0 | F10: =IF(SER_hh_emi!F10=0,0,1000000*SER_hh_emi!F10/SER_hh_num!F10) -> 0 | G10: =IF(SER_hh_emi!G10=0,0,1000000*SER_hh_emi!G10/SER_hh_num!G10) -> 0 | H10: =IF(SER_hh_emi!H10=0,0,1000000*SER_hh_emi!H10/SER_hh_num!H10) -> 0 | I10: =IF(SER_hh_emi!I10=0,0,1000000*SER_hh_emi!I10/SER_hh_num!I10) -> 0 | ... W10: =IF(SER_hh_emi!W10=0,0,1000000*SER_hh_emi!W10/SER_hh_num!W10) -> 0 | DA10: EMI_per_building.kgCO2.LT.Ser.Bld.Thermal.SH.Biomass.Biomass_Waste
A11: Geothermal | B11: =IF(SER_hh_emi!B11=0,0,1000000*SER_hh_emi!B11/SER_hh_num!B11) -> 0 | C11: =IF(SER_hh_emi!C11=0,0,1000000*SER_hh_emi!C11/SER_hh_num!C11) -> 0 | D11: =IF(SER_hh_emi!D11=0,0,1000000*SER_hh_emi!D11/SER_hh_num!D11) -> 0 | E11: =IF(SER_hh_emi!E11=0,0,1000000*SER_hh_emi!E11/SER_hh_num!E11) -> 0 | F11: =IF(SER_hh_emi!F11=0,0,1000000*SER_hh_emi!F11/SER_hh_num!F11) -> 0 | G11: =IF(SER_hh_emi!G11=0,0,1000000*SER_hh_emi!G11/SER_hh_num!G11) -> 0 | H11: =IF(SER_hh_emi!H11=0,0,1000000*SER_hh_emi!H11/SER_hh_num!H11) -> 0 | I11: =IF(SER_hh_emi!I11=0,0,1000000*SER_hh_emi!I11/SER_hh_num!I11) -> 0 | ... W11: =IF(SER_hh_emi!W11=0,0,1000000*SER_hh_emi!W11/SER_hh_num!W11) -> 0 | DA11: EMI_per_building.kgCO2.LT.Ser.Bld.Thermal.SH.Geo.Geo
A12: Distributed heat | B12: =IF(SER_hh_emi!B12=0,0,1000000*SER_hh_emi!B12/SER_hh_num!B12) -> 0 | C12: =IF(SER_hh_emi!C12=0,0,1000000*SER_hh_emi!C12/SER_hh_num!C12) -> 0 | D12: =IF(SER_hh_emi!D12=0,0,1000000*SER_hh_emi!D12/SER_hh_num!D12) -> 0 | E12: =IF(SER_hh_emi!E12=0,0,1000000*SER_hh_emi!E12/SER_hh_num!E12) -> 0 | F12: =IF(SER_hh_emi!F12=0,0,1000000*SER_hh_emi!F12/SER_hh_num!F12) -> 0 | G12: =IF(SER_hh_emi!G12=0,0,1000000*SER_hh_emi!G12/SER_hh_num!G12) -> 0 | H12: =IF(SER_hh_emi!H12=0,0,1000000*SER_hh_emi!H12/SER_hh_num!H12) -> 0 | I12: =IF(SER_hh_emi!I12=0,0,1000000*SER_hh_emi!I12/SER_hh_num!I12) -> 0 | ... W12: =IF(SER_hh_emi!W12=0,0,1000000*SER_hh_emi!W12/SER_hh_num!W12) -> 0 | DA12: EMI_per_building.kgCO2.LT.Ser.Bld.Thermal.SH.DistrHeat.Steam_Distr
A13: Advanced electric heating | B13: =IF(SER_hh_emi!B13=0,0,1000000*SER_hh_emi!B13/SER_hh_num!B13) -> 0 | C13: =IF(SER_hh_emi!C13=0,0,1000000*SER_hh_emi!C13/SER_hh_num!C13) -> 0 | D13: =IF(SER_hh_emi!D13=0,0,1000000*SER_hh_emi!D13/SER_hh_num!D13) -> 0 | E13: =IF(SER_hh_emi!E13=0,0,1000000*SER_hh_emi!E13/SER_hh_num!E13) -> 0 | F13: =IF(SER_hh_emi!F13=0,0,1000000*SER_hh_emi!F13/SER_hh_num!F13) -> 0 | G13: =IF(SER_hh_emi!G13=0,0,1000000*SER_hh_emi!G13/SER_hh_num!G13) -> 0 | H13: =IF(SER_hh_emi!H13=0,0,1000000*SER_hh_emi!H13/SER_hh_num!H13) -> 0 | I13: =IF(SER_hh_emi!I13=0,0,1000000*SER_hh_emi!I13/SER_hh_num!I13) -> 0 | ... W13: =IF(SER_hh_emi!W13=0,0,1000000*SER_hh_emi!W13/SER_hh_num!W13) -> 0 | DA13: EMI_per_building.kgCO2.LT.Ser.Bld.Thermal.SH.AdvElc.Elec
A14: Conventional electric heating | B14: =IF(SER_hh_emi!B14=0,0,1000000*SER_hh_emi!B14/SER_hh_num!B14) -> 0 | C14: =IF(SER_hh_emi!C14=0,0,1000000*SER_hh_emi!C14/SER_hh_num!C14) -> 0 | D14: =IF(SER_hh_emi!D14=0,0,1000000*SER_hh_emi!D14/SER_hh_num!D14) -> 0 | E14: =IF(SER_hh_emi!E14=0,0,1000000*SER_hh_emi!E14/SER_hh_num!E14) -> 0 | F14: =IF(SER_hh_emi!F14=0,0,1000000*SER_hh_emi!F14/SER_hh_num!F14) -> 0 | G14: =IF(SER_hh_emi!G14=0,0,1000000*SER_hh_emi!G14/SER_hh_num!G14) -> 0 | H14: =IF(SER_hh_emi!H14=0,0,1000000*SER_hh_emi!H14/SER_hh_num!H14) -> 0 | I14: =IF(SER_hh_emi!I14=0,0,1000000*SER_hh_emi!I14/SER_hh_num!I14) -> 0 | ... W14: =IF(SER_hh_emi!W14=0,0,1000000*SER_hh_emi!W14/SER_hh_num!W14) -> 0 | DA14: EMI_per_building.kgCO2.LT.Ser.Bld.Thermal.SH.ConvElc.Elec
... A26: Electricity | B26: =IF(SER_hh_emi!B26=0,0,1000000*SER_hh_emi!B26/SER_hh_num!B26) -> 0 | C26: =IF(SER_hh_emi!C26=0,0,1000000*SER_hh_emi!C26/SER_hh_num!C26) -> 0 | D26: =IF(SER_hh_emi!D26=0,0,1000000*SER_hh_emi!D26/SER_hh_num!D26) -> 0 | E26: =IF(SER_hh_emi!E26=0,0,1000000*SER_hh_emi!E26/SER_hh_num!E26) -> 0 | F26: =IF(SER_hh_emi!F26=0,0,1000000*SER_hh_emi!F26/SER_hh_num!F26) -> 0 | G26: =IF(SER_hh_emi!G26=0,0,1000000*SER_hh_emi!G26/SER_hh_num!G26) -> 0 | H26: =IF(SER_hh_emi!H26=0,0,1000000*SER_hh_emi!H26/SER_hh_num!H26) -> 0 | I26: =IF(SER_hh_emi!I26=0,0,1000000*SER_hh_emi!I26/SER_hh_num!I26) -> 0 | ... W26: =IF(SER_hh_emi!W26=0,0,1000000*SER_hh_emi!W26/SER_hh_num!W26) -> 0 | DA26: EMI_per_building.kgCO2.LT.Ser.Bld.Thermal.HW.Elc.Elec
A27: Solar (as of total) | B27: =IF(SER_hh_emi!B27=0,0,1000000*SER_hh_emi!B27/SER_hh_num!B19) -> 0 | C27: =IF(SER_hh_emi!C27=0,0,1000000*SER_hh_emi!C27/SER_hh_num!C19) -> 0 | D27: =IF(SER_hh_emi!D27=0,0,1000000*SER_hh_emi!D27/SER_hh_num!D19) -> 0 | E27: =IF(SER_hh_emi!E27=0,0,1000000*SER_hh_emi!E27/SER_hh_num!E19) -> 0 | F27: =IF(SER_hh_emi!F27=0,0,1000000*SER_hh_emi!F27/SER_hh_num!F19) -> 0 | G27: =IF(SER_hh_emi!G27=0,0,1000000*SER_hh_emi!G27/SER_hh_num!G19) -> 0 | H27: =IF(SER_hh_emi!H27=0,0,1000000*SER_hh_emi!H27/SER_hh_num!H19) -> 0 | I27: =IF(SER_hh_emi!I27=0,0,1000000*SER_hh_emi!I27/SER_hh_num!I19) -> 0 | ... W27: =IF(SER_hh_emi!W27=0,0,1000000*SER_hh_emi!W27/SER_hh_num!W19) -> 0 | DA27: EMI_per_building.kgCO2.LT.Ser.Bld.Thermal.HW.TotalSolar.Solar
A28: Solar (as of solar equiped buildings) | B28: =IF(SER_hh_emi!B27=0,0,1000000*SER_hh_emi!B27/SER_hh_num!B27) -> 0 | C28: =IF(SER_hh_emi!C27=0,0,1000000*SER_hh_emi!C27/SER_hh_num!C27) -> 0 | D28: =IF(SER_hh_emi!D27=0,0,1000000*SER_hh_emi!D27/SER_hh_num!D27) -> 0 | E28: =IF(SER_hh_emi!E27=0,0,1000000*SER_hh_emi!E27/SER_hh_num!E27) -> 0 | F28: =IF(SER_hh_emi!F27=0,0,1000000*SER_hh_emi!F27/SER_hh_num!F27) -> 0 | G28: =IF(SER_hh_emi!G27=0,0,1000000*SER_hh_emi!G27/SER_hh_num!G27) -> 0 | H28: =IF(SER_hh_emi!H27=0,0,1000000*SER_hh_emi!H27/SER_hh_num!H27) -> 0 | I28: =IF(SER_hh_emi!I27=0,0,1000000*SER_hh_emi!I27/SER_hh_num!I27) -> 0 | ... W28: =IF(SER_hh_emi!W27=0,0,1000000*SER_hh_emi!W27/SER_hh_num!W27) -> 0
A29: Catering | B29: =IF(SER_hh_emi!B29=0,0,1000000*SER_hh_emi!B29/SER_hh_num!B29) -> 685.41273 | C29: =IF(SER_hh_emi!C29=0,0,1000000*SER_hh_emi!C29/SER_hh_num!C29) -> 703.12238 | D29: =IF(SER_hh_emi!D29=0,0,1000000*SER_hh_emi!D29/SER_hh_num!D29) -> 742.95415 | E29: =IF(SER_hh_emi!E29=0,0,1000000*SER_hh_emi!E29/SER_hh_num!E29) -> 717.36378 | F29: =IF(SER_hh_emi!F29=0,0,1000000*SER_hh_emi!F29/SER_hh_num!F29) -> 632.7776 | G29: =IF(SER_hh_emi!G29=0,0,1000000*SER_hh_emi!G29/SER_hh_num!G29) -> 636.01965 | H29: =IF(SER_hh_emi!H29=0,0,1000000*SER_hh_emi!H29/SER_hh_num!H29) -> 641.20352 | I29: =IF(SER_hh_emi!I29=0,0,1000000*SER_hh_emi!I29/SER_hh_num!I29) -> 756.14414 | ... W29: =IF(SER_hh_emi!W29=0,0,1000000*SER_hh_emi!W29/SER_hh_num!W29) -> 218.24869 | DA29: EMI_per_building.kgCO2.LT.Ser.Bld.Thermal.CA
A30: Liquified petroleum gas (LPG) | B30: =IF(SER_hh_emi!B30=0,0,1000000*SER_hh_emi!B30/SER_hh_num!B30) -> 0 | C30: =IF(SER_hh_emi!C30=0,0,1000000*SER_hh_emi!C30/SER_hh_num!C30) -> 0 | D30: =IF(SER_hh_emi!D30=0,0,1000000*SER_hh_emi!D30/SER_hh_num!D30) -> 0 | E30: =IF(SER_hh_emi!E30=0,0,1000000*SER_hh_emi!E30/SER_hh_num!E30) -> 0 | F30: =IF(SER_hh_emi!F30=0,0,1000000*SER_hh_emi!F30/SER_hh_num!F30) -> 0 | G30: =IF(SER_hh_emi!G30=0,0,1000000*SER_hh_emi!G30/SER_hh_num!G30) -> 0 | H30: =IF(SER_hh_emi!H30=0,0,1000000*SER_hh_emi!H30/SER_hh_num!H30) -> 0 | I30: =IF(SER_hh_emi!I30=0,0,1000000*SER_hh_emi!I30/SER_hh_num!I30) -> 0 | ... W30: =IF(SER_hh_emi!W30=0,0,1000000*SER_hh_emi!W30/SER_hh_num!W30) -> 0 | DA30: EMI_per_building.kgCO2.LT.Ser.Bld.Thermal.CA.LPG
A31: Natural gas | B31: =IF(SER_hh_emi!B31=0,0,1000000*SER_hh_emi!B31/SER_hh_num!B31) -> 3029.9995 | C31: =IF(SER_hh_emi!C31=0,0,1000000*SER_hh_emi!C31/SER_hh_num!C31) -> 3004.7996 | D31: =IF(SER_hh_emi!D31=0,0,1000000*SER_hh_emi!D31/SER_hh_num!D31) -> 3048.3781 | E31: =IF(SER_hh_emi!E31=0,0,1000000*SER_hh_emi!E31/SER_hh_num!E31) -> 2989.1959 | F31: =IF(SER_hh_emi!F31=0,0,1000000*SER_hh_emi!F31/SER_hh_num!F31) -> 2750.3635 | G31: =IF(SER_hh_emi!G31=0,0,1000000*SER_hh_emi!G31/SER_hh_num!G31) -> 2757.4033 | H31: =IF(SER_hh_emi!H31=0,0,1000000*SER_hh_emi!H31/SER_hh_num!H31) -> 2635.7204 | I31: =IF(SER_hh_emi!I31=0,0,1000000*SER_hh_emi!I31/SER_hh_num!I31) -> 2946.9544 | ... W31: =IF(SER_hh_emi!W31=0,0,1000000*SER_hh_emi!W31/SER_hh_num!W31) -> 2491.5648 | DA31: EMI_per_building.kgCO2.LT.Ser.Bld.Thermal.CA.Gas.NG_Biogas
A32: Biomass | B32: =IF(SER_hh_emi!B32=0,0,1000000*SER_hh_emi!B32/SER_hh_num!B32) -> 0 | C32: =IF(SER_hh_emi!C32=0,0,1000000*SER_hh_emi!C32/SER_hh_num!C32) -> 0 | D32: =IF(SER_hh_emi!D32=0,0,1000000*SER_hh_emi!D32/SER_hh_num!D32) -> 0 | E32: =IF(SER_hh_emi!E32=0,0,1000000*SER_hh_emi!E32/SER_hh_num!E32) -> 0 | F32: =IF(SER_hh_emi!F32=0,0,1000000*SER_hh_emi!F32/SER_hh_num!F32) -> 0 | G32: =IF(SER_hh_emi!G32=0,0,1000000*SER_hh_emi!G32/SER_hh_num!G32) -> 0 | H32: =IF(SER_hh_emi!H32=0,0,1000000*SER_hh_emi!H32/SER_hh_num!H32) -> 0 | I32: =IF(SER_hh_emi!I32=0,0,1000000*SER_hh_emi!I32/SER_hh_num!I32) -> 0 | ... W32: =IF(SER_hh_emi!W32=0,0,1000000*SER_hh_emi!W32/SER_hh_num!W32) -> 0 | DA32: EMI_per_building.kgCO2.LT.Ser.Bld.Thermal.CA.Biomass.Biomass_Waste
A33: Electricity | B33: =IF(SER_hh_emi!B33=0,0,1000000*SER_hh_emi!B33/SER_hh_num!B33) -> 0 | C33: =IF(SER_hh_emi!C33=0,0,1000000*SER_hh_emi!C33/SER_hh_num!C33) -> 0 | D33: =IF(SER_hh_emi!D33=0,0,1000000*SER_hh_emi!D33/SER_hh_num!D33) -> 0 | E33: =IF(SER_hh_emi!E33=0,0,1000000*SER_hh_emi!E33/SER_hh_num!E33) -> 0 | F33: =IF(SER_hh_emi!F33=0,0,1000000*SER_hh_emi!F33/SER_hh_num!F33) -> 0 | G33: =IF(SER_hh_emi!G33=0,0,1000000*SER_hh_emi!G33/SER_hh_num!G33) -> 0 | H33: =IF(SER_hh_emi!H33=0,0,1000000*SER_hh_emi!H33/SER_hh_num!H33) -> 0 | I33: =IF(SER_hh_emi!I33=0,0,1000000*SER_hh_emi!I33/SER_hh_num!I33) -> 0 | ... W33: =IF(SER_hh_emi!W33=0,0,1000000*SER_hh_emi!W33/SER_hh_num!W33) -> 0 | DA33: EMI_per_building.kgCO2.LT.Ser.Bld.Thermal.CA.Elc.Elec

Sheet SER_hh_fecs
A1: LT - Final energy consumption per useful surface area | B1: 2000 | C1: 2001 | D1: 2002 | E1: 2003 | F1: 2004 | G1: 2005 | H1: 2006 | I1: 2007 | J1: 2008 | K1: 2009 | L1: 2010 | M1: 2011 | N1: 2012 | O1: 2013 | P1: 2014 | Q1: 2015 | R1: 2016 | S1: 2017 | T1: 2018 | U1: 2019 | V1: 2020 | W1: 2021 | DA1: Code
A3: Final energy consumption (kWh / sqm) | B3: =IF(SER_hh_fech!B3=0,0,SER_hh_fech!B3/SER_summary!B$26) -> 159.54372 | C3: =IF(SER_hh_fech!C3=0,0,SER_hh_fech!C3/SER_summary!C$26) -> 153.17331 | D3: =IF(SER_hh_fech!D3=0,0,SER_hh_fech!D3/SER_summary!D$26) -> 149.463 | E3: =IF(SER_hh_fech!E3=0,0,SER_hh_fech!E3/SER_summary!E$26) -> 144.43967 | F3: =IF(SER_hh_fech!F3=0,0,SER_hh_fech!F3/SER_summary!F$26) -> 141.8504 | G3: =IF(SER_hh_fech!G3=0,0,SER_hh_fech!G3/SER_summary!G$26) -> 135.68263 | H3: =IF(SER_hh_fech!H3=0,0,SER_hh_fech!H3/SER_summary!H$26) -> 142.00335 | I3: =IF(SER_hh_fech!I3=0,0,SER_hh_fech!I3/SER_summary!I$26) -> 130.79525 | ... W3: =IF(SER_hh_fech!W3=0,0,SER_hh_fech!W3/SER_summary!W$26) -> 103.29005 | DA3: FEC_per_sqm.kWh.LT.Ser.Bld.Thermal
A4: Space heating | B4: =IF(SER_hh_fech!B4=0,0,SER_hh_fech!B4/SER_summary!B$26) -> 131.17178 | C4: =IF(SER_hh_fech!C4=0,0,SER_hh_fech!C4/SER_summary!C$26) -> 125.21893 | D4: =IF(SER_hh_fech!D4=0,0,SER_hh_fech!D4/SER_summary!D$26) -> 121.64569 | E4: =IF(SER_hh_fech!E4=0,0,SER_hh_fech!E4/SER_summary!E$26) -> 117.35799 | F4: =IF(SER_hh_fech!F4=0,0,SER_hh_fech!F4/SER_summary!F$26) -> 114.71001 | G4: =IF(SER_hh_fech!G4=0,0,SER_hh_fech!G4/SER_summary!G$26) -> 108.43405 | H4: =IF(SER_hh_fech!H4=0,0,SER_hh_fech!H4/SER_summary!H$26) -> 113.72726 | I4: =IF(SER_hh_fech!I4=0,0,SER_hh_fech!I4/SER_summary!I$26) -> 103.54589 | ... W4: =IF(SER_hh_fech!W4=0,0,SER_hh_fech!W4/SER_summary!W$26) -> 77.573102 | DA4: FEC_per_sqm.kWh.LT.Ser.Bld.Thermal.SH
A5: Solids | B5: =IF(SER_hh_fech!B5=0,0,SER_hh_fech!B5/SER_summary!B$26) -> 169.74921 | C5: =IF(SER_hh_fech!C5=0,0,SER_hh_fech!C5/SER_summary!C$26) -> 141.94331 | D5: =IF(SER_hh_fech!D5=0,0,SER_hh_fech!D5/SER_summary!D$26) -> 152.62055 | E5: =IF(SER_hh_fech!E5=0,0,SER_hh_fech!E5/SER_summary!E$26) -> 143.5354 | F5: =IF(SER_hh_fech!F5=0,0,SER_hh_fech!F5/SER_summary!F$26) -> 125.27969 | G5: =IF(SER_hh_fech!G5=0,0,SER_hh_fech!G5/SER_summary!G$26) -> 128.1681 | H5: =IF(SER_hh_fech!H5=0,0,SER_hh_fech!H5/SER_summary!H$26) -> 161.16125 | I5: =IF(SER_hh_fech!I5=0,0,SER_hh_fech!I5/SER_summary!I$26) -> 118.69156 | ... W5: =IF(SER_hh_fech!W5=0,0,SER_hh_fech!W5/SER_summary!W$26) -> 88.31686 | DA5: FEC_per_sqm.kWh.LT.Ser.Bld.Thermal.SH.Solids.Solids
A6: Liquified petroleum gas (LPG) | B6: =IF(SER_hh_fech!B6=0,0,SER_hh_fech!B6/SER_summary!B$26) -> 0 | C6: =IF(SER_hh_fech!C6=0,0,SER_hh_fech!C6/SER_summary!C$26) -> 0 | D6: =IF(SER_hh_fech!D6=0,0,SER_hh_fech!D6/SER_summary!D$26) -> 0 | E6: =IF(SER_hh_fech!E6=0,0,SER_hh_fech!E6/SER_summary!E$26) -> 0 | F6: =IF(SER_hh_fech!F6=0,0,SER_hh_fech!F6/SER_summary!F$26) -> 0 | G6: =IF(SER_hh_fech!G6=0,0,SER_hh_fech!G6/SER_summary!G$26) -> 0 | H6: =IF(SER_hh_fech!H6=0,0,SER_hh_fech!H6/SER_summary!H$26) -> 0 | I6: =IF(SER_hh_fech!I6=0,0,SER_hh_fech!I6/SER_summary!I$26) -> 0 | ... W6: =IF(SER_hh_fech!W6=0,0,SER_hh_fech!W6/SER_summary!W$26) -> 0 | DA6: FEC_per_sqm.kWh.LT.Ser.Bld.Thermal.SH.LPG.LPG
A7: Diesel oil | B7: =IF(SER_hh_fech!B7=0,0,SER_hh_fech!B7/SER_summary!B$26) -> 202.3426 | C7: =IF(SER_hh_fech!C7=0,0,SER_hh_fech!C7/SER_summary!C$26) -> 161.19424 | D7: =IF(SER_hh_fech!D7=0,0,SER_hh_fech!D7/SER_summary!D$26) -> 195.69747 | E7: =IF(SER_hh_fech!E7=0,0,SER_hh_fech!E7/SER_summary!E$26) -> 154.41592 | F7: =IF(SER_hh_fech!F7=0,0,SER_hh_fech!F7/SER_summary!F$26) -> 180.03086 | G7: =IF(SER_hh_fech!G7=0,0,SER_hh_fech!G7/SER_summary!G$26) -> 154.0333 | H7: =IF(SER_hh_fech!H7=0,0,SER_hh_fech!H7/SER_summary!H$26) -> 136.54899 | I7: =IF(SER_hh_fech!I7=0,0,SER_hh_fech!I7/SER_summary!I$26) -> 138.6607 | ... W7: =IF(SER_hh_fech!W7=0,0,SER_hh_fech!W7/SER_summary!W$26) -> 93.867645 | DA7: FEC_per_sqm.kWh.LT.Ser.Bld.Thermal.SH.Oil.Oil_LiqBio
A8: Gas heat pumps | B8: =IF(SER_hh_fech!B8=0,0,SER_hh_fech!B8/SER_summary!B$26) -> 0 | C8: =IF(SER_hh_fech!C8=0,0,SER_hh_fech!C8/SER_summary!C$26) -> 0 | D8: =IF(SER_hh_fech!D8=0,0,SER_hh_fech!D8/SER_summary!D$26) -> 0 | E8: =IF(SER_hh_fech!E8=0,0,SER_hh_fech!E8/SER_summary!E$26) -> 0 | F8: =IF(SER_hh_fech!F8=0,0,SER_hh_fech!F8/SER_summary!F$26) -> 0 | G8: =IF(SER_hh_fech!G8=0,0,SER_hh_fech!G8/SER_summary!G$26) -> 0 | H8: =IF(SER_hh_fech!H8=0,0,SER_hh_fech!H8/SER_summary!H$26) -> 0 | I8: =IF(SER_hh_fech!I8=0,0,SER_hh_fech!I8/SER_summary!I$26) -> 0 | ... W8: =IF(SER_hh_fech!W8=0,0,SER_hh_fech!W8/SER_summary!W$26) -> 0 | DA8: FEC_per_sqm.kWh.LT.Ser.Bld.Thermal.SH.GasHP.NG_Biogas
A9: Conventional gas heaters | B9: =IF(SER_hh_fech!B9=0,0,SER_hh_fech!B9/SER_summary!B$26) -> 159.41388 | C9: =IF(SER_hh_fech!C9=0,0,SER_hh_fech!C9/SER_summary!C$26) -> 154.98657 | D9: =IF(SER_hh_fech!D9=0,0,SER_hh_fech!D9/SER_summary!D$26) -> 148.29056 | E9: =IF(SER_hh_fech!E9=0,0,SER_hh_fech!E9/SER_summary!E$26) -> 129.8767 | F9: =IF(SER_hh_fech!F9=0,0,SER_hh_fech!F9/SER_summary!F$26) -> 151.63394 | G9: =IF(SER_hh_fech!G9=0,0,SER_hh_fech!G9/SER_summary!G$26) -> 126.10872 | H9: =IF(SER_hh_fech!H9=0,0,SER_hh_fech!H9/SER_summary!H$26) -> 116.50935 | I9: =IF(SER_hh_fech!I9=0,0,SER_hh_fech!I9/SER_summary!I$26) -> 132.04599 | ... W9: =IF(SER_hh_fech!W9=0,0,SER_hh_fech!W9/SER_summary!W$26) -> 80.68965 | DA9: FEC_per_sqm.kWh.LT.Ser.Bld.Thermal.SH.GasTH.NG_Biogas
A10: Biomass | B10: =IF(SER_hh_fech!B10=0,0,SER_hh_fech!B10/SER_summary!B$26) -> 187.6604 | C10: =IF(SER_hh_fech!C10=0,0,SER_hh_fech!C10/SER_summary!C$26) -> 181.76756 | D10: =IF(SER_hh_fech!D10=0,0,SER_hh_fech!D10/SER_summary!D$26) -> 184.58206 | E10: =IF(SER_hh_fech!E10=0,0,SER_hh_fech!E10/SER_summary!E$26) -> 166.84442 | F10: =IF(SER_hh_fech!F10=0,0,SER_hh_fech!F10/SER_summary!F$26) -> 160.9397 | G10: =IF(SER_hh_fech!G10=0,0,SER_hh_fech!G10/SER_summary!G$26) -> 161.00395 | H10: =IF(SER_hh_fech!H10=0,0,SER_hh_fech!H10/SER_summary!H$26) -> 155.69269 | I10: =IF(SER_hh_fech!I10=0,0,SER_hh_fech!I10/SER_summary!I$26) -> 139.14394 | ... W10: =IF(SER_hh_fech!W10=0,0,SER_hh_fech!W10/SER_summary!W$26) -> 104.04835 | DA10: FEC_per_sqm.kWh.LT.Ser.Bld.Thermal.SH.Biomass.Biomass_Waste
A11: Geothermal | B11: =IF(SER_hh_fech!B11=0,0,SER_hh_fech!B11/SER_summary!B$26) -> 0 | C11: =IF(SER_hh_fech!C11=0,0,SER_hh_fech!C11/SER_summary!C$26) -> 0 | D11: =IF(SER_hh_fech!D11=0,0,SER_hh_fech!D11/SER_summary!D$26) -> 0 | E11: =IF(SER_hh_fech!E11=0,0,SER_hh_fech!E11/SER_summary!E$26) -> 0 | F11: =IF(SER_hh_fech!F11=0,0,SER_hh_fech!F11/SER_summary!F$26) -> 0 | G11: =IF(SER_hh_fech!G11=0,0,SER_hh_fech!G11/SER_summary!G$26) -> 0 | H11: =IF(SER_hh_fech!H11=0,0,SER_hh_fech!H11/SER_summary!H$26) -> 0 | I11: =IF(SER_hh_fech!I11=0,0,SER_hh_fech!I11/SER_summary!I$26) -> 0 | ... W11: =IF(SER_hh_fech!W11=0,0,SER_hh_fech!W11/SER_summary!W$26) -> 0 | DA11: FEC_per_sqm.kWh.LT.Ser.Bld.Thermal.SH.Geo.Geo
A12: Distributed heat | B12: =IF(SER_hh_fech!B12=0,0,SER_hh_fech!B12/SER_summary!B$26) -> 109.11261 | C12: =IF(SER_hh_fech!C12=0,0,SER_hh_fech!C12/SER_summary!C$26) -> 108.79749 | D12: =IF(SER_hh_fech!D12=0,0,SER_hh_fech!D12/SER_summary!D$26) -> 103.19381 | E12: =IF(SER_hh_fech!E12=0,0,SER_hh_fech!E12/SER_summary!E$26) -> 102.28102 | F12: =IF(SER_hh_fech!F12=0,0,SER_hh_fech!F12/SER_summary!F$26) -> 99.342726 | G12: =IF(SER_hh_fech!G12=0,0,SER_hh_fech!G12/SER_summary!G$26) -> 94.384947 | H12: =IF(SER_hh_fech!H12=0,0,SER_hh_fech!H12/SER_summary!H$26) -> 99.245248 | I12: =IF(SER_hh_fech!I12=0,0,SER_hh_fech!I12/SER_summary!I$26) -> 91.143032 | ... W12: =IF(SER_hh_fech!W12=0,0,SER_hh_fech!W12/SER_summary!W$26) -> 72.870478 | DA12: FEC_per_sqm.kWh.LT.Ser.Bld.Thermal.SH.DistrHeat.Steam_Distr
A13: Advanced electric heating | B13: =IF(SER_hh_fech!B13=0,0,SER_hh_fech!B13/SER_summary!B$26) -> 51.638937 | C13: =IF(SER_hh_fech!C13=0,0,SER_hh_fech!C13/SER_summary!C$26) -> 59.670209 | D13: =IF(SER_hh_fech!D13=0,0,SER_hh_fech!D13/SER_summary!D$26) -> 44.75037 | E13: =IF(SER_hh_fech!E13=0,0,SER_hh_fech!E13/SER_summary!E$26) -> 52.613438 | F13: =IF(SER_hh_fech!F13=0,0,SER_hh_fech!F13/SER_summary!F$26) -> 47.768865 | G13: =IF(SER_hh_fech!G13=0,0,SER_hh_fech!G13/SER_summary!G$26) -> 46.77884 | H13: =IF(SER_hh_fech!H13=0,0,SER_hh_fech!H13/SER_summary!H$26) -> 39.729391 | I13: =IF(SER_hh_fech!I13=0,0,SER_hh_fech!I13/SER_summary!I$26) -> 32.405826 | ... W13: =IF(SER_hh_fech!W13=0,0,SER_hh_fech!W13/SER_summary!W$26) -> 22.906118 | DA13: FEC_per_sqm.kWh.LT.Ser.Bld.Thermal.SH.AdvElc.Elec
A14: Conventional electric heating | B14: =IF(SER_hh_fech!B14=0,0,SER_hh_fech!B14/SER_summary!B$26) -> 119.85554 | C14: =IF(SER_hh_fech!C14=0,0,SER_hh_fech!C14/SER_summary!C$26) -> 123.91756 | D14: =IF(SER_hh_fech!D14=0,0,SER_hh_fech!D14/SER_summary!D$26) -> 101.59517 | E14: =IF(SER_hh_fech!E14=0,0,SER_hh_fech!E14/SER_summary!E$26) -> 122.51825 | F14: =IF(SER_hh_fech!F14=0,0,SER_hh_fech!F14/SER_summary!F$26) -> 114.74461 | G14: =IF(SER_hh_fech!G14=0,0,SER_hh_fech!G14/SER_summary!G$26) -> 107.2441 | H14: =IF(SER_hh_fech!H14=0,0,SER_hh_fech!H14/SER_summary!H$26) -> 100.2386 | I14: =IF(SER_hh_fech!I14=0,0,SER_hh_fech!I14/SER_summary!I$26) -> 96.995709 | ... W14: =IF(SER_hh_fech!W14=0,0,SER_hh_fech!W14/SER_summary!W$26) -> 74.142801 | DA14: FEC_per_sqm.kWh.LT.Ser.Bld.Thermal.SH.ConvElc.Elec
... A27: Solar (as of total) | B27: =IF(SER_hh_fech!B27=0,0,SER_hh_fech!B27/SER_summary!B$26) -> 0 | C27: =IF(SER_hh_fech!C27=0,0,SER_hh_fech!C27/SER_summary!C$26) -> 0 | D27: =IF(SER_hh_fech!D27=0,0,SER_hh_fech!D27/SER_summary!D$26) -> 0 | E27: =IF(SER_hh_fech!E27=0,0,SER_hh_fech!E27/SER_summary!E$26) -> 0 | F27: =IF(SER_hh_fech!F27=0,0,SER_hh_fech!F27/SER_summary!F$26) -> 0 | G27: =IF(SER_hh_fech!G27=0,0,SER_hh_fech!G27/SER_summary!G$26) -> 0 | H27: =IF(SER_hh_fech!H27=0,0,SER_hh_fech!H27/SER_summary!H$26) -> 0 | I27: =IF(SER_hh_fech!I27=0,0,SER_hh_fech!I27/SER_summary!I$26) -> 0 | ... W27: =IF(SER_hh_fech!W27=0,0,SER_hh_fech!W27/SER_summary!W$26) -> 0 | DA27: FEC_per_sqm.kWh.LT.Ser.Bld.Thermal.HW.TotalSolar.Solar
A28: Solar (as of solar equiped buildings) | B28: =IF(SER_hh_fech!B28=0,0,SER_hh_fech!B28/SER_summary!B$26) -> 0 | C28: =IF(SER_hh_fech!C28=0,0,SER_hh_fech!C28/SER_summary!C$26) -> 0 | D28: =IF(SER_hh_fech!D28=0,0,SER_hh_fech!D28/SER_summary!D$26) -> 0 | E28: =IF(SER_hh_fech!E28=0,0,SER_hh_fech!E28/SER_summary!E$26) -> 0 | F28: =IF(SER_hh_fech!F28=0,0,SER_hh_fech!F28/SER_summary!F$26) -> 0 | G28: =IF(SER_hh_fech!G28=0,0,SER_hh_fech!G28/SER_summary!G$26) -> 0 | H28: =IF(SER_hh_fech!H28=0,0,SER_hh_fech!H28/SER_summary!H$26) -> 0 | I28: =IF(SER_hh_fech!I28=0,0,SER_hh_fech!I28/SER_summary!I$26) -> 0 | ... W28: =IF(SER_hh_fech!W28=0,0,SER_hh_fech!W28/SER_summary!W$26) -> 0
A29: Catering | B29: =IF(SER_hh_fech!B29=0,0,SER_hh_fech!B29/SER_summary!B$26) -> 14.092307 | C29: =IF(SER_hh_fech!C29=0,0,SER_hh_fech!C29/SER_summary!C$26) -> 13.745443 | D29: =IF(SER_hh_fech!D29=0,0,SER_hh_fech!D29/SER_summary!D$26) -> 13.655931 | E29: =IF(SER_hh_fech!E29=0,0,SER_hh_fech!E29/SER_summary!E$26) -> 13.240073 | F29: =IF(SER_hh_fech!F29=0,0,SER_hh_fech!F29/SER_summary!F$26) -> 12.921722 | G29: =IF(SER_hh_fech!G29=0,0,SER_hh_fech!G29/SER_summary!G$26) -> 12.860298 | H29: =IF(SER_hh_fech!H29=0,0,SER_hh_fech!H29/SER_summary!H$26) -> 13.376721 | I29: =IF(SER_hh_fech!I29=0,0,SER_hh_fech!I29/SER_summary!I$26) -> 12.913907 | ... W29: =IF(SER_hh_fech!W29=0,0,SER_hh_fech!W29/SER_summary!W$26) -> 11.565653 | DA29: FEC_per_sqm.kWh.LT.Ser.Bld.Thermal.CA
A30: Liquified petroleum gas (LPG) | B30: =IF(SER_hh_fech!B30=0,0,SER_hh_fech!B30/SER_summary!B$26) -> 0 | C30: =IF(SER_hh_fech!C30=0,0,SER_hh_fech!C30/SER_summary!C$26) -> 0 | D30: =IF(SER_hh_fech!D30=0,0,SER_hh_fech!D30/SER_summary!D$26) -> 0 | E30: =IF(SER_hh_fech!E30=0,0,SER_hh_fech!E30/SER_summary!E$26) -> 0 | F30: =IF(SER_hh_fech!F30=0,0,SER_hh_fech!F30/SER_summary!F$26) -> 0 | G30: =IF(SER_hh_fech!G30=0,0,SER_hh_fech!G30/SER_summary!G$26) -> 0 | H30: =IF(SER_hh_fech!H30=0,0,SER_hh_fech!H30/SER_summary!H$26) -> 0 | I30: =IF(SER_hh_fech!I30=0,0,SER_hh_fech!I30/SER_summary!I$26) -> 0 | ... W30: =IF(SER_hh_fech!W30=0,0,SER_hh_fech!W30/SER_summary!W$26) -> 0 | DA30: FEC_per_sqm.kWh.LT.Ser.Bld.Thermal.CA.LPG
A31: Natural gas | B31: =IF(SER_hh_fech!B31=0,0,SER_hh_fech!B31/SER_summary!B$26) -> 16.669965 | C31: =IF(SER_hh_fech!C31=0,0,SER_hh_fech!C31/SER_summary!C$26) -> 16.531324 | D31: =IF(SER_hh_fech!D31=0,0,SER_hh_fech!D31/SER_summary!D$26) -> 17.125013 | E31: =IF(SER_hh_fech!E31=0,0,SER_hh_fech!E31/SER_summary!E$26) -> 16.828399 | F31: =IF(SER_hh_fech!F31=0,0,SER_hh_fech!F31/SER_summary!F$26) -> 15.22201 | G31: =IF(SER_hh_fech!G31=0,0,SER_hh_fech!G31/SER_summary!G$26) -> 15.335003 | H31: =IF(SER_hh_fech!H31=0,0,SER_hh_fech!H31/SER_summary!H$26) -> 14.668075 | I31: =IF(SER_hh_fech!I31=0,0,SER_hh_fech!I31/SER_summary!I$26) -> 16.374447 | ... W31: =IF(SER_hh_fech!W31=0,0,SER_hh_fech!W31/SER_summary!W$26) -> 14.796566 | DA31: FEC_per_sqm.kWh.LT.Ser.Bld.Thermal.CA.Gas.NG_Biogas
A32: Biomass | B32: =IF(SER_hh_fech!B32=0,0,SER_hh_fech!B32/SER_summary!B$26) -> 0 | C32: =IF(SER_hh_fech!C32=0,0,SER_hh_fech!C32/SER_summary!C$26) -> 0 | D32: =IF(SER_hh_fech!D32=0,0,SER_hh_fech!D32/SER_summary!D$26) -> 0 | E32: =IF(SER_hh_fech!E32=0,0,SER_hh_fech!E32/SER_summary!E$26) -> 0 | F32: =IF(SER_hh_fech!F32=0,0,SER_hh_fech!F32/SER_summary!F$26) -> 0 | G32: =IF(SER_hh_fech!G32=0,0,SER_hh_fech!G32/SER_summary!G$26) -> 22.595942 | H32: =IF(SER_hh_fech!H32=0,0,SER_hh_fech!H32/SER_summary!H$26) -> 15.36384 | I32: =IF(SER_hh_fech!I32=0,0,SER_hh_fech!I32/SER_summary!I$26) -> 12.225773 | ... W32: =IF(SER_hh_fech!W32=0,0,SER_hh_fech!W32/SER_summary!W$26) -> 16.72984 | DA32: FEC_per_sqm.kWh.LT.Ser.Bld.Thermal.CA.Biomass.Biomass_Waste
A33: Electricity | B33: =IF(SER_hh_fech!B33=0,0,SER_hh_fech!B33/SER_summary!B$26) -> 13.338759 | C33: =IF(SER_hh_fech!C33=0,0,SER_hh_fech!C33/SER_summary!C$26) -> 12.894404 | D33: =IF(SER_hh_fech!D33=0,0,SER_hh_fech!D33/SER_summary!D$26) -> 12.537973 | E33: =IF(SER_hh_fech!E33=0,0,SER_hh_fech!E33/SER_summary!E$26) -> 12.107007 | F33: =IF(SER_hh_fech!F33=0,0,SER_hh_fech!F33/SER_summary!F$26) -> 12.234349 | G33: =IF(SER_hh_fech!G33=0,0,SER_hh_fech!G33/SER_summary!G$26) -> 11.986444 | H33: =IF(SER_hh_fech!H33=0,0,SER_hh_fech!H33/SER_summary!H$26) -> 12.917859 | I33: =IF(SER_hh_fech!I33=0,0,SER_hh_fech!I33/SER_summary!I$26) -> 11.708818 | ... W33: =IF(SER_hh_fech!W33=0,0,SER_hh_fech!W33/SER_summary!W$26) -> 10.891121 | DA33: FEC_per_sqm.kWh.LT.Ser.Bld.Thermal.CA.Elc.Elec

Sheet SER_hh_tess
A1: LT - Thermal energy service per useful surface area | B1: 2000 | C1: 2001 | D1: 2002 | E1: 2003 | F1: 2004 | G1: 2005 | H1: 2006 | I1: 2007 | J1: 2008 | K1: 2009 | L1: 2010 | M1: 2011 | N1: 2012 | O1: 2013 | P1: 2014 | Q1: 2015 | R1: 2016 | S1: 2017 | T1: 2018 | U1: 2019 | V1: 2020 | W1: 2021 | DA1: Code
A3: Thermal energy service (kWh useful / sqm) | B3: =IF(SER_hh_tesh!B3=0,0,SER_hh_tesh!B3/SER_summary!B$26) -> 99.148467 | C3: =IF(SER_hh_tesh!C3=0,0,SER_hh_tesh!C3/SER_summary!C$26) -> 97.186331 | D3: =IF(SER_hh_tesh!D3=0,0,SER_hh_tesh!D3/SER_summary!D$26) -> 94.959889 | E3: =IF(SER_hh_tesh!E3=0,0,SER_hh_tesh!E3/SER_summary!E$26) -> 93.753935 | F3: =IF(SER_hh_tesh!F3=0,0,SER_hh_tesh!F3/SER_summary!F$26) -> 92.740593 | G3: =IF(SER_hh_tesh!G3=0,0,SER_hh_tesh!G3/SER_summary!G$26) -> 89.566242 | H3: =IF(SER_hh_tesh!H3=0,0,SER_hh_tesh!H3/SER_summary!H$26) -> 94.405068 | I3: =IF(SER_hh_tesh!I3=0,0,SER_hh_tesh!I3/SER_summary!I$26) -> 87.901799 | ... W3: =IF(SER_hh_tesh!W3=0,0,SER_hh_tesh!W3/SER_summary!W$26) -> 80.706477 | DA3: TES_per_sqm.kWh.LT.Ser.Bld.Thermal
A4: Space heating | B4: =IF(SER_hh_tesh!B4=0,0,SER_hh_tesh!B4/SER_summary!B$26) -> 79.835256 | C4: =IF(SER_hh_tesh!C4=0,0,SER_hh_tesh!C4/SER_summary!C$26) -> 77.926586 | D4: =IF(SER_hh_tesh!D4=0,0,SER_hh_tesh!D4/SER_summary!D$26) -> 75.650457 | E4: =IF(SER_hh_tesh!E4=0,0,SER_hh_tesh!E4/SER_summary!E$26) -> 74.846155 | F4: =IF(SER_hh_tesh!F4=0,0,SER_hh_tesh!F4/SER_summary!F$26) -> 73.578119 | G4: =IF(SER_hh_tesh!G4=0,0,SER_hh_tesh!G4/SER_summary!G$26) -> 70.186495 | H4: =IF(SER_hh_tesh!H4=0,0,SER_hh_tesh!H4/SER_summary!H$26) -> 74.021428 | I4: =IF(SER_hh_tesh!I4=0,0,SER_hh_tesh!I4/SER_summary!I$26) -> 68.377768 | ... W4: =IF(SER_hh_tesh!W4=0,0,SER_hh_tesh!W4/SER_summary!W$26) -> 58.313442 | DA4: TES_per_sqm.kWh.LT.Ser.Bld.Thermal.SH
A5: Solids | B5: =IF(SER_hh_tesh!B5=0,0,SER_hh_tesh!B5/SER_summary!B$26) -> 83.094772 | C5: =IF(SER_hh_tesh!C5=0,0,SER_hh_tesh!C5/SER_summary!C$26) -> 70.09156 | D5: =IF(SER_hh_tesh!D5=0,0,SER_hh_tesh!D5/SER_summary!D$26) -> 77.004802 | E5: =IF(SER_hh_tesh!E5=0,0,SER_hh_tesh!E5/SER_summary!E$26) -> 73.868145 | F5: =IF(SER_hh_tesh!F5=0,0,SER_hh_tesh!F5/SER_summary!F$26) -> 66.064261 | G5: =IF(SER_hh_tesh!G5=0,0,SER_hh_tesh!G5/SER_summary!G$26) -> 69.255762 | H5: =IF(SER_hh_tesh!H5=0,0,SER_hh_tesh!H5/SER_summary!H$26) -> 88.563329 | I5: =IF(SER_hh_tesh!I5=0,0,SER_hh_tesh!I5/SER_summary!I$26) -> 66.150529 | ... W5: =IF(SER_hh_tesh!W5=0,0,SER_hh_tesh!W5/SER_summary!W$26) -> 58.008211 | DA5: TES_per_sqm.kWh.LT.Ser.Bld.Thermal.SH.Solids.Solids
A6: Liquified petroleum gas (LPG) | B6: =IF(SER_hh_tesh!B6=0,0,SER_hh_tesh!B6/SER_summary!B$26) -> 0 | C6: =IF(SER_hh_tesh!C6=0,0,SER_hh_tesh!C6/SER_summary!C$26) -> 0 | D6: =IF(SER_hh_tesh!D6=0,0,SER_hh_tesh!D6/SER_summary!D$26) -> 0 | E6: =IF(SER_hh_tesh!E6=0,0,SER_hh_tesh!E6/SER_summary!E$26) -> 0 | F6: =IF(SER_hh_tesh!F6=0,0,SER_hh_tesh!F6/SER_summary!F$26) -> 0 | G6: =IF(SER_hh_tesh!G6=0,0,SER_hh_tesh!G6/SER_summary!G$26) -> 0 | H6: =IF(SER_hh_tesh!H6=0,0,SER_hh_tesh!H6/SER_summary!H$26) -> 0 | I6: =IF(SER_hh_tesh!I6=0,0,SER_hh_tesh!I6/SER_summary!I$26) -> 0 | ... W6: =IF(SER_hh_tesh!W6=0,0,SER_hh_tesh!W6/SER_summary!W$26) -> 0 | DA6: TES_per_sqm.kWh.LT.Ser.Bld.Thermal.SH.LPG.LPG
A7: Diesel oil | B7: =IF(SER_hh_tesh!B7=0,0,SER_hh_tesh!B7/SER_summary!B$26) -> 85.731888 | C7: =IF(SER_hh_tesh!C7=0,0,SER_hh_tesh!C7/SER_summary!C$26) -> 68.297465 | D7: =IF(SER_hh_tesh!D7=0,0,SER_hh_tesh!D7/SER_summary!D$26) -> 82.916369 | E7: =IF(SER_hh_tesh!E7=0,0,SER_hh_tesh!E7/SER_summary!E$26) -> 65.425516 | F7: =IF(SER_hh_tesh!F7=0,0,SER_hh_tesh!F7/SER_summary!F$26) -> 76.278478 | G7: =IF(SER_hh_tesh!G7=0,0,SER_hh_tesh!G7/SER_summary!G$26) -> 65.263399 | H7: =IF(SER_hh_tesh!H7=0,0,SER_hh_tesh!H7/SER_summary!H$26) -> 57.855357 | I7: =IF(SER_hh_tesh!I7=0,0,SER_hh_tesh!I7/SER_summary!I$26) -> 58.750078 | ... W7: =IF(SER_hh_tesh!W7=0,0,SER_hh_tesh!W7/SER_summary!W$26) -> 56.411056 | DA7: TES_per_sqm.kWh.LT.Ser.Bld.Thermal.SH.Oil.Oil_LiqBio
A8: Gas heat pumps | B8: =IF(SER_hh_tesh!B8=0,0,SER_hh_tesh!B8/SER_summary!B$26) -> 0 | C8: =IF(SER_hh_tesh!C8=0,0,SER_hh_tesh!C8/SER_summary!C$26) -> 0 | D8: =IF(SER_hh_tesh!D8=0,0,SER_hh_tesh!D8/SER_summary!D$26) -> 0 | E8: =IF(SER_hh_tesh!E8=0,0,SER_hh_tesh!E8/SER_summary!E$26) -> 0 | F8: =IF(SER_hh_tesh!F8=0,0,SER_hh_tesh!F8/SER_summary!F$26) -> 0 | G8: =IF(SER_hh_tesh!G8=0,0,SER_hh_tesh!G8/SER_summary!G$26) -> 0 | H8: =IF(SER_hh_tesh!H8=0,0,SER_hh_tesh!H8/SER_summary!H$26) -> 0 | I8: =IF(SER_hh_tesh!I8=0,0,SER_hh_tesh!I8/SER_summary!I$26) -> 0 | ... W8: =IF(SER_hh_tesh!W8=0,0,SER_hh_tesh!W8/SER_summary!W$26) -> 0 | DA8: TES_per_sqm.kWh.LT.Ser.Bld.Thermal.SH.GasHP.NG_Biogas
A9: Conventional gas heaters | B9: =IF(SER_hh_tesh!B9=0,0,SER_hh_tesh!B9/SER_summary!B$26) -> 74.244246 | C9: =IF(SER_hh_tesh!C9=0,0,SER_hh_tesh!C9/SER_summary!C$26) -> 74.357621 | D9: =IF(SER_hh_tesh!D9=0,0,SER_hh_tesh!D9/SER_summary!D$26) -> 73.78263 | E9: =IF(SER_hh_tesh!E9=0,0,SER_hh_tesh!E9/SER_summary!E$26) -> 66.508434 | F9: =IF(SER_hh_tesh!F9=0,0,SER_hh_tesh!F9/SER_summary!F$26) -> 79.787568 | G9: =IF(SER_hh_tesh!G9=0,0,SER_hh_tesh!G9/SER_summary!G$26) -> 67.676131 | H9: =IF(SER_hh_tesh!H9=0,0,SER_hh_tesh!H9/SER_summary!H$26) -> 63.702266 | I9: =IF(SER_hh_tesh!I9=0,0,SER_hh_tesh!I9/SER_summary!I$26) -> 73.562916 | ... W9: =IF(SER_hh_tesh!W9=0,0,SER_hh_tesh!W9/SER_summary!W$26) -> 54.690762 | DA9: TES_per_sqm.kWh.LT.Ser.Bld.Thermal.SH.GasTH.NG_Biogas
A10: Biomass | B10: =IF(SER_hh_tesh!B10=0,0,SER_hh_tesh!B10/SER_summary!B$26) -> 78.491849 | C10: =IF(SER_hh_tesh!C10=0,0,SER_hh_tesh!C10/SER_summary!C$26) -> 77.241063 | D10: =IF(SER_hh_tesh!D10=0,0,SER_hh_tesh!D10/SER_summary!D$26) -> 79.087849 | E10: =IF(SER_hh_tesh!E10=0,0,SER_hh_tesh!E10/SER_summary!E$26) -> 71.893026 | F10: =IF(SER_hh_tesh!F10=0,0,SER_hh_tesh!F10/SER_summary!F$26) -> 69.935584 | G10: =IF(SER_hh_tesh!G10=0,0,SER_hh_tesh!G10/SER_summary!G$26) -> 70.942305 | H10: =IF(SER_hh_tesh!H10=0,0,SER_hh_tesh!H10/SER_summary!H$26) -> 69.849144 | I10: =IF(SER_hh_tesh!I10=0,0,SER_hh_tesh!I10/SER_summary!I$26) -> 63.833491 | ... W10: =IF(SER_hh_tesh!W10=0,0,SER_hh_tesh!W10/SER_summary!W$26) -> 53.088517 | DA10: TES_per_sqm.kWh.LT.Ser.Bld.Thermal.SH.Biomass.Biomass_Waste
A11: Geothermal | B11: =IF(SER_hh_tesh!B11=0,0,SER_hh_tesh!B11/SER_summary!B$26) -> 0 | C11: =IF(SER_hh_tesh!C11=0,0,SER_hh_tesh!C11/SER_summary!C$26) -> 0 | D11: =IF(SER_hh_tesh!D11=0,0,SER_hh_tesh!D11/SER_summary!D$26) -> 0 | E11: =IF(SER_hh_tesh!E11=0,0,SER_hh_tesh!E11/SER_summary!E$26) -> 0 | F11: =IF(SER_hh_tesh!F11=0,0,SER_hh_tesh!F11/SER_summary!F$26) -> 0 | G11: =IF(SER_hh_tesh!G11=0,0,SER_hh_tesh!G11/SER_summary!G$26) -> 0 | H11: =IF(SER_hh_tesh!H11=0,0,SER_hh_tesh!H11/SER_summary!H$26) -> 0 | I11: =IF(SER_hh_tesh!I11=0,0,SER_hh_tesh!I11/SER_summary!I$26) -> 0 | ... W11: =IF(SER_hh_tesh!W11=0,0,SER_hh_tesh!W11/SER_summary!W$26) -> 0 | DA11: TES_per_sqm.kWh.LT.Ser.Bld.Thermal.SH.Geo.Geo
A12: Distributed heat | B12: =IF(SER_hh_tesh!B12=0,0,SER_hh_tesh!B12/SER_summary!B$26) -> 79.024293 | C12: =IF(SER_hh_tesh!C12=0,0,SER_hh_tesh!C12/SER_summary!C$26) -> 79.139044 | D12: =IF(SER_hh_tesh!D12=0,0,SER_hh_tesh!D12/SER_summary!D$26) -> 75.338195 | E12: =IF(SER_hh_tesh!E12=0,0,SER_hh_tesh!E12/SER_summary!E$26) -> 75.031545 | F12: =IF(SER_hh_tesh!F12=0,0,SER_hh_tesh!F12/SER_summary!F$26) -> 73.162273 | G12: =IF(SER_hh_tesh!G12=0,0,SER_hh_tesh!G12/SER_summary!G$26) -> 69.810037 | H12: =IF(SER_hh_tesh!H12=0,0,SER_hh_tesh!H12/SER_summary!H$26) -> 73.670578 | I12: =IF(SER_hh_tesh!I12=0,0,SER_hh_tesh!I12/SER_summary!I$26) -> 68.089119 | ... W12: =IF(SER_hh_tesh!W12=0,0,SER_hh_tesh!W12/SER_summary!W$26) -> 59.062943 | DA12: TES_per_sqm.kWh.LT.Ser.Bld.Thermal.SH.DistrHeat.Steam_Distr
A13: Advanced electric heating | B13: =IF(SER_hh_tesh!B13=0,0,SER_hh_tesh!B13/SER_summary!B$26) -> 65.022894 | C13: =IF(SER_hh_tesh!C13=0,0,SER_hh_tesh!C13/SER_summary!C$26) -> 75.910913 | D13: =IF(SER_hh_tesh!D13=0,0,SER_hh_tesh!D13/SER_summary!D$26) -> 59.576069 | E13: =IF(SER_hh_tesh!E13=0,0,SER_hh_tesh!E13/SER_summary!E$26) -> 73.485427 | F13: =IF(SER_hh_tesh!F13=0,0,SER_hh_tesh!F13/SER_summary!F$26) -> 69.712067 | G13: =IF(SER_hh_tesh!G13=0,0,SER_hh_tesh!G13/SER_summary!G$26) -> 71.407107 | H13: =IF(SER_hh_tesh!H13=0,0,SER_hh_tesh!H13/SER_summary!H$26) -> 63.853709 | I13: =IF(SER_hh_tesh!I13=0,0,SER_hh_tesh!I13/SER_summary!I$26) -> 55.008096 | ... W13: =IF(SER_hh_tesh!W13=0,0,SER_hh_tesh!W13/SER_summary!W$26) -> 67.462852 | DA13: TES_per_sqm.kWh.LT.Ser.Bld.Thermal.SH.AdvElc.Elec
A14: Conventional electric heating | B14: =IF(SER_hh_tesh!B14=0,0,SER_hh_tesh!B14/SER_summary!B$26) -> 77.125192 | C14: =IF(SER_hh_tesh!C14=0,0,SER_hh_tesh!C14/SER_summary!C$26) -> 80.207326 | D14: =IF(SER_hh_tesh!D14=0,0,SER_hh_tesh!D14/SER_summary!D$26) -> 66.471916 | E14: =IF(SER_hh_tesh!E14=0,0,SER_hh_tesh!E14/SER_summary!E$26) -> 81.057188 | F14: =IF(SER_hh_tesh!F14=0,0,SER_hh_tesh!F14/SER_summary!F$26) -> 76.465322 | G14: =IF(SER_hh_tesh!G14=0,0,SER_hh_tesh!G14/SER_summary!G$26) -> 71.889607 | H14: =IF(SER_hh_tesh!H14=0,0,SER_hh_tesh!H14/SER_summary!H$26) -> 67.644905 | I14: =IF(SER_hh_tesh!I14=0,0,SER_hh_tesh!I14/SER_summary!I$26) -> 65.752067 | ... W14: =IF(SER_hh_tesh!W14=0,0,SER_hh_tesh!W14/SER_summary!W$26) -> 61.376718 | DA14: TES_per_sqm.kWh.LT.Ser.Bld.Thermal.SH.ConvElc.Elec
... A27: Solar (as of total) | B27: =IF(SER_hh_tesh!B27=0,0,SER_hh_tesh!B27/SER_summary!B$26) -> 0 | C27: =IF(SER_hh_tesh!C27=0,0,SER_hh_tesh!C27/SER_summary!C$26) -> 0 | D27: =IF(SER_hh_tesh!D27=0,0,SER_hh_tesh!D27/SER_summary!D$26) -> 0 | E27: =IF(SER_hh_tesh!E27=0,0,SER_hh_tesh!E27/SER_summary!E$26) -> 0 | F27: =IF(SER_hh_tesh!F27=0,0,SER_hh_tesh!F27/SER_summary!F$26) -> 0 | G27: =IF(SER_hh_tesh!G27=0,0,SER_hh_tesh!G27/SER_summary!G$26) -> 0 | H27: =IF(SER_hh_tesh!H27=0,0,SER_hh_tesh!H27/SER_summary!H$26) -> 0 | I27: =IF(SER_hh_tesh!I27=0,0,SER_hh_tesh!I27/SER_summary!I$26) -> 0 | ... W27: =IF(SER_hh_tesh!W27=0,0,SER_hh_tesh!W27/SER_summary!W$26) -> 0 | DA27: TES_per_sqm.kWh.LT.Ser.Bld.Thermal.HW.TotalSolar.Solar
A28: Solar (as of solar equiped buildings) | B28: =IF(SER_hh_tesh!B28=0,0,SER_hh_tesh!B28/SER_summary!B$26) -> 0 | C28: =IF(SER_hh_tesh!C28=0,0,SER_hh_tesh!C28/SER_summary!C$26) -> 0 | D28: =IF(SER_hh_tesh!D28=0,0,SER_hh_tesh!D28/SER_summary!D$26) -> 0 | E28: =IF(SER_hh_tesh!E28=0,0,SER_hh_tesh!E28/SER_summary!E$26) -> 0 | F28: =IF(SER_hh_tesh!F28=0,0,SER_hh_tesh!F28/SER_summary!F$26) -> 0 | G28: =IF(SER_hh_tesh!G28=0,0,SER_hh_tesh!G28/SER_summary!G$26) -> 0 | H28: =IF(SER_hh_tesh!H28=0,0,SER_hh_tesh!H28/SER_summary!H$26) -> 0 | I28: =IF(SER_hh_tesh!I28=0,0,SER_hh_tesh!I28/SER_summary!I$26) -> 0 | ... W28: =IF(SER_hh_tesh!W28=0,0,SER_hh_tesh!W28/SER_summary!W$26) -> 0
A29: Catering | B29: =IF(SER_hh_tesh!B29=0,0,SER_hh_tesh!B29/SER_summary!B$26) -> 9.6219391 | C29: =IF(SER_hh_tesh!C29=0,0,SER_hh_tesh!C29/SER_summary!C$26) -> 9.3757255 | D29: =IF(SER_hh_tesh!D29=0,0,SER_hh_tesh!D29/SER_summary!D$26) -> 9.2827659 | E29: =IF(SER_hh_tesh!E29=0,0,SER_hh_tesh!E29/SER_summary!E$26) -> 9.029416 | F29: =IF(SER_hh_tesh!F29=0,0,SER_hh_tesh!F29/SER_summary!F$26) -> 8.9146324 | G29: =IF(SER_hh_tesh!G29=0,0,SER_hh_tesh!G29/SER_summary!G$26) -> 8.851392 | H29: =IF(SER_hh_tesh!H29=0,0,SER_hh_tesh!H29/SER_summary!H$26) -> 9.2544576 | I29: =IF(SER_hh_tesh!I29=0,0,SER_hh_tesh!I29/SER_summary!I$26) -> 8.8348438 | ... W29: =IF(SER_hh_tesh!W29=0,0,SER_hh_tesh!W29/SER_summary!W$26) -> 8.889284 | DA29: TES_per_sqm.kWh.LT.Ser.Bld.Thermal.CA
A30: Liquified petroleum gas (LPG) | B30: =IF(SER_hh_tesh!B30=0,0,SER_hh_tesh!B30/SER_summary!B$26) -> 0 | C30: =IF(SER_hh_tesh!C30=0,0,SER_hh_tesh!C30/SER_summary!C$26) -> 0 | D30: =IF(SER_hh_tesh!D30=0,0,SER_hh_tesh!D30/SER_summary!D$26) -> 0 | E30: =IF(SER_hh_tesh!E30=0,0,SER_hh_tesh!E30/SER_summary!E$26) -> 0 | F30: =IF(SER_hh_tesh!F30=0,0,SER_hh_tesh!F30/SER_summary!F$26) -> 0 | G30: =IF(SER_hh_tesh!G30=0,0,SER_hh_tesh!G30/SER_summary!G$26) -> 0 | H30: =IF(SER_hh_tesh!H30=0,0,SER_hh_tesh!H30/SER_summary!H$26) -> 0 | I30: =IF(SER_hh_tesh!I30=0,0,SER_hh_tesh!I30/SER_summary!I$26) -> 0 | ... W30: =IF(SER_hh_tesh!W30=0,0,SER_hh_tesh!W30/SER_summary!W$26) -> 0 | DA30: TES_per_sqm.kWh.LT.Ser.Bld.Thermal.CA.LPG
A31: Natural gas | B31: =IF(SER_hh_tesh!B31=0,0,SER_hh_tesh!B31/SER_summary!B$26) -> 9.3055531 | C31: =IF(SER_hh_tesh!C31=0,0,SER_hh_tesh!C31/SER_summary!C$26) -> 9.2474145 | D31: =IF(SER_hh_tesh!D31=0,0,SER_hh_tesh!D31/SER_summary!D$26) -> 9.6018888 | E31: =IF(SER_hh_tesh!E31=0,0,SER_hh_tesh!E31/SER_summary!E$26) -> 9.4548174 | F31: =IF(SER_hh_tesh!F31=0,0,SER_hh_tesh!F31/SER_summary!F$26) -> 8.5669953 | G31: =IF(SER_hh_tesh!G31=0,0,SER_hh_tesh!G31/SER_summary!G$26) -> 8.6513679 | H31: =IF(SER_hh_tesh!H31=0,0,SER_hh_tesh!H31/SER_summary!H$26) -> 8.2982783 | I31: =IF(SER_hh_tesh!I31=0,0,SER_hh_tesh!I31/SER_summary!I$26) -> 9.2942618 | ... W31: =IF(SER_hh_tesh!W31=0,0,SER_hh_tesh!W31/SER_summary!W$26) -> 8.5880111 | DA31: TES_per_sqm.kWh.LT.Ser.Bld.Thermal.CA.Gas.NG_Biogas
A32: Biomass | B32: =IF(SER_hh_tesh!B32=0,0,SER_hh_tesh!B32/SER_summary!B$26) -> 0 | C32: =IF(SER_hh_tesh!C32=0,0,SER_hh_tesh!C32/SER_summary!C$26) -> 0 | D32: =IF(SER_hh_tesh!D32=0,0,SER_hh_tesh!D32/SER_summary!D$26) -> 0 | E32: =IF(SER_hh_tesh!E32=0,0,SER_hh_tesh!E32/SER_summary!E$26) -> 0 | F32: =IF(SER_hh_tesh!F32=0,0,SER_hh_tesh!F32/SER_summary!F$26) -> 0 | G32: =IF(SER_hh_tesh!G32=0,0,SER_hh_tesh!G32/SER_summary!G$26) -> 12.799189 | H32: =IF(SER_hh_tesh!H32=0,0,SER_hh_tesh!H32/SER_summary!H$26) -> 8.7044485 | I32: =IF(SER_hh_tesh!I32=0,0,SER_hh_tesh!I32/SER_summary!I$26) -> 6.9280971 | ... W32: =IF(SER_hh_tesh!W32=0,0,SER_hh_tesh!W32/SER_summary!W$26) -> 9.5986879 | DA32: TES_per_sqm.kWh.LT.Ser.Bld.Thermal.CA.Biomass.Biomass_Waste
A33: Electricity | B33: =IF(SER_hh_tesh!B33=0,0,SER_hh_tesh!B33/SER_summary!B$26) -> 9.7144309 | C33: =IF(SER_hh_tesh!C33=0,0,SER_hh_tesh!C33/SER_summary!C$26) -> 9.4149223 | D33: =IF(SER_hh_tesh!D33=0,0,SER_hh_tesh!D33/SER_summary!D$26) -> 9.1799242 | E33: =IF(SER_hh_tesh!E33=0,0,SER_hh_tesh!E33/SER_summary!E$26) -> 8.8950894 | F33: =IF(SER_hh_tesh!F33=0,0,SER_hh_tesh!F33/SER_summary!F$26) -> 9.0185135 | G33: =IF(SER_hh_tesh!G33=0,0,SER_hh_tesh!G33/SER_summary!G$26) -> 8.8624178 | H33: =IF(SER_hh_tesh!H33=0,0,SER_hh_tesh!H33/SER_summary!H$26) -> 9.5774549 | I33: =IF(SER_hh_tesh!I33=0,0,SER_hh_tesh!I33/SER_summary!I$26) -> 8.7132472 | ... W33: =IF(SER_hh_tesh!W33=0,0,SER_hh_tesh!W33/SER_summary!W$26) -> 8.8729179 | DA33: TES_per_sqm.kWh.LT.Ser.Bld.Thermal.CA.Elc.Elec

Sheet SER_hh_emis
A1: LT - CO2 emissions per useful surface area | B1: 2000 | C1: 2001 | D1: 2002 | E1: 2003 | F1: 2004 | G1: 2005 | H1: 2006 | I1: 2007 | J1: 2008 | K1: 2009 | L1: 2010 | M1: 2011 | N1: 2012 | O1: 2013 | P1: 2014 | Q1: 2015 | R1: 2016 | S1: 2017 | T1: 2018 | U1: 2019 | V1: 2020 | W1: 2021 | DA1: Code
A3: CO2 emissions (kg CO2 / sqm) | B3: =IF(SER_hh_emih!B3=0,0,SER_hh_emih!B3/SER_summary!B$26) -> 11.911651 | C3: =IF(SER_hh_emih!C3=0,0,SER_hh_emih!C3/SER_summary!C$26) -> 9.8387207 | D3: =IF(SER_hh_emih!D3=0,0,SER_hh_emih!D3/SER_summary!D$26) -> 10.708953 | E3: =IF(SER_hh_emih!E3=0,0,SER_hh_emih!E3/SER_summary!E$26) -> 9.66188 | F3: =IF(SER_hh_emih!F3=0,0,SER_hh_emih!F3/SER_summary!F$26) -> 9.9170213 | G3: =IF(SER_hh_emih!G3=0,0,SER_hh_emih!G3/SER_summary!G$26) -> 9.856409 | H3: =IF(SER_hh_emih!H3=0,0,SER_hh_emih!H3/SER_summary!H$26) -> 11.517017 | I3: =IF(SER_hh_emih!I3=0,0,SER_hh_emih!I3/SER_summary!I$26) -> 9.8935197 | ... W3: =IF(SER_hh_emih!W3=0,0,SER_hh_emih!W3/SER_summary!W$26) -> 6.2600192 | DA3: EMI_per_sqm.kgCO2.LT.Ser.Bld.Thermal
A4: Space heating | B4: =IF(SER_hh_emih!B4=0,0,SER_hh_emih!B4/SER_summary!B$26) -> 10.757812 | C4: =IF(SER_hh_emih!C4=0,0,SER_hh_emih!C4/SER_summary!C$26) -> 8.7777868 | D4: =IF(SER_hh_emih!D4=0,0,SER_hh_emih!D4/SER_summary!D$26) -> 9.6151232 | E4: =IF(SER_hh_emih!E4=0,0,SER_hh_emih!E4/SER_summary!E$26) -> 8.6325396 | F4: =IF(SER_hh_emih!F4=0,0,SER_hh_emih!F4/SER_summary!F$26) -> 8.9437968 | G4: =IF(SER_hh_emih!G4=0,0,SER_hh_emih!G4/SER_summary!G$26) -> 8.9078901 | H4: =IF(SER_hh_emih!H4=0,0,SER_hh_emih!H4/SER_summary!H$26) -> 10.541295 | I4: =IF(SER_hh_emih!I4=0,0,SER_hh_emih!I4/SER_summary!I$26) -> 8.7370497 | ... W4: =IF(SER_hh_emih!W4=0,0,SER_hh_emih!W4/SER_summary!W$26) -> 5.6922903 | DA4: EMI_per_sqm.kgCO2.LT.Ser.Bld.Thermal.SH
A5: Solids | B5: =IF(SER_hh_emih!B5=0,0,SER_hh_emih!B5/SER_summary!B$26) -> 58.690133 | C5: =IF(SER_hh_emih!C5=0,0,SER_hh_emih!C5/SER_summary!C$26) -> 49.105819 | D5: =IF(SER_hh_emih!D5=0,0,SER_hh_emih!D5/SER_summary!D$26) -> 52.745662 | E5: =IF(SER_hh_emih!E5=0,0,SER_hh_emih!E5/SER_summary!E$26) -> 49.605836 | F5: =IF(SER_hh_emih!F5=0,0,SER_hh_emih!F5/SER_summary!F$26) -> 43.379535 | G5: =IF(SER_hh_emih!G5=0,0,SER_hh_emih!G5/SER_summary!G$26) -> 44.418723 | H5: =IF(SER_hh_emih!H5=0,0,SER_hh_emih!H5/SER_summary!H$26) -> 55.815946 | I5: =IF(SER_hh_emih!I5=0,0,SER_hh_emih!I5/SER_summary!I$26) -> 41.235141 | ... W5: =IF(SER_hh_emih!W5=0,0,SER_hh_emih!W5/SER_summary!W$26) -> 30.731246 | DA5: EMI_per_sqm.kgCO2.LT.Ser.Bld.Thermal.SH.Solids.Solids
A6: Liquified petroleum gas (LPG) | B6: =IF(SER_hh_emih!B6=0,0,SER_hh_emih!B6/SER_summary!B$26) -> 0 | C6: =IF(SER_hh_emih!C6=0,0,SER_hh_emih!C6/SER_summary!C$26) -> 0 | D6: =IF(SER_hh_emih!D6=0,0,SER_hh_emih!D6/SER_summary!D$26) -> 0 | E6: =IF(SER_hh_emih!E6=0,0,SER_hh_emih!E6/SER_summary!E$26) -> 0 | F6: =IF(SER_hh_emih!F6=0,0,SER_hh_emih!F6/SER_summary!F$26) -> 0 | G6: =IF(SER_hh_emih!G6=0,0,SER_hh_emih!G6/SER_summary!G$26) -> 0 | H6: =IF(SER_hh_emih!H6=0,0,SER_hh_emih!H6/SER_summary!H$26) -> 0 | I6: =IF(SER_hh_emih!I6=0,0,SER_hh_emih!I6/SER_summary!I$26) -> 0 | ... W6: =IF(SER_hh_emih!W6=0,0,SER_hh_emih!W6/SER_summary!W$26) -> 0 | DA6: EMI_per_sqm.kgCO2.LT.Ser.Bld.Thermal.SH.LPG.LPG
A7: Diesel oil | B7: =IF(SER_hh_emih!B7=0,0,SER_hh_emih!B7/SER_summary!B$26) -> 54.581585 | C7: =IF(SER_hh_emih!C7=0,0,SER_hh_emih!C7/SER_summary!C$26) -> 43.065758 | D7: =IF(SER_hh_emih!D7=0,0,SER_hh_emih!D7/SER_summary!D$26) -> 52.039232 | E7: =IF(SER_hh_emih!E7=0,0,SER_hh_emih!E7/SER_summary!E$26) -> 41.834313 | F7: =IF(SER_hh_emih!F7=0,0,SER_hh_emih!F7/SER_summary!F$26) -> 47.861097 | G7: =IF(SER_hh_emih!G7=0,0,SER_hh_emih!G7/SER_summary!G$26) -> 41.000087 | H7: =IF(SER_hh_emih!H7=0,0,SER_hh_emih!H7/SER_summary!H$26) -> 36.332812 | I7: =IF(SER_hh_emih!I7=0,0,SER_hh_emih!I7/SER_summary!I$26) -> 37.324126 | ... W7: =IF(SER_hh_emih!W7=0,0,SER_hh_emih!W7/SER_summary!W$26) -> 24.708398 | DA7: EMI_per_sqm.kgCO2.LT.Ser.Bld.Thermal.SH.Oil.Oil_LiqBio
A8: Gas heat pumps | B8: =IF(SER_hh_emih!B8=0,0,SER_hh_emih!B8/SER_summary!B$26) -> 0 | C8: =IF(SER_hh_emih!C8=0,0,SER_hh_emih!C8/SER_summary!C$26) -> 0 | D8: =IF(SER_hh_emih!D8=0,0,SER_hh_emih!D8/SER_summary!D$26) -> 0 | E8: =IF(SER_hh_emih!E8=0,0,SER_hh_emih!E8/SER_summary!E$26) -> 0 | F8: =IF(SER_hh_emih!F8=0,0,SER_hh_emih!F8/SER_summary!F$26) -> 0 | G8: =IF(SER_hh_emih!G8=0,0,SER_hh_emih!G8/SER_summary!G$26) -> 0 | H8: =IF(SER_hh_emih!H8=0,0,SER_hh_emih!H8/SER_summary!H$26) -> 0 | I8: =IF(SER_hh_emih!I8=0,0,SER_hh_emih!I8/SER_summary!I$26) -> 0 | ... W8: =IF(SER_hh_emih!W8=0,0,SER_hh_emih!W8/SER_summary!W$26) -> 0 | DA8: EMI_per_sqm.kgCO2.LT.Ser.Bld.Thermal.SH.GasHP.NG_Biogas
A9: Conventional gas heaters | B9: =IF(SER_hh_emih!B9=0,0,SER_hh_emih!B9/SER_summary!B$26) -> 32.195227 | C9: =IF(SER_hh_emih!C9=0,0,SER_hh_emih!C9/SER_summary!C$26) -> 31.301088 | D9: =IF(SER_hh_emih!D9=0,0,SER_hh_emih!D9/SER_summary!D$26) -> 29.329787 | E9: =IF(SER_hh_emih!E9=0,0,SER_hh_emih!E9/SER_summary!E$26) -> 25.633053 | F9: =IF(SER_hh_emih!F9=0,0,SER_hh_emih!F9/SER_summary!F$26) -> 30.441919 | G9: =IF(SER_hh_emih!G9=0,0,SER_hh_emih!G9/SER_summary!G$26) -> 25.19527 | H9: =IF(SER_hh_emih!H9=0,0,SER_hh_emih!H9/SER_summary!H$26) -> 23.261862 | I9: =IF(SER_hh_emih!I9=0,0,SER_hh_emih!I9/SER_summary!I$26) -> 26.405202 | ... W9: =IF(SER_hh_emih!W9=0,0,SER_hh_emih!W9/SER_summary!W$26) -> 15.096859 | DA9: EMI_per_sqm.kgCO2.LT.Ser.Bld.Thermal.SH.GasTH.NG_Biogas
A10: Biomass | B10: =IF(SER_hh_emih!B10=0,0,SER_hh_emih!B10/SER_summary!B$26) -> 0 | C10: =IF(SER_hh_emih!C10=0,0,SER_hh_emih!C10/SER_summary!C$26) -> 0 | D10: =IF(SER_hh_emih!D10=0,0,SER_hh_emih!D10/SER_summary!D$26) -> 0 | E10: =IF(SER_hh_emih!E10=0,0,SER_hh_emih!E10/SER_summary!E$26) -> 0 | F10: =IF(SER_hh_emih!F10=0,0,SER_hh_emih!F10/SER_summary!F$26) -> 0 | G10: =IF(SER_hh_emih!G10=0,0,SER_hh_emih!G10/SER_summary!G$26) -> 0 | H10: =IF(SER_hh_emih!H10=0,0,SER_hh_emih!H10/SER_summary!H$26) -> 0 | I10: =IF(SER_hh_emih!I10=0,0,SER_hh_emih!I10/SER_summary!I$26) -> 0 | ... W10: =IF(SER_hh_emih!W10=0,0,SER_hh_emih!W10/SER_summary!W$26) -> 0 | DA10: EMI_per_sqm.kgCO2.LT.Ser.Bld.Thermal.SH.Biomass.Biomass_Waste
A11: Geothermal | B11: =IF(SER_hh_emih!B11=0,0,SER_hh_emih!B11/SER_summary!B$26) -> 0 | C11: =IF(SER_hh_emih!C11=0,0,SER_hh_emih!C11/SER_summary!C$26) -> 0 | D11: =IF(SER_hh_emih!D11=0,0,SER_hh_emih!D11/SER_summary!D$26) -> 0 | E11: =IF(SER_hh_emih!E11=0,0,SER_hh_emih!E11/SER_summary!E$26) -> 0 | F11: =IF(SER_hh_emih!F11=0,0,SER_hh_emih!F11/SER_summary!F$26) -> 0 | G11: =IF(SER_hh_emih!G11=0,0,SER_hh_emih!G11/SER_summary!G$26) -> 0 | H11: =IF(SER_hh_emih!H11=0,0,SER_hh_emih!H11/SER_summary!H$26) -> 0 | I11: =IF(SER_hh_emih!I11=0,0,SER_hh_emih!I11/SER_summary!I$26) -> 0 | ... W11: =IF(SER_hh_emih!W11=0,0,SER_hh_emih!W11/SER_summary!W$26) -> 0 | DA11: EMI_per_sqm.kgCO2.LT.Ser.Bld.Thermal.SH.Geo.Geo
A12: Distributed heat | B12: =IF(SER_hh_emih!B12=0,0,SER_hh_emih!B12/SER_summary!B$26) -> 0 | C12: =IF(SER_hh_emih!C12=0,0,SER_hh_emih!C12/SER_summary!C$26) -> 0 | D12: =IF(SER_hh_emih!D12=0,0,SER_hh_emih!D12/SER_summary!D$26) -> 0 | E12: =IF(SER_hh_emih!E12=0,0,SER_hh_emih!E12/SER_summary!E$26) -> 0 | F12: =IF(SER_hh_emih!F12=0,0,SER_hh_emih!F12/SER_summary!F$26) -> 0 | G12: =IF(SER_hh_emih!G12=0,0,SER_hh_emih!G12/SER_summary!G$26) -> 0 | H12: =IF(SER_hh_emih!H12=0,0,SER_hh_emih!H12/SER_summary!H$26) -> 0 | I12: =IF(SER_hh_emih!I12=0,0,SER_hh_emih!I12/SER_summary!I$26) -> 0 | ... W12: =IF(SER_hh_emih!W12=0,0,SER_hh_emih!W12/SER_summary!W$26) -> 0 | DA12: EMI_per_sqm.kgCO2.LT.Ser.Bld.Thermal.SH.DistrHeat.Steam_Distr
A13: Advanced electric heating | B13: =IF(SER_hh_emih!B13=0,0,SER_hh_emih!B13/SER_summary!B$26) -> 0 | C13: =IF(SER_hh_emih!C13=0,0,SER_hh_emih!C13/SER_summary!C$26) -> 0 | D13: =IF(SER_hh_emih!D13=0,0,SER_hh_emih!D13/SER_summary!D$26) -> 0 | E13: =IF(SER_hh_emih!E13=0,0,SER_hh_emih!E13/SER_summary!E$26) -> 0 | F13: =IF(SER_hh_emih!F13=0,0,SER_hh_emih!F13/SER_summary!F$26) -> 0 | G13: =IF(SER_hh_emih!G13=0,0,SER_hh_emih!G13/SER_summary!G$26) -> 0 | H13: =IF(SER_hh_emih!H13=0,0,SER_hh_emih!H13/SER_summary!H$26) -> 0 | I13: =IF(SER_hh_emih!I13=0,0,SER_hh_emih!I13/SER_summary!I$26) -> 0 | ... W13: =IF(SER_hh_emih!W13=0,0,SER_hh_emih!W13/SER_summary!W$26) -> 0 | DA13: EMI_per_sqm.kgCO2.LT.Ser.Bld.Thermal.SH.AdvElc.Elec
A14: Conventional electric heating | B14: =IF(SER_hh_emih!B14=0,0,SER_hh_emih!B14/SER_summary!B$26) -> 0 | C14: =IF(SER_hh_emih!C14=0,0,SER_hh_emih!C14/SER_summary!C$26) -> 0 | D14: =IF(SER_hh_emih!D14=0,0,SER_hh_emih!D14/SER_summary!D$26) -> 0 | E14: =IF(SER_hh_emih!E14=0,0,SER_hh_emih!E14/SER_summary!E$26) -> 0 | F14: =IF(SER_hh_emih!F14=0,0,SER_hh_emih!F14/SER_summary!F$26) -> 0 | G14: =IF(SER_hh_emih!G14=0,0,SER_hh_emih!G14/SER_summary!G$26) -> 0 | H14: =IF(SER_hh_emih!H14=0,0,SER_hh_emih!H14/SER_summary!H$26) -> 0 | I14: =IF(SER_hh_emih!I14=0,0,SER_hh_emih!I14/SER_summary!I$26) -> 0 | ... W14: =IF(SER_hh_emih!W14=0,0,SER_hh_emih!W14/SER_summary!W$26) -> 0 | DA14: EMI_per_sqm.kgCO2.LT.Ser.Bld.Thermal.SH.ConvElc.Elec
... A27: Solar (as of total) | B27: =IF(SER_hh_emih!B27=0,0,SER_hh_emih!B27/SER_summary!B$26) -> 0 | C27: =IF(SER_hh_emih!C27=0,0,SER_hh_emih!C27/SER_summary!C$26) -> 0 | D27: =IF(SER_hh_emih!D27=0,0,SER_hh_emih!D27/SER_summary!D$26) -> 0 | E27: =IF(SER_hh_emih!E27=0,0,SER_hh_emih!E27/SER_summary!E$26) -> 0 | F27: =IF(SER_hh_emih!F27=0,0,SER_hh_emih!F27/SER_summary!F$26) -> 0 | G27: =IF(SER_hh_emih!G27=0,0,SER_hh_emih!G27/SER_summary!G$26) -> 0 | H27: =IF(SER_hh_emih!H27=0,0,SER_hh_emih!H27/SER_summary!H$26) -> 0 | I27: =IF(SER_hh_emih!I27=0,0,SER_hh_emih!I27/SER_summary!I$26) -> 0 | ... W27: =IF(SER_hh_emih!W27=0,0,SER_hh_emih!W27/SER_summary!W$26) -> 0 | DA27: EMI_per_sqm.kgCO2.LT.Ser.Bld.Thermal.HW.TotalSolar.Solar
A28: Solar (as of solar equiped buildings) | B28: =IF(SER_hh_emih!B28=0,0,SER_hh_emih!B28/SER_summary!B$26) -> 0 | C28: =IF(SER_hh_emih!C28=0,0,SER_hh_emih!C28/SER_summary!C$26) -> 0 | D28: =IF(SER_hh_emih!D28=0,0,SER_hh_emih!D28/SER_summary!D$26) -> 0 | E28: =IF(SER_hh_emih!E28=0,0,SER_hh_emih!E28/SER_summary!E$26) -> 0 | F28: =IF(SER_hh_emih!F28=0,0,SER_hh_emih!F28/SER_summary!F$26) -> 0 | G28: =IF(SER_hh_emih!G28=0,0,SER_hh_emih!G28/SER_summary!G$26) -> 0 | H28: =IF(SER_hh_emih!H28=0,0,SER_hh_emih!H28/SER_summary!H$26) -> 0 | I28: =IF(SER_hh_emih!I28=0,0,SER_hh_emih!I28/SER_summary!I$26) -> 0 | ... W28: =IF(SER_hh_emih!W28=0,0,SER_hh_emih!W28/SER_summary!W$26) -> 0
A29: Catering | B29: =IF(SER_hh_emih!B29=0,0,SER_hh_emih!B29/SER_summary!B$26) -> 0.7615697 | C29: =IF(SER_hh_emih!C29=0,0,SER_hh_emih!C29/SER_summary!C$26) -> 0.78124709 | D29: =IF(SER_hh_emih!D29=0,0,SER_hh_emih!D29/SER_summary!D$26) -> 0.82550461 | E29: =IF(SER_hh_emih!E29=0,0,SER_hh_emih!E29/SER_summary!E$26) -> 0.79707087 | F29: =IF(SER_hh_emih!F29=0,0,SER_hh_emih!F29/SER_summary!F$26) -> 0.70308622 | G29: =IF(SER_hh_emih!G29=0,0,SER_hh_emih!G29/SER_summary!G$26) -> 0.7066885 | H29: =IF(SER_hh_emih!H29=0,0,SER_hh_emih!H29/SER_summary!H$26) -> 0.71244836 | I29: =IF(SER_hh_emih!I29=0,0,SER_hh_emih!I29/SER_summary!I$26) -> 0.84016016 | ... W29: =IF(SER_hh_emih!W29=0,0,SER_hh_emih!W29/SER_summary!W$26) -> 0.24249854 | DA29: EMI_per_sqm.kgCO2.LT.Ser.Bld.Thermal.CA
A30: Liquified petroleum gas (LPG) | B30: =IF(SER_hh_emih!B30=0,0,SER_hh_emih!B30/SER_summary!B$26) -> 0 | C30: =IF(SER_hh_emih!C30=0,0,SER_hh_emih!C30/SER_summary!C$26) -> 0 | D30: =IF(SER_hh_emih!D30=0,0,SER_hh_emih!D30/SER_summary!D$26) -> 0 | E30: =IF(SER_hh_emih!E30=0,0,SER_hh_emih!E30/SER_summary!E$26) -> 0 | F30: =IF(SER_hh_emih!F30=0,0,SER_hh_emih!F30/SER_summary!F$26) -> 0 | G30: =IF(SER_hh_emih!G30=0,0,SER_hh_emih!G30/SER_summary!G$26) -> 0 | H30: =IF(SER_hh_emih!H30=0,0,SER_hh_emih!H30/SER_summary!H$26) -> 0 | I30: =IF(SER_hh_emih!I30=0,0,SER_hh_emih!I30/SER_summary!I$26) -> 0 | ... W30: =IF(SER_hh_emih!W30=0,0,SER_hh_emih!W30/SER_summary!W$26) -> 0 | DA30: EMI_per_sqm.kgCO2.LT.Ser.Bld.Thermal.CA.LPG
A31: Natural gas | B31: =IF(SER_hh_emih!B31=0,0,SER_hh_emih!B31/SER_summary!B$26) -> 3.3666661 | C31: =IF(SER_hh_emih!C31=0,0,SER_hh_emih!C31/SER_summary!C$26) -> 3.3386663 | D31: =IF(SER_hh_emih!D31=0,0,SER_hh_emih!D31/SER_summary!D$26) -> 3.3870868 | E31: =IF(SER_hh_emih!E31=0,0,SER_hh_emih!E31/SER_summary!E$26) -> 3.3213288 | F31: =IF(SER_hh_emih!F31=0,0,SER_hh_emih!F31/SER_summary!F$26) -> 3.0559595 | G31: =IF(SER_hh_emih!G31=0,0,SER_hh_emih!G31/SER_summary!G$26) -> 3.0637814 | H31: =IF(SER_hh_emih!H31=0,0,SER_hh_emih!H31/SER_summary!H$26) -> 2.9285783 | I31: =IF(SER_hh_emih!I31=0,0,SER_hh_emih!I31/SER_summary!I$26) -> 3.2743938 | ... W31: =IF(SER_hh_emih!W31=0,0,SER_hh_emih!W31/SER_summary!W$26) -> 2.7684053 | DA31: EMI_per_sqm.kgCO2.LT.Ser.Bld.Thermal.CA.Gas.NG_Biogas
A32: Biomass | B32: =IF(SER_hh_emih!B32=0,0,SER_hh_emih!B32/SER_summary!B$26) -> 0 | C32: =IF(SER_hh_emih!C32=0,0,SER_hh_emih!C32/SER_summary!C$26) -> 0 | D32: =IF(SER_hh_emih!D32=0,0,SER_hh_emih!D32/SER_summary!D$26) -> 0 | E32: =IF(SER_hh_emih!E32=0,0,SER_hh_emih!E32/SER_summary!E$26) -> 0 | F32: =IF(SER_hh_emih!F32=0,0,SER_hh_emih!F32/SER_summary!F$26) -> 0 | G32: =IF(SER_hh_emih!G32=0,0,SER_hh_emih!G32/SER_summary!G$26) -> 0 | H32: =IF(SER_hh_emih!H32=0,0,SER_hh_emih!H32/SER_summary!H$26) -> 0 | I32: =IF(SER_hh_emih!I32=0,0,SER_hh_emih!I32/SER_summary!I$26) -> 0 | ... W32: =IF(SER_hh_emih!W32=0,0,SER_hh_emih!W32/SER_summary!W$26) -> 0 | DA32: EMI_per_sqm.kgCO2.LT.Ser.Bld.Thermal.CA.Biomass.Biomass_Waste
A33: Electricity | B33: =IF(SER_hh_emih!B33=0,0,SER_hh_emih!B33/SER_summary!B$26) -> 0 | C33: =IF(SER_hh_emih!C33=0,0,SER_hh_emih!C33/SER_summary!C$26) -> 0 | D33: =IF(SER_hh_emih!D33=0,0,SER_hh_emih!D33/SER_summary!D$26) -> 0 | E33: =IF(SER_hh_emih!E33=0,0,SER_hh_emih!E33/SER_summary!E$26) -> 0 | F33: =IF(SER_hh_emih!F33=0,0,SER_hh_emih!F33/SER_summary!F$26) -> 0 | G33: =IF(SER_hh_emih!G33=0,0,SER_hh_emih!G33/SER_summary!G$26) -> 0 | H33: =IF(SER_hh_emih!H33=0,0,SER_hh_emih!H33/SER_summary!H$26) -> 0 | I33: =IF(SER_hh_emih!I33=0,0,SER_hh_emih!I33/SER_summary!I$26) -> 0 | ... W33: =IF(SER_hh_emih!W33=0,0,SER_hh_emih!W33/SER_summary!W$26) -> 0 | DA33: EMI_per_sqm.kgCO2.LT.Ser.Bld.Thermal.CA.Elc.Elec

Sheet SER_hh_num_in
A1: LT - Number of new and renovated buildings | B1: 2000 | C1: 2001 | D1: 2002 | E1: 2003 | F1: 2004 | G1: 2005 | H1: 2006 | I1: 2007 | J1: 2008 | K1: 2009 | L1: 2010 | M1: 2011 | N1: 2012 | O1: 2013 | P1: 2014 | Q1: 2015 | R1: 2016 | S1: 2017 | T1: 2018 | U1: 2019 | V1: 2020 | W1: 2021 | DA1: Code
A3: Stock of buildings | C3: =C4 -> 1430.4074 | D3: =D4 -> 1692.952 | E3: =E4 -> 2500.4578 | F3: =F4 -> 2128.6432 | G3: =G4 -> 2368.604 | H3: =H4 -> 1719.7985 | I3: =I4 -> 4367.4558 | J3: =J4 -> 2149.7718 | ... W3: =W4 -> 339.1656 | DA3: NUM.number.LT.Ser.BldNew.Thermal
A4: Space heating | C4: =SUM(C5:C14) -> 1430.4074 | D4: =SUM(D5:D14) -> 1692.952 | E4: =SUM(E5:E14) -> 2500.4578 | F4: =SUM(F5:F14) -> 2128.6432 | G4: =SUM(G5:G14) -> 2368.604 | H4: =SUM(H5:H14) -> 1719.7985 | I4: =SUM(I5:I14) -> 4367.4558 | J4: =SUM(J5:J14) -> 2149.7718 | ... W4: =SUM(W5:W14) -> 339.1656 | DA4: NUM.number.LT.Ser.BldNew.Thermal.SH
A5: Solids | C5: 89.106425 | D5: 247.52728 | E5: 288.03931 | F5: 381.23816 | G5: 473.07129 | H5: 274.55802 | I5: 319.99035 | J5: 229.03271 | K5: 43.325309 | L5: 111.905 | M5: 140.58296 | N5: 81.276464 | O5: 83.394167 | P5: 6.036199 | Q5: 0 | R5: 57.922617 | S5: 61.699751 | T5: 59.215601 | U5: 19.051095 | V5: 0 | W5: 11.812794 | DA5: NUM.number.LT.Ser.BldNew.Thermal.SH.Solids
A6: Liquified petroleum gas (LPG) | C6: 0 | D6: 0 | E6: 0 | F6: 0 | G6: 0 | H6: 0 | I6: 0 | J6: 0 | K6: 0 | L6: 0 | M6: 0 | N6: 0 | O6: 0 | P6: 0 | Q6: 0 | R6: 0 | S6: 0 | T6: 0 | U6: 0 | V6: 0 | W6: 0 | DA6: NUM.number.LT.Ser.BldNew.Thermal.SH.LPG
A7: Diesel oil | C7: 0 | D7: 0 | E7: 0 | F7: 0 | G7: 0 | H7: 0 | I7: 0 | J7: 19.242416 | K7: 3.3928521 | L7: 11.599483 | M7: 25.728023 | N7: 12.879995 | O7: 14.929826 | P7: 0 | Q7: 0 | R7: 0 | S7: 0 | T7: 0 | U7: 4.0283572 | V7: 4.7580139 | W7: 1.3873454 | DA7: NUM.number.LT.Ser.BldNew.Thermal.SH.Oil
A8: Gas heat pumps | C8: 0 | D8: 0 | E8: 0 | F8: 0 | G8: 0 | H8: 0 | I8: 0 | J8: 0 | K8: 0 | L8: 0 | M8: 0 | N8: 0 | O8: 0 | P8: 0 | Q8: 0 | R8: 0 | S8: 0 | T8: 0 | U8: 0 | V8: 0 | W8: 0 | DA8: NUM.number.LT.Ser.BldNew.Thermal.SH.GasHP
A9: Conventional gas heaters | C9: 141.42405 | D9: 245.89151 | E9: 306.24157 | F9: 359.88167 | G9: 324.79635 | H9: 318.64435 | I9: 625.15574 | J9: 315.75446 | K9: 24.025018 | L9: 68.703323 | M9: 139.42269 | N9: 111.13039 | O9: 184.3223 | P9: 249.50383 | Q9: 195.3473 | R9: 131.82666 | S9: 135.27462 | T9: 157.79964 | U9: 156.4472 | V9: 81.580531 | W9: 63.024527 | DA9: NUM.number.LT.Ser.BldNew.Thermal.SH.GasTH
A10: Biomass | C10: 95.581956 | D10: 48.865239 | E10: 30.08392 | F10: 44.526122 | G10: 86.545534 | H10: 103.37799 | I10: 230.42174 | J10: 207.99731 | K10: 26.55894 | L10: 63.605802 | M10: 157.02866 | N10: 85.521726 | O10: 113.94074 | P10: 83.009425 | Q10: 22.659895 | R10: 0 | S10: 0 | T10: 0.87316957 | U10: 28.127043 | V10: 28.04345 | W10: 26.907128 | DA10: NUM.number.LT.Ser.BldNew.Thermal.SH.Biomass
A11: Geothermal | C11: 0 | D11: 0 | E11: 0 | F11: 0 | G11: 0 | H11: 0 | I11: 0 | J11: 0 | K11: 0 | L11: 0 | M11: 0 | N11: 0 | O11: 0 | P11: 0 | Q11: 0 | R11: 0 | S11: 0 | T11: 0 | U11: 0 | V11: 0 | W11: 0 | DA11: NUM.number.LT.Ser.BldNew.Thermal.SH.Geo
A12: Distributed heat | C12: 993.21708 | D12: 902.35065 | E12: 1500.8443 | F12: 1103.4278 | G12: 1291.8676 | H12: 825.79213 | I12: 3042.3172 | J12: 1329.4124 | K12: 88.351055 | L12: 349.52092 | M12: 680.58307 | N12: 327.95482 | O12: 374.5713 | P12: 658.39668 | Q12: 343.0918 | R12: 385.57896 | S12: 429.01438 | T12: 284.72906 | U12: 246.18536 | V12: 269.40405 | W12: 205.13964 | DA12: NUM.number.LT.Ser.BldNew.Thermal.SH.DistrHeat
A13: Advanced electric heating | C13: 0.30603302 | D13: 0.90819928 | E13: 1.4988932 | F13: 1.6027129 | G13: 2.0891632 | H13: 2.6302846 | I13: 5.852422 | J13: 5.9931994 | K13: 0.92634475 | L13: 3.4601357 | M13: 12.310517 | N13: 11.628283 | O13: 19.154591 | P13: 38.286639 | Q13: 13.626482 | R13: 5.1477863 | S13: 1.4366452 | T13: 3.1704549 | U13: 9.7986783 | V13: 10.893506 | W13: 15.989061 | DA13: NUM.number.LT.Ser.BldNew.Thermal.SH.AdvElc
A14: Conventional electric heating | C14: 110.77182 | D14: 247.40914 | E14: 373.74979 | F14: 237.96672 | G14: 190.23407 | H14: 194.79573 | I14: 143.71831 | J14: 42.339309 | K14: 0 | L14: 0 | M14: 0 | N14: 30.414024 | O14: 6.0365019 | P14: 0 | Q14: 12.243571 | R14: 41.224035 | S14: 52.21264 | T14: 116.55862 | U14: 68.156578 | V14: 29.641875 | W14: 14.905104 | DA14: NUM.number.LT.Ser.BldNew.Thermal.SH.ConvElc
A15: Circulation, other electricity | C15: =SUM(C5:C12) -> 1319.3295 | D15: =SUM(D5:D12) -> 1444.6347 | E15: =SUM(E5:E12) -> 2125.2091 | F15: =SUM(F5:F12) -> 1889.0737 | G15: =SUM(G5:G12) -> 2176.2808 | H15: =SUM(H5:H12) -> 1522.3725 | I15: =SUM(I5:I12) -> 4217.885 | J15: =SUM(J5:J12) -> 2101.4393 | ... W15: =SUM(W5:W12) -> 308.27143
A16: Space cooling | C16: =SUM(C17:C18) -> 338.0192 | D16: =SUM(D17:D18) -> 377.39626 | E16: =SUM(E17:E18) -> 394.93615 | F16: =SUM(F17:F18) -> 427.60503 | G16: =SUM(G17:G18) -> 462.79581 | H16: =SUM(H17:H18) -> 514.33469 | I16: =SUM(I17:I18) -> 606.19881 | J16: =SUM(J17:J18) -> 623.47822 | ... W16: =SUM(W17:W18) -> 339.1656 | DA16: NUM.number.LT.Ser.BldNew.Thermal.SC
A17: Gas heat pumps | C17: 0 | D17: 0 | E17: 0 | F17: 0 | G17: 0 | H17: 0 | I17: 0 | J17: 0 | K17: 0 | L17: 0 | M17: 0 | N17: 0 | O17: 0 | P17: 0 | Q17: 0 | R17: 0 | S17: 0 | T17: 0 | U17: 0 | V17: 0 | W17: 0 | DA17: NUM.number.LT.Ser.BldNew.Thermal.SC.GasHP
A18: Electric space cooling | C18: 338.0192 | D18: 377.39626 | E18: 394.93615 | F18: 427.60503 | G18: 462.79581 | H18: 514.33469 | I18: 606.19881 | J18: 623.47822 | K18: 186.57952 | L18: 434.73098 | M18: 574.90596 | N18: 557.62321 | O18: 618.73997 | P18: 695.00648 | Q18: 586.96905 | R18: 621.70007 | S18: 679.63803 | T18: 622.34655 | U18: 531.79432 | V18: 424.32143 | W18: 339.1656 | DA18: NUM.number.LT.Ser.BldNew.Thermal.SC.AC
A19: Hot water | C19: =SUM(C20:C26) -> 1430.4074 | D19: =SUM(D20:D26) -> 1692.952 | E19: =SUM(E20:E26) -> 2500.4578 | F19: =SUM(F20:F26) -> 2128.6432 | G19: =SUM(G20:G26) -> 2368.604 | H19: =SUM(H20:H26) -> 1719.7985 | I19: =SUM(I20:I26) -> 4367.4558 | J19: =SUM(J20:J26) -> 2149.7718 | ... W19: =SUM(W20:W26) -> 339.1656 | DA19: NUM.number.LT.Ser.BldNew.Thermal.HW
A20: Solids | C20: 0 | D20: 0 | E20: 0 | F20: 0 | G20: 0 | H20: 0 | I20: 0 | J20: 0 | K20: 0 | L20: 0 | M20: 0 | N20: 0 | O20: 0 | P20: 0 | Q20: 0 | R20: 0 | S20: 0 | T20: 0 | U20: 0 | V20: 0 | W20: 0 | DA20: NUM.number.LT.Ser.BldNew.Thermal.HW.Solids
